Chemical_ID,End_Point,BMD_Flag
53,ALL_BUT_MORT,1.0
53,ANY120,
53,ANY24,
53,AXIS,1.0
53,BRN_,1.0
53,CRAN,1.0
53,DP24,
53,EDEM,1.0
53,LTRK,1.0
53,MO24,
53,MORT,
53,MUSC,1.0
53,NC24,
53,NC__,
53,SKIN,
53,SM24,
53,TCHR,1.0
53,TOT_MORT,
54,ALL_BUT_MORT,1.0
54,ANY120,0.0
54,ANY24,0.0
54,AXIS,1.0
54,BRN_,
54,CRAN,
54,DP24,
54,EDEM,
54,LTRK,1.0
54,MO24,0.0
54,MORT,0.0
54,MUSC,1.0
54,NC24,
54,NC__,
54,SKIN,
54,SM24,
54,TCHR,1.0
54,TOT_MORT,0.0
56,ALL_BUT_MORT,
56,ANY120,1.0
56,ANY24,1.0
56,AXIS,
56,BRN_,1.0
56,CRAN,1.0
56,DP24,
56,EDEM,1.0
56,LTRK,
56,MO24,1.0
56,MORT,
56,MUSC,1.0
56,NC24,
56,NC__,1.0
56,SKIN,
56,SM24,
56,TCHR,1.0
56,TOT_MORT,1.0
57,ALL_BUT_MORT,-1.0
57,ANY120,-1.0
57,ANY24,0.0
57,AXIS,-1.0
57,BRN_,0.0
57,CRAN,-1.0
57,DP24,0.0
57,EDEM,-1.0
57,LTRK,-1.0
57,MO24,1.0
57,MORT,0.0
57,MUSC,0.0
57,NC24,
57,NC__,
57,SKIN,
57,SM24,
57,TCHR,0.0
57,TOT_MORT,0.0
58,ALL_BUT_MORT,0.0
58,ANY120,0.0
58,ANY24,0.0
58,AXIS,0.0
58,BRN_,1.0
58,CRAN,1.0
58,DP24,
58,EDEM,1.0
58,LTRK,0.0
58,MO24,0.0
58,MORT,0.0
58,MUSC,
58,NC24,
58,NC__,
58,SKIN,
58,SM24,
58,TCHR,
58,TOT_MORT,0.0
60,ALL_BUT_MORT,1.0
60,ANY120,1.0
60,ANY24,1.0
60,AXIS,1.0
60,BRN_,1.0
60,CRAN,1.0
60,DP24,
60,EDEM,1.0
60,LTRK,
60,MO24,
60,MORT,1.0
60,MUSC,
60,NC24,
60,NC__,
60,SKIN,
60,SM24,
60,TCHR,1.0
60,TOT_MORT,1.0
61,ALL_BUT_MORT,
61,ANY120,-1.0
61,ANY24,-1.0
61,AXIS,0.0
61,BRN_,0.0
61,CRAN,0.0
61,DP24,
61,EDEM,0.0
61,LTRK,0.0
61,MO24,-1.0
61,MORT,0.0
61,MUSC,0.0
61,NC24,
61,NC__,0.0
61,SKIN,1.0
61,SM24,
61,TCHR,1.0
61,TOT_MORT,0.0
62,ALL_BUT_MORT,
62,ANY120,0.0
62,ANY24,0.0
62,AXIS,1.0
62,BRN_,
62,CRAN,
62,DP24,
62,EDEM,
62,LTRK,1.0
62,MO24,0.0
62,MORT,0.0
62,MUSC,
62,NC24,
62,NC__,1.0
62,SKIN,
62,SM24,
62,TCHR,1.0
62,TOT_MORT,0.0
63,ALL_BUT_MORT,0.0
63,ANY120,0.0
63,ANY24,0.0
63,AXIS,0.0
63,BRN_,
63,CRAN,
63,DP24,0.0
63,EDEM,0.0
63,LTRK,
63,MO24,1.0
63,MORT,0.0
63,MUSC,0.0
63,NC24,
63,NC__,
63,SKIN,
63,SM24,
63,TCHR,1.0
63,TOT_MORT,0.0
64,ALL_BUT_MORT,
64,ANY120,
64,ANY24,
64,AXIS,
64,BRN_,
64,CRAN,
64,DP24,
64,EDEM,
64,LTRK,
64,MO24,
64,MORT,
64,MUSC,
64,NC24,
64,NC__,
64,SKIN,
64,SM24,
64,TCHR,
64,TOT_MORT,
65,ALL_BUT_MORT,1.0
65,ANY120,
65,ANY24,
65,AXIS,
65,BRN_,
65,CRAN,
65,DP24,
65,EDEM,1.0
65,LTRK,
65,MO24,
65,MORT,
65,MUSC,
65,NC24,
65,NC__,
65,SKIN,
65,SM24,
65,TCHR,
65,TOT_MORT,
66,ALL_BUT_MORT,1.0
66,ANY120,1.0
66,ANY24,1.0
66,AXIS,
66,BRN_,1.0
66,CRAN,
66,DP24,1.0
66,EDEM,1.0
66,LTRK,
66,MO24,1.0
66,MORT,1.0
66,MUSC,
66,NC24,
66,NC__,
66,SKIN,
66,SM24,
66,TCHR,
66,TOT_MORT,1.0
67,ALL_BUT_MORT,0.0
67,ANY120,0.0
67,ANY24,1.0
67,AXIS,0.0
67,BRN_,0.0
67,CRAN,0.0
67,DP24,
67,EDEM,0.0
67,LTRK,0.0
67,MO24,1.0
67,MORT,0.0
67,MUSC,0.0
67,NC24,
67,NC__,
67,SKIN,
67,SM24,
67,TCHR,0.0
67,TOT_MORT,0.0
69,ALL_BUT_MORT,1.0
69,ANY120,1.0
69,ANY24,
69,AXIS,1.0
69,BRN_,1.0
69,CRAN,1.0
69,DP24,1.0
69,EDEM,1.0
69,LTRK,1.0
69,MO24,
69,MORT,
69,MUSC,1.0
69,NC24,
69,NC__,
69,SKIN,
69,SM24,
69,TCHR,1.0
69,TOT_MORT,
70,ALL_BUT_MORT,0.0
70,ANY120,0.0
70,ANY24,1.0
70,AXIS,0.0
70,BRN_,0.0
70,CRAN,0.0
70,DP24,
70,EDEM,0.0
70,LTRK,
70,MO24,1.0
70,MORT,
70,MUSC,0.0
70,NC24,
70,NC__,
70,SKIN,
70,SM24,
70,TCHR,
70,TOT_MORT,1.0
129,ALL_BUT_MORT,1.0
129,ANY120,0.0
129,ANY24,0.0
129,AXIS,1.0
129,BRN_,1.0
129,CRAN,1.0
129,DP24,
129,EDEM,1.0
129,LTRK,1.0
129,MO24,0.0
129,MORT,0.0
129,MUSC,
129,NC24,
129,NC__,
129,SKIN,
129,SM24,
129,TCHR,
129,TOT_MORT,0.0
155,ALL_BUT_MORT,0.0
155,ANY120,0.0
155,ANY24,1.0
155,AXIS,0.0
155,BRN_,0.0
155,CRAN,0.0
155,DP24,
155,EDEM,0.0
155,LTRK,0.0
155,MO24,1.0
155,MORT,0.0
155,MUSC,1.0
155,NC24,
155,NC__,0.0
155,SKIN,
155,SM24,
155,TCHR,0.0
155,TOT_MORT,0.0
163,ALL_BUT_MORT,1.0
163,ANY120,0.0
163,ANY24,0.0
163,AXIS,1.0
163,BRN_,1.0
163,CRAN,1.0
163,DP24,
163,EDEM,1.0
163,LTRK,1.0
163,MO24,0.0
163,MORT,1.0
163,MUSC,1.0
163,NC24,
163,NC__,
163,SKIN,1.0
163,SM24,
163,TCHR,1.0
163,TOT_MORT,1.0
165,ALL_BUT_MORT,
165,ANY120,
165,ANY24,0.0
165,AXIS,
165,BRN_,
165,CRAN,
165,DP24,
165,EDEM,
165,LTRK,
165,MO24,0.0
165,MORT,0.0
165,MUSC,
165,NC24,
165,NC__,
165,SKIN,
165,SM24,
165,TCHR,
165,TOT_MORT,0.0
172,ALL_BUT_MORT,
172,ANY120,
172,ANY24,
172,AXIS,
172,BRN_,
172,CRAN,
172,DP24,
172,EDEM,1.0
172,LTRK,
172,MO24,
172,MORT,
172,MUSC,
172,NC24,
172,NC__,
172,SKIN,
172,SM24,1.0
172,TCHR,
172,TOT_MORT,
176,ALL_BUT_MORT,1.0
176,ANY120,
176,ANY24,
176,AXIS,
176,BRN_,
176,CRAN,
176,DP24,1.0
176,EDEM,
176,LTRK,
176,MO24,
176,MORT,
176,MUSC,
176,NC24,
176,NC__,
176,SKIN,
176,SM24,
176,TCHR,
176,TOT_MORT,
197,ALL_BUT_MORT,1.0
197,ANY120,-1.0
197,ANY24,1.0
197,AXIS,
197,BRN_,
197,CRAN,
197,DP24,1.0
197,EDEM,
197,LTRK,
197,MO24,
197,MORT,1.0
197,MUSC,
197,NC24,
197,NC__,
197,SKIN,
197,SM24,
197,TCHR,1.0
197,TOT_MORT,1.0
220,ALL_BUT_MORT,0.0
220,ANY120,0.0
220,ANY24,0.0
220,AXIS,1.0
220,BRN_,
220,CRAN,
220,DP24,0.0
220,EDEM,
220,LTRK,
220,MO24,0.0
220,MORT,0.0
220,MUSC,
220,NC24,
220,NC__,
220,SKIN,
220,SM24,
220,TCHR,1.0
220,TOT_MORT,0.0
227,ALL_BUT_MORT,0.0
227,ANY120,0.0
227,ANY24,0.0
227,AXIS,0.0
227,BRN_,0.0
227,CRAN,0.0
227,DP24,0.0
227,EDEM,0.0
227,LTRK,0.0
227,MO24,0.0
227,MORT,0.0
227,MUSC,0.0
227,NC24,
227,NC__,
227,SKIN,0.0
227,SM24,
227,TCHR,0.0
227,TOT_MORT,0.0
246,ALL_BUT_MORT,0.0
246,ANY120,0.0
246,ANY24,0.0
246,AXIS,0.0
246,BRN_,
246,CRAN,
246,DP24,0.0
246,EDEM,0.0
246,LTRK,1.0
246,MO24,1.0
246,MORT,0.0
246,MUSC,
246,NC24,
246,NC__,
246,SKIN,
246,SM24,
246,TCHR,0.0
246,TOT_MORT,0.0
247,ALL_BUT_MORT,0.0
247,ANY120,0.0
247,ANY24,0.0
247,AXIS,0.0
247,BRN_,0.0
247,CRAN,0.0
247,DP24,0.0
247,EDEM,0.0
247,LTRK,
247,MO24,0.0
247,MORT,0.0
247,MUSC,
247,NC24,
247,NC__,
247,SKIN,
247,SM24,
247,TCHR,0.0
247,TOT_MORT,0.0
248,ALL_BUT_MORT,0.0
248,ANY120,0.0
248,ANY24,0.0
248,AXIS,1.0
248,BRN_,
248,CRAN,1.0
248,DP24,
248,EDEM,0.0
248,LTRK,
248,MO24,0.0
248,MORT,0.0
248,MUSC,
248,NC24,
248,NC__,
248,SKIN,
248,SM24,
248,TCHR,
248,TOT_MORT,0.0
250,ALL_BUT_MORT,1.0
250,ANY120,
250,ANY24,1.0
250,AXIS,1.0
250,BRN_,
250,CRAN,
250,DP24,1.0
250,EDEM,
250,LTRK,1.0
250,MO24,1.0
250,MORT,
250,MUSC,
250,NC24,
250,NC__,
250,SKIN,
250,SM24,
250,TCHR,
250,TOT_MORT,
251,ALL_BUT_MORT,
251,ANY120,
251,ANY24,
251,AXIS,
251,BRN_,
251,CRAN,
251,DP24,
251,EDEM,
251,LTRK,
251,MO24,
251,MORT,
251,MUSC,
251,NC24,
251,NC__,
251,SKIN,
251,SM24,
251,TCHR,
251,TOT_MORT,
252,ALL_BUT_MORT,
252,ANY120,
252,ANY24,
252,AXIS,
252,BRN_,
252,CRAN,
252,DP24,
252,EDEM,
252,LTRK,
252,MO24,
252,MORT,1.0
252,MUSC,
252,NC24,
252,NC__,
252,SKIN,
252,SM24,
252,TCHR,1.0
252,TOT_MORT,
281,ALL_BUT_MORT,0.0
281,ANY120,0.0
281,ANY24,0.0
281,AXIS,1.0
281,BRN_,1.0
281,CRAN,1.0
281,DP24,0.0
281,EDEM,0.0
281,LTRK,1.0
281,MO24,
281,MORT,1.0
281,MUSC,1.0
281,NC24,
281,NC__,
281,SKIN,
281,SM24,
281,TCHR,1.0
281,TOT_MORT,
283,ALL_BUT_MORT,
283,ANY120,-1.0
283,ANY24,
283,AXIS,-1.0
283,BRN_,
283,CRAN,-1.0
283,DP24,
283,EDEM,-1.0
283,LTRK,-1.0
283,MO24,
283,MORT,0.0
283,MUSC,1.0
283,NC24,
283,NC__,
283,SKIN,
283,SM24,
283,TCHR,0.0
283,TOT_MORT,0.0
285,ALL_BUT_MORT,1.0
285,ANY120,1.0
285,ANY24,
285,AXIS,1.0
285,BRN_,1.0
285,CRAN,1.0
285,DP24,
285,EDEM,1.0
285,LTRK,1.0
285,MO24,
285,MORT,1.0
285,MUSC,1.0
285,NC24,
285,NC__,1.0
285,SKIN,
285,SM24,
285,TCHR,
285,TOT_MORT,1.0
286,ALL_BUT_MORT,
286,ANY120,
286,ANY24,
286,AXIS,
286,BRN_,
286,CRAN,
286,DP24,
286,EDEM,
286,LTRK,
286,MO24,
286,MORT,
286,MUSC,
286,NC24,
286,NC__,
286,SKIN,
286,SM24,
286,TCHR,
286,TOT_MORT,
295,ALL_BUT_MORT,1.0
295,ANY120,1.0
295,ANY24,
295,AXIS,
295,BRN_,
295,CRAN,
295,DP24,
295,EDEM,1.0
295,LTRK,1.0
295,MO24,
295,MORT,1.0
295,MUSC,
295,NC24,
295,NC__,
295,SKIN,
295,SM24,
295,TCHR,
295,TOT_MORT,
296,ALL_BUT_MORT,
296,ANY120,1.0
296,ANY24,
296,AXIS,1.0
296,BRN_,
296,CRAN,
296,DP24,
296,EDEM,
296,LTRK,
296,MO24,
296,MORT,1.0
296,MUSC,
296,NC24,
296,NC__,
296,SKIN,
296,SM24,
296,TCHR,
296,TOT_MORT,1.0
297,ALL_BUT_MORT,
297,ANY120,
297,ANY24,1.0
297,AXIS,1.0
297,BRN_,1.0
297,CRAN,1.0
297,DP24,1.0
297,EDEM,1.0
297,LTRK,1.0
297,MO24,
297,MORT,
297,MUSC,1.0
297,NC24,
297,NC__,
297,SKIN,
297,SM24,
297,TCHR,1.0
297,TOT_MORT,
332,ALL_BUT_MORT,
332,ANY120,
332,ANY24,
332,AXIS,
332,BRN_,1.0
332,CRAN,1.0
332,DP24,
332,EDEM,
332,LTRK,
332,MO24,
332,MORT,
332,MUSC,1.0
332,NC24,
332,NC__,
332,SKIN,
332,SM24,
332,TCHR,
332,TOT_MORT,
337,ALL_BUT_MORT,
337,ANY120,
337,ANY24,
337,AXIS,
337,BRN_,
337,CRAN,
337,DP24,1.0
337,EDEM,
337,LTRK,
337,MO24,
337,MORT,
337,MUSC,
337,NC24,
337,NC__,
337,SKIN,
337,SM24,
337,TCHR,
337,TOT_MORT,
338,ALL_BUT_MORT,
338,ANY120,
338,ANY24,
338,AXIS,
338,BRN_,
338,CRAN,
338,DP24,
338,EDEM,
338,LTRK,
338,MO24,1.0
338,MORT,
338,MUSC,
338,NC24,
338,NC__,
338,SKIN,
338,SM24,
338,TCHR,
338,TOT_MORT,
339,ALL_BUT_MORT,
339,ANY120,
339,ANY24,
339,AXIS,
339,BRN_,
339,CRAN,1.0
339,DP24,
339,EDEM,1.0
339,LTRK,
339,MO24,
339,MORT,
339,MUSC,1.0
339,NC24,
339,NC__,
339,SKIN,1.0
339,SM24,
339,TCHR,1.0
339,TOT_MORT,
342,ALL_BUT_MORT,1.0
342,ANY120,0.0
342,ANY24,0.0
342,AXIS,1.0
342,BRN_,
342,CRAN,
342,DP24,1.0
342,EDEM,1.0
342,LTRK,1.0
342,MO24,
342,MORT,1.0
342,MUSC,1.0
342,NC24,
342,NC__,
342,SKIN,1.0
342,SM24,
342,TCHR,1.0
342,TOT_MORT,1.0
355,ALL_BUT_MORT,
355,ANY120,
355,ANY24,
355,AXIS,
355,BRN_,
355,CRAN,
355,DP24,
355,EDEM,
355,LTRK,
355,MO24,
355,MORT,
355,MUSC,
355,NC24,
355,NC__,
355,SKIN,
355,SM24,
355,TCHR,
355,TOT_MORT,
357,ALL_BUT_MORT,0.0
357,ANY120,
357,ANY24,
357,AXIS,1.0
357,BRN_,1.0
357,CRAN,
357,DP24,1.0
357,EDEM,
357,LTRK,
357,MO24,
357,MORT,
357,MUSC,
357,NC24,
357,NC__,1.0
357,SKIN,1.0
357,SM24,
357,TCHR,
357,TOT_MORT,
360,ALL_BUT_MORT,0.0
360,ANY120,0.0
360,ANY24,1.0
360,AXIS,0.0
360,BRN_,0.0
360,CRAN,0.0
360,DP24,
360,EDEM,0.0
360,LTRK,1.0
360,MO24,1.0
360,MORT,1.0
360,MUSC,
360,NC24,
360,NC__,
360,SKIN,
360,SM24,
360,TCHR,
360,TOT_MORT,0.0
362,ALL_BUT_MORT,0.0
362,ANY120,0.0
362,ANY24,0.0
362,AXIS,0.0
362,BRN_,
362,CRAN,0.0
362,DP24,0.0
362,EDEM,0.0
362,LTRK,0.0
362,MO24,
362,MORT,0.0
362,MUSC,0.0
362,NC24,
362,NC__,
362,SKIN,1.0
362,SM24,
362,TCHR,0.0
362,TOT_MORT,0.0
363,ALL_BUT_MORT,1.0
363,ANY120,1.0
363,ANY24,0.0
363,AXIS,
363,BRN_,
363,CRAN,1.0
363,DP24,
363,EDEM,1.0
363,LTRK,
363,MO24,0.0
363,MORT,
363,MUSC,
363,NC24,
363,NC__,
363,SKIN,
363,SM24,
363,TCHR,
363,TOT_MORT,
365,ALL_BUT_MORT,
365,ANY120,-1.0
365,ANY24,-1.0
365,AXIS,
365,BRN_,
365,CRAN,
365,DP24,
365,EDEM,
365,LTRK,
365,MO24,-1.0
365,MORT,0.0
365,MUSC,
365,NC24,
365,NC__,
365,SKIN,
365,SM24,
365,TCHR,
365,TOT_MORT,0.0
370,ALL_BUT_MORT,
370,ANY120,
370,ANY24,
370,AXIS,
370,BRN_,
370,CRAN,
370,DP24,
370,EDEM,
370,LTRK,
370,MO24,
370,MORT,
370,MUSC,
370,NC24,
370,NC__,
370,SKIN,
370,SM24,
370,TCHR,
370,TOT_MORT,
373,ALL_BUT_MORT,0.0
373,ANY120,-1.0
373,ANY24,-1.0
373,AXIS,
373,BRN_,
373,CRAN,
373,DP24,0.0
373,EDEM,
373,LTRK,
373,MO24,-1.0
373,MORT,-1.0
373,MUSC,
373,NC24,
373,NC__,
373,SKIN,
373,SM24,1.0
373,TCHR,
373,TOT_MORT,-1.0
380,ALL_BUT_MORT,
380,ANY120,
380,ANY24,
380,AXIS,
380,BRN_,
380,CRAN,
380,DP24,
380,EDEM,
380,LTRK,
380,MO24,1.0
380,MORT,
380,MUSC,
380,NC24,
380,NC__,
380,SKIN,
380,SM24,
380,TCHR,
380,TOT_MORT,
381,ALL_BUT_MORT,
381,ANY120,0.0
381,ANY24,0.0
381,AXIS,0.0
381,BRN_,0.0
381,CRAN,0.0
381,DP24,
381,EDEM,0.0
381,LTRK,0.0
381,MO24,0.0
381,MORT,0.0
381,MUSC,0.0
381,NC24,
381,NC__,0.0
381,SKIN,
381,SM24,
381,TCHR,0.0
381,TOT_MORT,0.0
384,ALL_BUT_MORT,0.0
384,ANY120,0.0
384,ANY24,1.0
384,AXIS,0.0
384,BRN_,0.0
384,CRAN,0.0
384,DP24,
384,EDEM,0.0
384,LTRK,0.0
384,MO24,1.0
384,MORT,0.0
384,MUSC,
384,NC24,
384,NC__,
384,SKIN,
384,SM24,
384,TCHR,1.0
384,TOT_MORT,0.0
392,ALL_BUT_MORT,0.0
392,ANY120,0.0
392,ANY24,0.0
392,AXIS,0.0
392,BRN_,0.0
392,CRAN,0.0
392,DP24,
392,EDEM,0.0
392,LTRK,0.0
392,MO24,0.0
392,MORT,0.0
392,MUSC,0.0
392,NC24,
392,NC__,0.0
392,SKIN,0.0
392,SM24,
392,TCHR,0.0
392,TOT_MORT,0.0
395,ALL_BUT_MORT,
395,ANY120,
395,ANY24,
395,AXIS,
395,BRN_,
395,CRAN,
395,DP24,
395,EDEM,
395,LTRK,
395,MO24,
395,MORT,
395,MUSC,
395,NC24,
395,NC__,
395,SKIN,
395,SM24,
395,TCHR,
395,TOT_MORT,
396,ALL_BUT_MORT,1.0
396,ANY120,0.0
396,ANY24,0.0
396,AXIS,1.0
396,BRN_,
396,CRAN,1.0
396,DP24,
396,EDEM,1.0
396,LTRK,1.0
396,MO24,0.0
396,MORT,0.0
396,MUSC,1.0
396,NC24,
396,NC__,
396,SKIN,
396,SM24,
396,TCHR,1.0
396,TOT_MORT,0.0
401,ALL_BUT_MORT,
401,ANY120,
401,ANY24,
401,AXIS,
401,BRN_,1.0
401,CRAN,1.0
401,DP24,
401,EDEM,1.0
401,LTRK,
401,MO24,
401,MORT,
401,MUSC,
401,NC24,
401,NC__,
401,SKIN,1.0
401,SM24,
401,TCHR,
401,TOT_MORT,
403,ALL_BUT_MORT,
403,ANY120,
403,ANY24,0.0
403,AXIS,
403,BRN_,
403,CRAN,
403,DP24,
403,EDEM,
403,LTRK,
403,MO24,0.0
403,MORT,0.0
403,MUSC,
403,NC24,
403,NC__,
403,SKIN,
403,SM24,
403,TCHR,
403,TOT_MORT,0.0
404,ALL_BUT_MORT,
404,ANY120,1.0
404,ANY24,
404,AXIS,
404,BRN_,1.0
404,CRAN,
404,DP24,
404,EDEM,1.0
404,LTRK,
404,MO24,
404,MORT,1.0
404,MUSC,
404,NC24,
404,NC__,
404,SKIN,
404,SM24,
404,TCHR,
404,TOT_MORT,1.0
406,ALL_BUT_MORT,1.0
406,ANY120,
406,ANY24,1.0
406,AXIS,1.0
406,BRN_,
406,CRAN,
406,DP24,1.0
406,EDEM,
406,LTRK,1.0
406,MO24,
406,MORT,1.0
406,MUSC,
406,NC24,
406,NC__,
406,SKIN,
406,SM24,
406,TCHR,1.0
406,TOT_MORT,
409,ALL_BUT_MORT,
409,ANY120,1.0
409,ANY24,1.0
409,AXIS,
409,BRN_,
409,CRAN,
409,DP24,
409,EDEM,
409,LTRK,
409,MO24,1.0
409,MORT,
409,MUSC,
409,NC24,
409,NC__,
409,SKIN,
409,SM24,
409,TCHR,
409,TOT_MORT,1.0
412,ALL_BUT_MORT,0.0
412,ANY120,0.0
412,ANY24,
412,AXIS,0.0
412,BRN_,0.0
412,CRAN,0.0
412,DP24,
412,EDEM,0.0
412,LTRK,0.0
412,MO24,
412,MORT,0.0
412,MUSC,0.0
412,NC24,
412,NC__,
412,SKIN,
412,SM24,
412,TCHR,
412,TOT_MORT,0.0
413,ALL_BUT_MORT,0.0
413,ANY120,0.0
413,ANY24,
413,AXIS,0.0
413,BRN_,0.0
413,CRAN,0.0
413,DP24,
413,EDEM,0.0
413,LTRK,
413,MO24,
413,MORT,
413,MUSC,
413,NC24,
413,NC__,
413,SKIN,0.0
413,SM24,
413,TCHR,
413,TOT_MORT,
414,ALL_BUT_MORT,0.0
414,ANY120,0.0
414,ANY24,1.0
414,AXIS,1.0
414,BRN_,1.0
414,CRAN,0.0
414,DP24,
414,EDEM,0.0
414,LTRK,1.0
414,MO24,1.0
414,MORT,
414,MUSC,
414,NC24,
414,NC__,
414,SKIN,
414,SM24,
414,TCHR,1.0
414,TOT_MORT,
415,ALL_BUT_MORT,
415,ANY120,
415,ANY24,
415,AXIS,
415,BRN_,
415,CRAN,
415,DP24,
415,EDEM,
415,LTRK,
415,MO24,1.0
415,MORT,
415,MUSC,
415,NC24,
415,NC__,
415,SKIN,
415,SM24,
415,TCHR,
415,TOT_MORT,
416,ALL_BUT_MORT,1.0
416,ANY120,1.0
416,ANY24,1.0
416,AXIS,
416,BRN_,
416,CRAN,
416,DP24,1.0
416,EDEM,
416,LTRK,1.0
416,MO24,
416,MORT,1.0
416,MUSC,
416,NC24,
416,NC__,
416,SKIN,
416,SM24,
416,TCHR,
416,TOT_MORT,1.0
417,ALL_BUT_MORT,
417,ANY120,
417,ANY24,
417,AXIS,
417,BRN_,
417,CRAN,
417,DP24,
417,EDEM,
417,LTRK,1.0
417,MO24,
417,MORT,
417,MUSC,
417,NC24,
417,NC__,
417,SKIN,
417,SM24,
417,TCHR,1.0
417,TOT_MORT,
418,ALL_BUT_MORT,1.0
418,ANY120,0.0
418,ANY24,1.0
418,AXIS,1.0
418,BRN_,
418,CRAN,1.0
418,DP24,1.0
418,EDEM,1.0
418,LTRK,
418,MO24,
418,MORT,
418,MUSC,
418,NC24,
418,NC__,1.0
418,SKIN,
418,SM24,
418,TCHR,
418,TOT_MORT,
419,ALL_BUT_MORT,
419,ANY120,1.0
419,ANY24,1.0
419,AXIS,
419,BRN_,
419,CRAN,
419,DP24,
419,EDEM,
419,LTRK,
419,MO24,1.0
419,MORT,1.0
419,MUSC,
419,NC24,
419,NC__,
419,SKIN,
419,SM24,
419,TCHR,
419,TOT_MORT,0.0
420,ALL_BUT_MORT,0.0
420,ANY120,-1.0
420,ANY24,1.0
420,AXIS,
420,BRN_,
420,CRAN,
420,DP24,1.0
420,EDEM,1.0
420,LTRK,
420,MO24,
420,MORT,
420,MUSC,
420,NC24,
420,NC__,
420,SKIN,
420,SM24,
420,TCHR,
420,TOT_MORT,
421,ALL_BUT_MORT,
421,ANY120,
421,ANY24,
421,AXIS,1.0
421,BRN_,
421,CRAN,
421,DP24,
421,EDEM,
421,LTRK,1.0
421,MO24,
421,MORT,
421,MUSC,
421,NC24,
421,NC__,
421,SKIN,
421,SM24,
421,TCHR,
421,TOT_MORT,
441,ALL_BUT_MORT,
441,ANY120,0.0
441,ANY24,0.0
441,AXIS,0.0
441,BRN_,0.0
441,CRAN,0.0
441,DP24,
441,EDEM,0.0
441,LTRK,0.0
441,MO24,0.0
441,MORT,0.0
441,MUSC,0.0
441,NC24,
441,NC__,0.0
441,SKIN,
441,SM24,
441,TCHR,0.0
441,TOT_MORT,0.0
447,ALL_BUT_MORT,0.0
447,ANY120,0.0
447,ANY24,1.0
447,AXIS,1.0
447,BRN_,1.0
447,CRAN,0.0
447,DP24,1.0
447,EDEM,1.0
447,LTRK,1.0
447,MO24,
447,MORT,0.0
447,MUSC,
447,NC24,
447,NC__,
447,SKIN,
447,SM24,
447,TCHR,
447,TOT_MORT,0.0
448,ALL_BUT_MORT,1.0
448,ANY120,0.0
448,ANY24,1.0
448,AXIS,1.0
448,BRN_,1.0
448,CRAN,1.0
448,DP24,
448,EDEM,1.0
448,LTRK,
448,MO24,1.0
448,MORT,
448,MUSC,
448,NC24,
448,NC__,
448,SKIN,
448,SM24,
448,TCHR,1.0
448,TOT_MORT,0.0
470,ALL_BUT_MORT,0.0
470,ANY120,0.0
470,ANY24,
470,AXIS,0.0
470,BRN_,0.0
470,CRAN,0.0
470,DP24,0.0
470,EDEM,0.0
470,LTRK,0.0
470,MO24,
470,MORT,
470,MUSC,1.0
470,NC24,
470,NC__,1.0
470,SKIN,0.0
470,SM24,
470,TCHR,1.0
470,TOT_MORT,
471,ALL_BUT_MORT,0.0
471,ANY120,0.0
471,ANY24,0.0
471,AXIS,0.0
471,BRN_,0.0
471,CRAN,0.0
471,DP24,0.0
471,EDEM,0.0
471,LTRK,0.0
471,MO24,0.0
471,MORT,0.0
471,MUSC,0.0
471,NC24,
471,NC__,
471,SKIN,0.0
471,SM24,1.0
471,TCHR,0.0
471,TOT_MORT,0.0
472,ALL_BUT_MORT,1.0
472,ANY120,0.0
472,ANY24,0.0
472,AXIS,1.0
472,BRN_,1.0
472,CRAN,1.0
472,DP24,1.0
472,EDEM,1.0
472,LTRK,1.0
472,MO24,1.0
472,MORT,0.0
472,MUSC,
472,NC24,
472,NC__,
472,SKIN,1.0
472,SM24,
472,TCHR,
472,TOT_MORT,0.0
481,ALL_BUT_MORT,1.0
481,ANY120,1.0
481,ANY24,1.0
481,AXIS,1.0
481,BRN_,
481,CRAN,
481,DP24,1.0
481,EDEM,
481,LTRK,1.0
481,MO24,1.0
481,MORT,1.0
481,MUSC,
481,NC24,
481,NC__,
481,SKIN,
481,SM24,
481,TCHR,
481,TOT_MORT,1.0
500,ALL_BUT_MORT,-1.0
500,ANY120,0.0
500,ANY24,0.0
500,AXIS,0.0
500,BRN_,0.0
500,CRAN,0.0
500,DP24,0.0
500,EDEM,0.0
500,LTRK,0.0
500,MO24,0.0
500,MORT,0.0
500,MUSC,1.0
500,NC24,
500,NC__,1.0
500,SKIN,0.0
500,SM24,
500,TCHR,0.0
500,TOT_MORT,0.0
501,ALL_BUT_MORT,-1.0
501,ANY120,0.0
501,ANY24,0.0
501,AXIS,
501,BRN_,0.0
501,CRAN,
501,DP24,0.0
501,EDEM,1.0
501,LTRK,
501,MO24,0.0
501,MORT,0.0
501,MUSC,
501,NC24,
501,NC__,
501,SKIN,
501,SM24,
501,TCHR,1.0
501,TOT_MORT,0.0
502,ALL_BUT_MORT,0.0
502,ANY120,0.0
502,ANY24,0.0
502,AXIS,0.0
502,BRN_,0.0
502,CRAN,0.0
502,DP24,0.0
502,EDEM,0.0
502,LTRK,0.0
502,MO24,0.0
502,MORT,0.0
502,MUSC,
502,NC24,
502,NC__,0.0
502,SKIN,
502,SM24,
502,TCHR,0.0
502,TOT_MORT,0.0
503,ALL_BUT_MORT,0.0
503,ANY120,0.0
503,ANY24,0.0
503,AXIS,0.0
503,BRN_,0.0
503,CRAN,0.0
503,DP24,
503,EDEM,0.0
503,LTRK,0.0
503,MO24,0.0
503,MORT,0.0
503,MUSC,0.0
503,NC24,
503,NC__,1.0
503,SKIN,0.0
503,SM24,
503,TCHR,0.0
503,TOT_MORT,0.0
504,ALL_BUT_MORT,0.0
504,ANY120,-1.0
504,ANY24,0.0
504,AXIS,1.0
504,BRN_,0.0
504,CRAN,0.0
504,DP24,0.0
504,EDEM,0.0
504,LTRK,1.0
504,MO24,0.0
504,MORT,0.0
504,MUSC,
504,NC24,
504,NC__,
504,SKIN,
504,SM24,
504,TCHR,
504,TOT_MORT,0.0
511,ALL_BUT_MORT,-1.0
511,ANY120,0.0
511,ANY24,0.0
511,AXIS,0.0
511,BRN_,0.0
511,CRAN,0.0
511,DP24,0.0
511,EDEM,0.0
511,LTRK,0.0
511,MO24,1.0
511,MORT,0.0
511,MUSC,0.0
511,NC24,
511,NC__,
511,SKIN,1.0
511,SM24,
511,TCHR,0.0
511,TOT_MORT,0.0
512,ALL_BUT_MORT,1.0
512,ANY120,1.0
512,ANY24,
512,AXIS,1.0
512,BRN_,1.0
512,CRAN,1.0
512,DP24,
512,EDEM,1.0
512,LTRK,
512,MO24,1.0
512,MORT,1.0
512,MUSC,
512,NC24,
512,NC__,
512,SKIN,
512,SM24,
512,TCHR,
512,TOT_MORT,1.0
513,ALL_BUT_MORT,1.0
513,ANY120,1.0
513,ANY24,1.0
513,AXIS,1.0
513,BRN_,
513,CRAN,
513,DP24,
513,EDEM,
513,LTRK,
513,MO24,1.0
513,MORT,
513,MUSC,
513,NC24,
513,NC__,
513,SKIN,
513,SM24,
513,TCHR,1.0
513,TOT_MORT,1.0
514,ALL_BUT_MORT,-1.0
514,ANY120,-1.0
514,ANY24,
514,AXIS,1.0
514,BRN_,1.0
514,CRAN,1.0
514,DP24,
514,EDEM,1.0
514,LTRK,1.0
514,MO24,
514,MORT,0.0
514,MUSC,-1.0
514,NC24,
514,NC__,
514,SKIN,1.0
514,SM24,
514,TCHR,
514,TOT_MORT,1.0
515,ALL_BUT_MORT,
515,ANY120,1.0
515,ANY24,1.0
515,AXIS,
515,BRN_,
515,CRAN,
515,DP24,1.0
515,EDEM,1.0
515,LTRK,
515,MO24,
515,MORT,1.0
515,MUSC,
515,NC24,
515,NC__,
515,SKIN,
515,SM24,
515,TCHR,
515,TOT_MORT,1.0
517,ALL_BUT_MORT,
517,ANY120,
517,ANY24,
517,AXIS,
517,BRN_,
517,CRAN,
517,DP24,
517,EDEM,
517,LTRK,1.0
517,MO24,
517,MORT,
517,MUSC,1.0
517,NC24,
517,NC__,1.0
517,SKIN,
517,SM24,
517,TCHR,1.0
517,TOT_MORT,
557,ALL_BUT_MORT,
557,ANY120,0.0
557,ANY24,1.0
557,AXIS,1.0
557,BRN_,1.0
557,CRAN,1.0
557,DP24,
557,EDEM,
557,LTRK,1.0
557,MO24,1.0
557,MORT,
557,MUSC,1.0
557,NC24,
557,NC__,
557,SKIN,1.0
557,SM24,1.0
557,TCHR,
557,TOT_MORT,
560,ALL_BUT_MORT,
560,ANY120,
560,ANY24,
560,AXIS,
560,BRN_,1.0
560,CRAN,1.0
560,DP24,1.0
560,EDEM,
560,LTRK,1.0
560,MO24,
560,MORT,
560,MUSC,1.0
560,NC24,
560,NC__,
560,SKIN,1.0
560,SM24,
560,TCHR,1.0
560,TOT_MORT,
581,ALL_BUT_MORT,
581,ANY120,
581,ANY24,
581,AXIS,1.0
581,BRN_,1.0
581,CRAN,1.0
581,DP24,
581,EDEM,
581,LTRK,1.0
581,MO24,
581,MORT,
581,MUSC,1.0
581,NC24,
581,NC__,
581,SKIN,
581,SM24,1.0
581,TCHR,1.0
581,TOT_MORT,
585,ALL_BUT_MORT,1.0
585,ANY120,1.0
585,ANY24,1.0
585,AXIS,
585,BRN_,
585,CRAN,
585,DP24,
585,EDEM,
585,LTRK,
585,MO24,1.0
585,MORT,1.0
585,MUSC,
585,NC24,
585,NC__,
585,SKIN,
585,SM24,
585,TCHR,
585,TOT_MORT,1.0
596,ALL_BUT_MORT,0.0
596,ANY120,0.0
596,ANY24,0.0
596,AXIS,0.0
596,BRN_,0.0
596,CRAN,0.0
596,DP24,
596,EDEM,0.0
596,LTRK,0.0
596,MO24,0.0
596,MORT,0.0
596,MUSC,0.0
596,NC24,
596,NC__,0.0
596,SKIN,
596,SM24,
596,TCHR,0.0
596,TOT_MORT,0.0
597,ALL_BUT_MORT,
597,ANY120,0.0
597,ANY24,0.0
597,AXIS,0.0
597,BRN_,0.0
597,CRAN,0.0
597,DP24,
597,EDEM,0.0
597,LTRK,0.0
597,MO24,0.0
597,MORT,0.0
597,MUSC,0.0
597,NC24,
597,NC__,0.0
597,SKIN,
597,SM24,
597,TCHR,0.0
597,TOT_MORT,0.0
599,ALL_BUT_MORT,0.0
599,ANY120,0.0
599,ANY24,0.0
599,AXIS,
599,BRN_,
599,CRAN,
599,DP24,0.0
599,EDEM,
599,LTRK,
599,MO24,1.0
599,MORT,0.0
599,MUSC,
599,NC24,
599,NC__,
599,SKIN,
599,SM24,
599,TCHR,
599,TOT_MORT,0.0
601,ALL_BUT_MORT,0.0
601,ANY120,0.0
601,ANY24,0.0
601,AXIS,
601,BRN_,
601,CRAN,
601,DP24,0.0
601,EDEM,
601,LTRK,
601,MO24,0.0
601,MORT,0.0
601,MUSC,
601,NC24,
601,NC__,
601,SKIN,
601,SM24,
601,TCHR,
601,TOT_MORT,0.0
602,ALL_BUT_MORT,0.0
602,ANY120,0.0
602,ANY24,0.0
602,AXIS,0.0
602,BRN_,0.0
602,CRAN,0.0
602,DP24,0.0
602,EDEM,0.0
602,LTRK,1.0
602,MO24,0.0
602,MORT,0.0
602,MUSC,1.0
602,NC24,
602,NC__,1.0
602,SKIN,0.0
602,SM24,
602,TCHR,0.0
602,TOT_MORT,0.0
606,ALL_BUT_MORT,
606,ANY120,1.0
606,ANY24,1.0
606,AXIS,
606,BRN_,
606,CRAN,
606,DP24,
606,EDEM,
606,LTRK,
606,MO24,1.0
606,MORT,0.0
606,MUSC,
606,NC24,
606,NC__,
606,SKIN,
606,SM24,
606,TCHR,
606,TOT_MORT,0.0
607,ALL_BUT_MORT,
607,ANY120,
607,ANY24,
607,AXIS,
607,BRN_,
607,CRAN,
607,DP24,
607,EDEM,
607,LTRK,
607,MO24,1.0
607,MORT,1.0
607,MUSC,
607,NC24,
607,NC__,
607,SKIN,
607,SM24,
607,TCHR,
607,TOT_MORT,1.0
609,ALL_BUT_MORT,1.0
609,ANY120,1.0
609,ANY24,1.0
609,AXIS,
609,BRN_,1.0
609,CRAN,1.0
609,DP24,1.0
609,EDEM,1.0
609,LTRK,
609,MO24,1.0
609,MORT,
609,MUSC,
609,NC24,
609,NC__,
609,SKIN,
609,SM24,
609,TCHR,
609,TOT_MORT,1.0
618,ALL_BUT_MORT,
618,ANY120,
618,ANY24,
618,AXIS,
618,BRN_,
618,CRAN,
618,DP24,
618,EDEM,
618,LTRK,
618,MO24,
618,MORT,
618,MUSC,
618,NC24,
618,NC__,
618,SKIN,
618,SM24,
618,TCHR,
618,TOT_MORT,
628,ALL_BUT_MORT,
628,ANY120,0.0
628,ANY24,0.0
628,AXIS,
628,BRN_,
628,CRAN,1.0
628,DP24,
628,EDEM,1.0
628,LTRK,
628,MO24,0.0
628,MORT,0.0
628,MUSC,
628,NC24,
628,NC__,
628,SKIN,
628,SM24,
628,TCHR,
628,TOT_MORT,0.0
629,ALL_BUT_MORT,0.0
629,ANY120,0.0
629,ANY24,0.0
629,AXIS,0.0
629,BRN_,0.0
629,CRAN,0.0
629,DP24,0.0
629,EDEM,0.0
629,LTRK,0.0
629,MO24,0.0
629,MORT,0.0
629,MUSC,0.0
629,NC24,0.0
629,NC__,1.0
629,SKIN,
629,SM24,0.0
629,TCHR,0.0
629,TOT_MORT,0.0
667,ALL_BUT_MORT,0.0
667,ANY120,0.0
667,ANY24,0.0
667,AXIS,0.0
667,BRN_,0.0
667,CRAN,0.0
667,DP24,0.0
667,EDEM,0.0
667,LTRK,1.0
667,MO24,1.0
667,MORT,0.0
667,MUSC,0.0
667,NC24,
667,NC__,
667,SKIN,
667,SM24,
667,TCHR,0.0
667,TOT_MORT,0.0
674,ALL_BUT_MORT,
674,ANY120,-1.0
674,ANY24,-1.0
674,AXIS,
674,BRN_,
674,CRAN,
674,DP24,
674,EDEM,
674,LTRK,
674,MO24,-1.0
674,MORT,0.0
674,MUSC,
674,NC24,
674,NC__,
674,SKIN,
674,SM24,
674,TCHR,
674,TOT_MORT,0.0
689,ALL_BUT_MORT,0.0
689,ANY120,1.0
689,ANY24,
689,AXIS,0.0
689,BRN_,0.0
689,CRAN,0.0
689,DP24,
689,EDEM,0.0
689,LTRK,0.0
689,MO24,
689,MORT,1.0
689,MUSC,0.0
689,NC24,
689,NC__,
689,SKIN,
689,SM24,
689,TCHR,
689,TOT_MORT,
691,ALL_BUT_MORT,1.0
691,ANY120,0.0
691,ANY24,1.0
691,AXIS,1.0
691,BRN_,0.0
691,CRAN,0.0
691,DP24,
691,EDEM,0.0
691,LTRK,0.0
691,MO24,1.0
691,MORT,0.0
691,MUSC,
691,NC24,
691,NC__,
691,SKIN,
691,SM24,
691,TCHR,
691,TOT_MORT,0.0
694,ALL_BUT_MORT,0.0
694,ANY120,0.0
694,ANY24,0.0
694,AXIS,0.0
694,BRN_,0.0
694,CRAN,0.0
694,DP24,0.0
694,EDEM,0.0
694,LTRK,0.0
694,MO24,1.0
694,MORT,1.0
694,MUSC,1.0
694,NC24,
694,NC__,
694,SKIN,
694,SM24,
694,TCHR,1.0
694,TOT_MORT,0.0
696,ALL_BUT_MORT,1.0
696,ANY120,
696,ANY24,
696,AXIS,
696,BRN_,
696,CRAN,
696,DP24,
696,EDEM,
696,LTRK,
696,MO24,
696,MORT,
696,MUSC,
696,NC24,
696,NC__,
696,SKIN,
696,SM24,
696,TCHR,1.0
696,TOT_MORT,
697,ALL_BUT_MORT,
697,ANY120,1.0
697,ANY24,1.0
697,AXIS,
697,BRN_,
697,CRAN,
697,DP24,
697,EDEM,
697,LTRK,
697,MO24,1.0
697,MORT,
697,MUSC,
697,NC24,
697,NC__,1.0
697,SKIN,
697,SM24,
697,TCHR,
697,TOT_MORT,1.0
702,ALL_BUT_MORT,0.0
702,ANY120,0.0
702,ANY24,1.0
702,AXIS,0.0
702,BRN_,0.0
702,CRAN,0.0
702,DP24,1.0
702,EDEM,0.0
702,LTRK,0.0
702,MO24,0.0
702,MORT,0.0
702,MUSC,0.0
702,NC24,
702,NC__,
702,SKIN,0.0
702,SM24,
702,TCHR,0.0
702,TOT_MORT,0.0
721,ALL_BUT_MORT,0.0
721,ANY120,0.0
721,ANY24,0.0
721,AXIS,1.0
721,BRN_,0.0
721,CRAN,0.0
721,DP24,0.0
721,EDEM,0.0
721,LTRK,1.0
721,MO24,1.0
721,MORT,1.0
721,MUSC,
721,NC24,
721,NC__,
721,SKIN,
721,SM24,
721,TCHR,1.0
721,TOT_MORT,0.0
722,ALL_BUT_MORT,0.0
722,ANY120,0.0
722,ANY24,0.0
722,AXIS,0.0
722,BRN_,1.0
722,CRAN,0.0
722,DP24,0.0
722,EDEM,0.0
722,LTRK,0.0
722,MO24,
722,MORT,0.0
722,MUSC,
722,NC24,
722,NC__,
722,SKIN,
722,SM24,
722,TCHR,
722,TOT_MORT,0.0
740,ALL_BUT_MORT,0.0
740,ANY120,0.0
740,ANY24,0.0
740,AXIS,
740,BRN_,
740,CRAN,1.0
740,DP24,0.0
740,EDEM,1.0
740,LTRK,
740,MO24,1.0
740,MORT,0.0
740,MUSC,
740,NC24,
740,NC__,
740,SKIN,
740,SM24,
740,TCHR,
740,TOT_MORT,0.0
741,ALL_BUT_MORT,1.0
741,ANY120,0.0
741,ANY24,0.0
741,AXIS,
741,BRN_,
741,CRAN,
741,DP24,1.0
741,EDEM,
741,LTRK,
741,MO24,0.0
741,MORT,1.0
741,MUSC,
741,NC24,
741,NC__,
741,SKIN,
741,SM24,
741,TCHR,
741,TOT_MORT,0.0
746,ALL_BUT_MORT,1.0
746,ANY120,0.0
746,ANY24,1.0
746,AXIS,1.0
746,BRN_,1.0
746,CRAN,1.0
746,DP24,
746,EDEM,1.0
746,LTRK,1.0
746,MO24,1.0
746,MORT,1.0
746,MUSC,
746,NC24,
746,NC__,1.0
746,SKIN,
746,SM24,
746,TCHR,
746,TOT_MORT,1.0
747,ALL_BUT_MORT,0.0
747,ANY120,0.0
747,ANY24,0.0
747,AXIS,0.0
747,BRN_,
747,CRAN,0.0
747,DP24,
747,EDEM,0.0
747,LTRK,1.0
747,MO24,0.0
747,MORT,0.0
747,MUSC,
747,NC24,
747,NC__,
747,SKIN,
747,SM24,
747,TCHR,0.0
747,TOT_MORT,0.0
768,ALL_BUT_MORT,0.0
768,ANY120,0.0
768,ANY24,0.0
768,AXIS,0.0
768,BRN_,
768,CRAN,1.0
768,DP24,0.0
768,EDEM,0.0
768,LTRK,1.0
768,MO24,0.0
768,MORT,0.0
768,MUSC,
768,NC24,
768,NC__,
768,SKIN,
768,SM24,
768,TCHR,1.0
768,TOT_MORT,0.0
769,ALL_BUT_MORT,1.0
769,ANY120,1.0
769,ANY24,1.0
769,AXIS,
769,BRN_,
769,CRAN,1.0
769,DP24,
769,EDEM,1.0
769,LTRK,
769,MO24,1.0
769,MORT,1.0
769,MUSC,
769,NC24,
769,NC__,
769,SKIN,
769,SM24,
769,TCHR,
769,TOT_MORT,1.0
770,ALL_BUT_MORT,
770,ANY120,
770,ANY24,
770,AXIS,1.0
770,BRN_,
770,CRAN,
770,DP24,
770,EDEM,
770,LTRK,1.0
770,MO24,
770,MORT,
770,MUSC,1.0
770,NC24,
770,NC__,1.0
770,SKIN,
770,SM24,
770,TCHR,
770,TOT_MORT,
771,ALL_BUT_MORT,0.0
771,ANY120,0.0
771,ANY24,1.0
771,AXIS,0.0
771,BRN_,0.0
771,CRAN,1.0
771,DP24,
771,EDEM,1.0
771,LTRK,1.0
771,MO24,1.0
771,MORT,1.0
771,MUSC,1.0
771,NC24,
771,NC__,
771,SKIN,1.0
771,SM24,
771,TCHR,1.0
771,TOT_MORT,1.0
774,ALL_BUT_MORT,1.0
774,ANY120,0.0
774,ANY24,
774,AXIS,1.0
774,BRN_,1.0
774,CRAN,1.0
774,DP24,
774,EDEM,1.0
774,LTRK,1.0
774,MO24,
774,MORT,1.0
774,MUSC,1.0
774,NC24,
774,NC__,1.0
774,SKIN,
774,SM24,
774,TCHR,1.0
774,TOT_MORT,0.0
775,ALL_BUT_MORT,1.0
775,ANY120,0.0
775,ANY24,1.0
775,AXIS,0.0
775,BRN_,1.0
775,CRAN,1.0
775,DP24,
775,EDEM,1.0
775,LTRK,1.0
775,MO24,1.0
775,MORT,0.0
775,MUSC,1.0
775,NC24,
775,NC__,
775,SKIN,
775,SM24,
775,TCHR,
775,TOT_MORT,0.0
776,ALL_BUT_MORT,
776,ANY120,
776,ANY24,
776,AXIS,
776,BRN_,
776,CRAN,
776,DP24,
776,EDEM,
776,LTRK,
776,MO24,
776,MORT,
776,MUSC,
776,NC24,
776,NC__,
776,SKIN,
776,SM24,
776,TCHR,
776,TOT_MORT,
777,ALL_BUT_MORT,-1.0
777,ANY120,0.0
777,ANY24,0.0
777,AXIS,-1.0
777,BRN_,-1.0
777,CRAN,0.0
777,DP24,0.0
777,EDEM,0.0
777,LTRK,1.0
777,MO24,
777,MORT,0.0
777,MUSC,
777,NC24,
777,NC__,
777,SKIN,
777,SM24,
777,TCHR,1.0
777,TOT_MORT,0.0
778,ALL_BUT_MORT,-1.0
778,ANY120,-1.0
778,ANY24,0.0
778,AXIS,0.0
778,BRN_,0.0
778,CRAN,0.0
778,DP24,0.0
778,EDEM,0.0
778,LTRK,0.0
778,MO24,0.0
778,MORT,0.0
778,MUSC,
778,NC24,
778,NC__,
778,SKIN,
778,SM24,
778,TCHR,-1.0
778,TOT_MORT,0.0
946,ALL_BUT_MORT,0.0
946,ANY120,0.0
946,ANY24,
946,AXIS,0.0
946,BRN_,0.0
946,CRAN,0.0
946,DP24,
946,EDEM,0.0
946,LTRK,0.0
946,MO24,
946,MORT,0.0
946,MUSC,0.0
946,NC24,
946,NC__,1.0
946,SKIN,
946,SM24,
946,TCHR,0.0
946,TOT_MORT,0.0
947,ALL_BUT_MORT,
947,ANY120,
947,ANY24,
947,AXIS,
947,BRN_,
947,CRAN,
947,DP24,
947,EDEM,
947,LTRK,
947,MO24,
947,MORT,
947,MUSC,
947,NC24,
947,NC__,
947,SKIN,
947,SM24,
947,TCHR,
947,TOT_MORT,
948,ALL_BUT_MORT,
948,ANY120,0.0
948,ANY24,0.0
948,AXIS,
948,BRN_,
948,CRAN,
948,DP24,
948,EDEM,
948,LTRK,
948,MO24,0.0
948,MORT,0.0
948,MUSC,
948,NC24,
948,NC__,
948,SKIN,
948,SM24,
948,TCHR,
948,TOT_MORT,0.0
949,ALL_BUT_MORT,1.0
949,ANY120,1.0
949,ANY24,1.0
949,AXIS,1.0
949,BRN_,1.0
949,CRAN,
949,DP24,
949,EDEM,1.0
949,LTRK,
949,MO24,1.0
949,MORT,1.0
949,MUSC,1.0
949,NC24,
949,NC__,
949,SKIN,1.0
949,SM24,
949,TCHR,1.0
949,TOT_MORT,1.0
951,ALL_BUT_MORT,1.0
951,ANY120,1.0
951,ANY24,
951,AXIS,
951,BRN_,
951,CRAN,1.0
951,DP24,
951,EDEM,
951,LTRK,
951,MO24,
951,MORT,
951,MUSC,
951,NC24,
951,NC__,
951,SKIN,
951,SM24,
951,TCHR,1.0
951,TOT_MORT,
952,ALL_BUT_MORT,0.0
952,ANY120,0.0
952,ANY24,
952,AXIS,1.0
952,BRN_,0.0
952,CRAN,0.0
952,DP24,
952,EDEM,0.0
952,LTRK,
952,MO24,
952,MORT,1.0
952,MUSC,
952,NC24,
952,NC__,
952,SKIN,
952,SM24,
952,TCHR,
952,TOT_MORT,
961,ALL_BUT_MORT,1.0
961,ANY120,
961,ANY24,
961,AXIS,1.0
961,BRN_,1.0
961,CRAN,1.0
961,DP24,
961,EDEM,1.0
961,LTRK,1.0
961,MO24,
961,MORT,1.0
961,MUSC,
961,NC24,
961,NC__,
961,SKIN,
961,SM24,
961,TCHR,1.0
961,TOT_MORT,
965,ALL_BUT_MORT,0.0
965,ANY120,0.0
965,ANY24,0.0
965,AXIS,0.0
965,BRN_,0.0
965,CRAN,0.0
965,DP24,0.0
965,EDEM,0.0
965,LTRK,0.0
965,MO24,0.0
965,MORT,0.0
965,MUSC,0.0
965,NC24,
965,NC__,
965,SKIN,
965,SM24,
965,TCHR,0.0
965,TOT_MORT,0.0
966,ALL_BUT_MORT,
966,ANY120,0.0
966,ANY24,0.0
966,AXIS,1.0
966,BRN_,
966,CRAN,1.0
966,DP24,
966,EDEM,
966,LTRK,
966,MO24,0.0
966,MORT,1.0
966,MUSC,
966,NC24,
966,NC__,
966,SKIN,
966,SM24,
966,TCHR,
966,TOT_MORT,0.0
998,ALL_BUT_MORT,-1.0
998,ANY120,-1.0
998,ANY24,1.0
998,AXIS,-1.0
998,BRN_,0.0
998,CRAN,-1.0
998,DP24,
998,EDEM,0.0
998,LTRK,-1.0
998,MO24,1.0
998,MORT,1.0
998,MUSC,1.0
998,NC24,
998,NC__,-1.0
998,SKIN,
998,SM24,
998,TCHR,0.0
998,TOT_MORT,0.0
1030,ALL_BUT_MORT,
1030,ANY120,
1030,ANY24,1.0
1030,AXIS,
1030,BRN_,
1030,CRAN,
1030,DP24,
1030,EDEM,
1030,LTRK,
1030,MO24,1.0
1030,MORT,
1030,MUSC,
1030,NC24,
1030,NC__,
1030,SKIN,
1030,SM24,
1030,TCHR,
1030,TOT_MORT,1.0
1031,ALL_BUT_MORT,0.0
1031,ANY120,1.0
1031,ANY24,1.0
1031,AXIS,1.0
1031,BRN_,1.0
1031,CRAN,1.0
1031,DP24,1.0
1031,EDEM,1.0
1031,LTRK,1.0
1031,MO24,
1031,MORT,1.0
1031,MUSC,1.0
1031,NC24,1.0
1031,NC__,1.0
1031,SKIN,
1031,SM24,
1031,TCHR,
1031,TOT_MORT,1.0
1105,ALL_BUT_MORT,0.0
1105,ANY120,0.0
1105,ANY24,1.0
1105,AXIS,1.0
1105,BRN_,
1105,CRAN,
1105,DP24,1.0
1105,EDEM,
1105,LTRK,0.0
1105,MO24,
1105,MORT,
1105,MUSC,
1105,NC24,
1105,NC__,
1105,SKIN,
1105,SM24,
1105,TCHR,
1105,TOT_MORT,
1114,ALL_BUT_MORT,
1114,ANY120,
1114,ANY24,0.0
1114,AXIS,0.0
1114,BRN_,0.0
1114,CRAN,0.0
1114,DP24,
1114,EDEM,0.0
1114,LTRK,0.0
1114,MO24,0.0
1114,MORT,0.0
1114,MUSC,1.0
1114,NC24,
1114,NC__,
1114,SKIN,
1114,SM24,
1114,TCHR,0.0
1114,TOT_MORT,
1119,ALL_BUT_MORT,0.0
1119,ANY120,0.0
1119,ANY24,0.0
1119,AXIS,0.0
1119,BRN_,
1119,CRAN,1.0
1119,DP24,0.0
1119,EDEM,
1119,LTRK,
1119,MO24,
1119,MORT,1.0
1119,MUSC,
1119,NC24,
1119,NC__,
1119,SKIN,
1119,SM24,
1119,TCHR,
1119,TOT_MORT,1.0
1161,ALL_BUT_MORT,0.0
1161,ANY120,0.0
1161,ANY24,0.0
1161,AXIS,0.0
1161,BRN_,0.0
1161,CRAN,0.0
1161,DP24,
1161,EDEM,0.0
1161,LTRK,
1161,MO24,0.0
1161,MORT,0.0
1161,MUSC,
1161,NC24,
1161,NC__,
1161,SKIN,
1161,SM24,
1161,TCHR,0.0
1161,TOT_MORT,0.0
1163,ALL_BUT_MORT,0.0
1163,ANY120,0.0
1163,ANY24,1.0
1163,AXIS,0.0
1163,BRN_,0.0
1163,CRAN,0.0
1163,DP24,
1163,EDEM,0.0
1163,LTRK,0.0
1163,MO24,1.0
1163,MORT,1.0
1163,MUSC,1.0
1163,NC24,
1163,NC__,1.0
1163,SKIN,
1163,SM24,
1163,TCHR,0.0
1163,TOT_MORT,0.0
1166,ALL_BUT_MORT,0.0
1166,ANY120,0.0
1166,ANY24,1.0
1166,AXIS,0.0
1166,BRN_,0.0
1166,CRAN,0.0
1166,DP24,
1166,EDEM,0.0
1166,LTRK,0.0
1166,MO24,1.0
1166,MORT,1.0
1166,MUSC,0.0
1166,NC24,
1166,NC__,
1166,SKIN,
1166,SM24,
1166,TCHR,
1166,TOT_MORT,1.0
1167,ALL_BUT_MORT,0.0
1167,ANY120,0.0
1167,ANY24,
1167,AXIS,1.0
1167,BRN_,
1167,CRAN,0.0
1167,DP24,1.0
1167,EDEM,
1167,LTRK,1.0
1167,MO24,
1167,MORT,
1167,MUSC,
1167,NC24,
1167,NC__,
1167,SKIN,1.0
1167,SM24,
1167,TCHR,1.0
1167,TOT_MORT,
1171,ALL_BUT_MORT,0.0
1171,ANY120,0.0
1171,ANY24,
1171,AXIS,1.0
1171,BRN_,0.0
1171,CRAN,0.0
1171,DP24,
1171,EDEM,0.0
1171,LTRK,0.0
1171,MO24,
1171,MORT,1.0
1171,MUSC,
1171,NC24,
1171,NC__,
1171,SKIN,
1171,SM24,
1171,TCHR,
1171,TOT_MORT,1.0
1172,ALL_BUT_MORT,1.0
1172,ANY120,1.0
1172,ANY24,
1172,AXIS,
1172,BRN_,1.0
1172,CRAN,1.0
1172,DP24,1.0
1172,EDEM,1.0
1172,LTRK,1.0
1172,MO24,
1172,MORT,
1172,MUSC,1.0
1172,NC24,
1172,NC__,
1172,SKIN,
1172,SM24,
1172,TCHR,1.0
1172,TOT_MORT,
1174,ALL_BUT_MORT,
1174,ANY120,
1174,ANY24,
1174,AXIS,
1174,BRN_,1.0
1174,CRAN,
1174,DP24,
1174,EDEM,1.0
1174,LTRK,
1174,MO24,
1174,MORT,
1174,MUSC,
1174,NC24,
1174,NC__,
1174,SKIN,
1174,SM24,
1174,TCHR,
1174,TOT_MORT,
1175,ALL_BUT_MORT,1.0
1175,ANY120,0.0
1175,ANY24,1.0
1175,AXIS,
1175,BRN_,1.0
1175,CRAN,1.0
1175,DP24,
1175,EDEM,1.0
1175,LTRK,1.0
1175,MO24,1.0
1175,MORT,1.0
1175,MUSC,
1175,NC24,
1175,NC__,
1175,SKIN,
1175,SM24,
1175,TCHR,
1175,TOT_MORT,0.0
1176,ALL_BUT_MORT,0.0
1176,ANY120,0.0
1176,ANY24,
1176,AXIS,1.0
1176,BRN_,0.0
1176,CRAN,
1176,DP24,
1176,EDEM,0.0
1176,LTRK,
1176,MO24,
1176,MORT,
1176,MUSC,
1176,NC24,
1176,NC__,
1176,SKIN,
1176,SM24,
1176,TCHR,1.0
1176,TOT_MORT,
1177,ALL_BUT_MORT,1.0
1177,ANY120,0.0
1177,ANY24,
1177,AXIS,1.0
1177,BRN_,1.0
1177,CRAN,1.0
1177,DP24,
1177,EDEM,1.0
1177,LTRK,1.0
1177,MO24,
1177,MORT,1.0
1177,MUSC,1.0
1177,NC24,
1177,NC__,1.0
1177,SKIN,
1177,SM24,
1177,TCHR,1.0
1177,TOT_MORT,1.0
1178,ALL_BUT_MORT,1.0
1178,ANY120,0.0
1178,ANY24,0.0
1178,AXIS,
1178,BRN_,
1178,CRAN,
1178,DP24,1.0
1178,EDEM,
1178,LTRK,
1178,MO24,1.0
1178,MORT,
1178,MUSC,
1178,NC24,
1178,NC__,
1178,SKIN,
1178,SM24,
1178,TCHR,
1178,TOT_MORT,1.0
1179,ALL_BUT_MORT,
1179,ANY120,
1179,ANY24,1.0
1179,AXIS,
1179,BRN_,
1179,CRAN,
1179,DP24,
1179,EDEM,
1179,LTRK,
1179,MO24,1.0
1179,MORT,1.0
1179,MUSC,1.0
1179,NC24,
1179,NC__,
1179,SKIN,
1179,SM24,
1179,TCHR,
1179,TOT_MORT,1.0
1180,ALL_BUT_MORT,0.0
1180,ANY120,0.0
1180,ANY24,
1180,AXIS,1.0
1180,BRN_,0.0
1180,CRAN,1.0
1180,DP24,
1180,EDEM,0.0
1180,LTRK,0.0
1180,MO24,
1180,MORT,1.0
1180,MUSC,1.0
1180,NC24,
1180,NC__,
1180,SKIN,
1180,SM24,
1180,TCHR,1.0
1180,TOT_MORT,1.0
1182,ALL_BUT_MORT,-1.0
1182,ANY120,-1.0
1182,ANY24,0.0
1182,AXIS,0.0
1182,BRN_,0.0
1182,CRAN,0.0
1182,DP24,1.0
1182,EDEM,0.0
1182,LTRK,-1.0
1182,MO24,0.0
1182,MORT,0.0
1182,MUSC,
1182,NC24,1.0
1182,NC__,
1182,SKIN,
1182,SM24,1.0
1182,TCHR,1.0
1182,TOT_MORT,0.0
1183,ALL_BUT_MORT,1.0
1183,ANY120,
1183,ANY24,1.0
1183,AXIS,1.0
1183,BRN_,
1183,CRAN,1.0
1183,DP24,
1183,EDEM,1.0
1183,LTRK,
1183,MO24,1.0
1183,MORT,
1183,MUSC,
1183,NC24,
1183,NC__,
1183,SKIN,
1183,SM24,
1183,TCHR,
1183,TOT_MORT,
1187,ALL_BUT_MORT,1.0
1187,ANY120,
1187,ANY24,
1187,AXIS,
1187,BRN_,
1187,CRAN,
1187,DP24,1.0
1187,EDEM,
1187,LTRK,
1187,MO24,
1187,MORT,
1187,MUSC,
1187,NC24,
1187,NC__,
1187,SKIN,
1187,SM24,
1187,TCHR,
1187,TOT_MORT,
1211,ALL_BUT_MORT,0.0
1211,ANY120,0.0
1211,ANY24,1.0
1211,AXIS,0.0
1211,BRN_,0.0
1211,CRAN,0.0
1211,DP24,
1211,EDEM,0.0
1211,LTRK,0.0
1211,MO24,1.0
1211,MORT,0.0
1211,MUSC,
1211,NC24,
1211,NC__,
1211,SKIN,
1211,SM24,
1211,TCHR,1.0
1211,TOT_MORT,0.0
1221,ALL_BUT_MORT,
1221,ANY120,
1221,ANY24,0.0
1221,AXIS,1.0
1221,BRN_,
1221,CRAN,
1221,DP24,
1221,EDEM,1.0
1221,LTRK,1.0
1221,MO24,0.0
1221,MORT,
1221,MUSC,
1221,NC24,
1221,NC__,
1221,SKIN,
1221,SM24,
1221,TCHR,1.0
1221,TOT_MORT,
1268,ALL_BUT_MORT,
1268,ANY120,
1268,ANY24,1.0
1268,AXIS,
1268,BRN_,
1268,CRAN,
1268,DP24,
1268,EDEM,
1268,LTRK,
1268,MO24,0.0
1268,MORT,1.0
1268,MUSC,
1268,NC24,
1268,NC__,
1268,SKIN,
1268,SM24,
1268,TCHR,
1268,TOT_MORT,1.0
1271,ALL_BUT_MORT,0.0
1271,ANY120,0.0
1271,ANY24,
1271,AXIS,0.0
1271,BRN_,0.0
1271,CRAN,0.0
1271,DP24,0.0
1271,EDEM,0.0
1271,LTRK,0.0
1271,MO24,
1271,MORT,0.0
1271,MUSC,0.0
1271,NC24,
1271,NC__,
1271,SKIN,
1271,SM24,
1271,TCHR,0.0
1271,TOT_MORT,0.0
1273,ALL_BUT_MORT,0.0
1273,ANY120,0.0
1273,ANY24,
1273,AXIS,
1273,BRN_,0.0
1273,CRAN,0.0
1273,DP24,1.0
1273,EDEM,
1273,LTRK,
1273,MO24,
1273,MORT,
1273,MUSC,
1273,NC24,
1273,NC__,
1273,SKIN,
1273,SM24,
1273,TCHR,0.0
1273,TOT_MORT,
1307,ALL_BUT_MORT,
1307,ANY120,
1307,ANY24,
1307,AXIS,
1307,BRN_,
1307,CRAN,
1307,DP24,
1307,EDEM,
1307,LTRK,
1307,MO24,
1307,MORT,
1307,MUSC,1.0
1307,NC24,
1307,NC__,
1307,SKIN,
1307,SM24,
1307,TCHR,
1307,TOT_MORT,
1310,ALL_BUT_MORT,
1310,ANY120,
1310,ANY24,
1310,AXIS,
1310,BRN_,
1310,CRAN,
1310,DP24,
1310,EDEM,1.0
1310,LTRK,
1310,MO24,1.0
1310,MORT,
1310,MUSC,
1310,NC24,
1310,NC__,
1310,SKIN,
1310,SM24,
1310,TCHR,
1310,TOT_MORT,
1316,ALL_BUT_MORT,0.0
1316,ANY120,0.0
1316,ANY24,0.0
1316,AXIS,0.0
1316,BRN_,1.0
1316,CRAN,0.0
1316,DP24,0.0
1316,EDEM,0.0
1316,LTRK,
1316,MO24,1.0
1316,MORT,0.0
1316,MUSC,
1316,NC24,
1316,NC__,
1316,SKIN,
1316,SM24,
1316,TCHR,1.0
1316,TOT_MORT,0.0
1327,ALL_BUT_MORT,1.0
1327,ANY120,
1327,ANY24,
1327,AXIS,
1327,BRN_,
1327,CRAN,
1327,DP24,1.0
1327,EDEM,1.0
1327,LTRK,1.0
1327,MO24,
1327,MORT,
1327,MUSC,
1327,NC24,
1327,NC__,
1327,SKIN,
1327,SM24,
1327,TCHR,
1327,TOT_MORT,
1354,ALL_BUT_MORT,
1354,ANY120,
1354,ANY24,
1354,AXIS,
1354,BRN_,
1354,CRAN,
1354,DP24,1.0
1354,EDEM,
1354,LTRK,
1354,MO24,
1354,MORT,1.0
1354,MUSC,
1354,NC24,
1354,NC__,
1354,SKIN,
1354,SM24,
1354,TCHR,
1354,TOT_MORT,
1363,ALL_BUT_MORT,0.0
1363,ANY120,0.0
1363,ANY24,0.0
1363,AXIS,0.0
1363,BRN_,0.0
1363,CRAN,0.0
1363,DP24,0.0
1363,EDEM,
1363,LTRK,0.0
1363,MO24,0.0
1363,MORT,0.0
1363,MUSC,1.0
1363,NC24,
1363,NC__,
1363,SKIN,
1363,SM24,
1363,TCHR,
1363,TOT_MORT,0.0
1370,ALL_BUT_MORT,1.0
1370,ANY120,1.0
1370,ANY24,1.0
1370,AXIS,1.0
1370,BRN_,1.0
1370,CRAN,1.0
1370,DP24,
1370,EDEM,1.0
1370,LTRK,
1370,MO24,1.0
1370,MORT,
1370,MUSC,
1370,NC24,
1370,NC__,
1370,SKIN,
1370,SM24,
1370,TCHR,
1370,TOT_MORT,1.0
1371,ALL_BUT_MORT,1.0
1371,ANY120,0.0
1371,ANY24,0.0
1371,AXIS,1.0
1371,BRN_,1.0
1371,CRAN,1.0
1371,DP24,1.0
1371,EDEM,1.0
1371,LTRK,1.0
1371,MO24,
1371,MORT,
1371,MUSC,
1371,NC24,
1371,NC__,
1371,SKIN,
1371,SM24,
1371,TCHR,
1371,TOT_MORT,
1383,ALL_BUT_MORT,0.0
1383,ANY120,0.0
1383,ANY24,0.0
1383,AXIS,0.0
1383,BRN_,0.0
1383,CRAN,0.0
1383,DP24,0.0
1383,EDEM,0.0
1383,LTRK,0.0
1383,MO24,0.0
1383,MORT,0.0
1383,MUSC,0.0
1383,NC24,
1383,NC__,0.0
1383,SKIN,
1383,SM24,
1383,TCHR,0.0
1383,TOT_MORT,0.0
1391,ALL_BUT_MORT,0.0
1391,ANY120,0.0
1391,ANY24,
1391,AXIS,0.0
1391,BRN_,
1391,CRAN,0.0
1391,DP24,
1391,EDEM,0.0
1391,LTRK,0.0
1391,MO24,
1391,MORT,
1391,MUSC,
1391,NC24,
1391,NC__,
1391,SKIN,
1391,SM24,
1391,TCHR,0.0
1391,TOT_MORT,
1449,ALL_BUT_MORT,
1449,ANY120,1.0
1449,ANY24,
1449,AXIS,
1449,BRN_,1.0
1449,CRAN,
1449,DP24,
1449,EDEM,
1449,LTRK,
1449,MO24,
1449,MORT,1.0
1449,MUSC,
1449,NC24,
1449,NC__,
1449,SKIN,
1449,SM24,
1449,TCHR,
1449,TOT_MORT,1.0
1450,ALL_BUT_MORT,1.0
1450,ANY120,1.0
1450,ANY24,1.0
1450,AXIS,1.0
1450,BRN_,
1450,CRAN,
1450,DP24,
1450,EDEM,
1450,LTRK,1.0
1450,MO24,
1450,MORT,0.0
1450,MUSC,
1450,NC24,
1450,NC__,
1450,SKIN,
1450,SM24,
1450,TCHR,
1450,TOT_MORT,0.0
1454,ALL_BUT_MORT,1.0
1454,ANY120,
1454,ANY24,
1454,AXIS,
1454,BRN_,
1454,CRAN,
1454,DP24,1.0
1454,EDEM,
1454,LTRK,
1454,MO24,
1454,MORT,
1454,MUSC,
1454,NC24,
1454,NC__,
1454,SKIN,
1454,SM24,
1454,TCHR,
1454,TOT_MORT,
1455,ALL_BUT_MORT,
1455,ANY120,1.0
1455,ANY24,1.0
1455,AXIS,
1455,BRN_,
1455,CRAN,
1455,DP24,1.0
1455,EDEM,
1455,LTRK,
1455,MO24,0.0
1455,MORT,0.0
1455,MUSC,
1455,NC24,
1455,NC__,
1455,SKIN,
1455,SM24,
1455,TCHR,1.0
1455,TOT_MORT,0.0
1532,ALL_BUT_MORT,1.0
1532,ANY120,
1532,ANY24,
1532,AXIS,
1532,BRN_,
1532,CRAN,
1532,DP24,1.0
1532,EDEM,
1532,LTRK,
1532,MO24,
1532,MORT,
1532,MUSC,
1532,NC24,
1532,NC__,
1532,SKIN,
1532,SM24,
1532,TCHR,
1532,TOT_MORT,
1535,ALL_BUT_MORT,0.0
1535,ANY120,0.0
1535,ANY24,0.0
1535,AXIS,
1535,BRN_,1.0
1535,CRAN,0.0
1535,DP24,0.0
1535,EDEM,1.0
1535,LTRK,
1535,MO24,0.0
1535,MORT,0.0
1535,MUSC,
1535,NC24,
1535,NC__,
1535,SKIN,1.0
1535,SM24,
1535,TCHR,1.0
1535,TOT_MORT,0.0
1540,ALL_BUT_MORT,
1540,ANY120,
1540,ANY24,
1540,AXIS,1.0
1540,BRN_,
1540,CRAN,
1540,DP24,
1540,EDEM,
1540,LTRK,1.0
1540,MO24,
1540,MORT,
1540,MUSC,1.0
1540,NC24,
1540,NC__,
1540,SKIN,1.0
1540,SM24,
1540,TCHR,1.0
1540,TOT_MORT,
1595,ALL_BUT_MORT,-1.0
1595,ANY120,-1.0
1595,ANY24,
1595,AXIS,-1.0
1595,BRN_,-1.0
1595,CRAN,-1.0
1595,DP24,
1595,EDEM,-1.0
1595,LTRK,-1.0
1595,MO24,
1595,MORT,-1.0
1595,MUSC,
1595,NC24,
1595,NC__,
1595,SKIN,
1595,SM24,
1595,TCHR,0.0
1595,TOT_MORT,
1600,ALL_BUT_MORT,0.0
1600,ANY120,1.0
1600,ANY24,
1600,AXIS,
1600,BRN_,1.0
1600,CRAN,0.0
1600,DP24,1.0
1600,EDEM,
1600,LTRK,1.0
1600,MO24,
1600,MORT,
1600,MUSC,
1600,NC24,
1600,NC__,
1600,SKIN,
1600,SM24,
1600,TCHR,
1600,TOT_MORT,
1603,ALL_BUT_MORT,
1603,ANY120,0.0
1603,ANY24,
1603,AXIS,
1603,BRN_,
1603,CRAN,
1603,DP24,
1603,EDEM,
1603,LTRK,
1603,MO24,
1603,MORT,0.0
1603,MUSC,
1603,NC24,
1603,NC__,
1603,SKIN,
1603,SM24,
1603,TCHR,
1603,TOT_MORT,0.0
1606,ALL_BUT_MORT,0.0
1606,ANY120,0.0
1606,ANY24,0.0
1606,AXIS,
1606,BRN_,
1606,CRAN,
1606,DP24,0.0
1606,EDEM,
1606,LTRK,
1606,MO24,0.0
1606,MORT,0.0
1606,MUSC,
1606,NC24,
1606,NC__,
1606,SKIN,
1606,SM24,
1606,TCHR,
1606,TOT_MORT,0.0
1608,ALL_BUT_MORT,
1608,ANY120,
1608,ANY24,
1608,AXIS,
1608,BRN_,
1608,CRAN,
1608,DP24,0.0
1608,EDEM,
1608,LTRK,1.0
1608,MO24,
1608,MORT,
1608,MUSC,1.0
1608,NC24,
1608,NC__,1.0
1608,SKIN,1.0
1608,SM24,
1608,TCHR,1.0
1608,TOT_MORT,
1610,ALL_BUT_MORT,0.0
1610,ANY120,0.0
1610,ANY24,0.0
1610,AXIS,
1610,BRN_,0.0
1610,CRAN,1.0
1610,DP24,0.0
1610,EDEM,1.0
1610,LTRK,1.0
1610,MO24,0.0
1610,MORT,0.0
1610,MUSC,
1610,NC24,
1610,NC__,
1610,SKIN,
1610,SM24,
1610,TCHR,
1610,TOT_MORT,0.0
1611,ALL_BUT_MORT,0.0
1611,ANY120,0.0
1611,ANY24,
1611,AXIS,
1611,BRN_,0.0
1611,CRAN,0.0
1611,DP24,
1611,EDEM,0.0
1611,LTRK,0.0
1611,MO24,
1611,MORT,
1611,MUSC,
1611,NC24,
1611,NC__,1.0
1611,SKIN,
1611,SM24,
1611,TCHR,
1611,TOT_MORT,
1612,ALL_BUT_MORT,
1612,ANY120,1.0
1612,ANY24,
1612,AXIS,
1612,BRN_,
1612,CRAN,
1612,DP24,
1612,EDEM,
1612,LTRK,
1612,MO24,1.0
1612,MORT,1.0
1612,MUSC,
1612,NC24,
1612,NC__,
1612,SKIN,
1612,SM24,
1612,TCHR,
1612,TOT_MORT,1.0
1613,ALL_BUT_MORT,1.0
1613,ANY120,1.0
1613,ANY24,
1613,AXIS,1.0
1613,BRN_,1.0
1613,CRAN,1.0
1613,DP24,
1613,EDEM,1.0
1613,LTRK,1.0
1613,MO24,
1613,MORT,1.0
1613,MUSC,1.0
1613,NC24,
1613,NC__,
1613,SKIN,
1613,SM24,
1613,TCHR,1.0
1613,TOT_MORT,
1614,ALL_BUT_MORT,0.0
1614,ANY120,0.0
1614,ANY24,0.0
1614,AXIS,0.0
1614,BRN_,0.0
1614,CRAN,0.0
1614,DP24,0.0
1614,EDEM,0.0
1614,LTRK,0.0
1614,MO24,1.0
1614,MORT,0.0
1614,MUSC,
1614,NC24,
1614,NC__,
1614,SKIN,
1614,SM24,
1614,TCHR,0.0
1614,TOT_MORT,0.0
1615,ALL_BUT_MORT,
1615,ANY120,
1615,ANY24,
1615,AXIS,
1615,BRN_,
1615,CRAN,
1615,DP24,
1615,EDEM,
1615,LTRK,
1615,MO24,1.0
1615,MORT,
1615,MUSC,
1615,NC24,
1615,NC__,
1615,SKIN,
1615,SM24,
1615,TCHR,
1615,TOT_MORT,
1616,ALL_BUT_MORT,0.0
1616,ANY120,0.0
1616,ANY24,0.0
1616,AXIS,0.0
1616,BRN_,0.0
1616,CRAN,0.0
1616,DP24,0.0
1616,EDEM,0.0
1616,LTRK,0.0
1616,MO24,1.0
1616,MORT,0.0
1616,MUSC,
1616,NC24,
1616,NC__,
1616,SKIN,
1616,SM24,
1616,TCHR,0.0
1616,TOT_MORT,0.0
1617,ALL_BUT_MORT,0.0
1617,ANY120,0.0
1617,ANY24,
1617,AXIS,
1617,BRN_,1.0
1617,CRAN,
1617,DP24,
1617,EDEM,
1617,LTRK,0.0
1617,MO24,
1617,MORT,
1617,MUSC,
1617,NC24,
1617,NC__,
1617,SKIN,0.0
1617,SM24,
1617,TCHR,
1617,TOT_MORT,
1618,ALL_BUT_MORT,
1618,ANY120,
1618,ANY24,
1618,AXIS,
1618,BRN_,
1618,CRAN,
1618,DP24,
1618,EDEM,
1618,LTRK,
1618,MO24,
1618,MORT,
1618,MUSC,
1618,NC24,
1618,NC__,
1618,SKIN,
1618,SM24,
1618,TCHR,
1618,TOT_MORT,
1619,ALL_BUT_MORT,
1619,ANY120,0.0
1619,ANY24,
1619,AXIS,
1619,BRN_,
1619,CRAN,
1619,DP24,
1619,EDEM,
1619,LTRK,
1619,MO24,1.0
1619,MORT,0.0
1619,MUSC,
1619,NC24,
1619,NC__,
1619,SKIN,
1619,SM24,
1619,TCHR,
1619,TOT_MORT,0.0
1620,ALL_BUT_MORT,1.0
1620,ANY120,0.0
1620,ANY24,
1620,AXIS,
1620,BRN_,1.0
1620,CRAN,1.0
1620,DP24,
1620,EDEM,1.0
1620,LTRK,1.0
1620,MO24,
1620,MORT,0.0
1620,MUSC,
1620,NC24,
1620,NC__,
1620,SKIN,
1620,SM24,
1620,TCHR,1.0
1620,TOT_MORT,0.0
1627,ALL_BUT_MORT,1.0
1627,ANY120,1.0
1627,ANY24,1.0
1627,AXIS,1.0
1627,BRN_,
1627,CRAN,
1627,DP24,1.0
1627,EDEM,
1627,LTRK,
1627,MO24,
1627,MORT,1.0
1627,MUSC,
1627,NC24,
1627,NC__,
1627,SKIN,
1627,SM24,
1627,TCHR,
1627,TOT_MORT,1.0
1629,ALL_BUT_MORT,0.0
1629,ANY120,0.0
1629,ANY24,1.0
1629,AXIS,0.0
1629,BRN_,0.0
1629,CRAN,0.0
1629,DP24,
1629,EDEM,0.0
1629,LTRK,0.0
1629,MO24,1.0
1629,MORT,1.0
1629,MUSC,1.0
1629,NC24,
1629,NC__,
1629,SKIN,
1629,SM24,
1629,TCHR,0.0
1629,TOT_MORT,0.0
1631,ALL_BUT_MORT,
1631,ANY120,
1631,ANY24,1.0
1631,AXIS,
1631,BRN_,
1631,CRAN,
1631,DP24,1.0
1631,EDEM,
1631,LTRK,
1631,MO24,
1631,MORT,1.0
1631,MUSC,
1631,NC24,
1631,NC__,
1631,SKIN,
1631,SM24,
1631,TCHR,
1631,TOT_MORT,1.0
1651,ALL_BUT_MORT,
1651,ANY120,0.0
1651,ANY24,0.0
1651,AXIS,
1651,BRN_,
1651,CRAN,
1651,DP24,
1651,EDEM,1.0
1651,LTRK,
1651,MO24,0.0
1651,MORT,0.0
1651,MUSC,
1651,NC24,
1651,NC__,
1651,SKIN,
1651,SM24,
1651,TCHR,
1651,TOT_MORT,0.0
1664,ALL_BUT_MORT,
1664,ANY120,
1664,ANY24,
1664,AXIS,1.0
1664,BRN_,1.0
1664,CRAN,
1664,DP24,1.0
1664,EDEM,
1664,LTRK,1.0
1664,MO24,
1664,MORT,
1664,MUSC,
1664,NC24,
1664,NC__,
1664,SKIN,
1664,SM24,
1664,TCHR,1.0
1664,TOT_MORT,
1666,ALL_BUT_MORT,1.0
1666,ANY120,0.0
1666,ANY24,0.0
1666,AXIS,1.0
1666,BRN_,1.0
1666,CRAN,1.0
1666,DP24,0.0
1666,EDEM,1.0
1666,LTRK,1.0
1666,MO24,1.0
1666,MORT,
1666,MUSC,1.0
1666,NC24,
1666,NC__,1.0
1666,SKIN,1.0
1666,SM24,
1666,TCHR,
1666,TOT_MORT,
1670,ALL_BUT_MORT,
1670,ANY120,
1670,ANY24,
1670,AXIS,
1670,BRN_,
1670,CRAN,
1670,DP24,
1670,EDEM,
1670,LTRK,
1670,MO24,
1670,MORT,1.0
1670,MUSC,
1670,NC24,
1670,NC__,
1670,SKIN,
1670,SM24,
1670,TCHR,
1670,TOT_MORT,1.0
1677,ALL_BUT_MORT,0.0
1677,ANY120,0.0
1677,ANY24,
1677,AXIS,0.0
1677,BRN_,0.0
1677,CRAN,0.0
1677,DP24,0.0
1677,EDEM,0.0
1677,LTRK,0.0
1677,MO24,
1677,MORT,
1677,MUSC,0.0
1677,NC24,
1677,NC__,
1677,SKIN,1.0
1677,SM24,
1677,TCHR,0.0
1677,TOT_MORT,
1689,ALL_BUT_MORT,0.0
1689,ANY120,0.0
1689,ANY24,1.0
1689,AXIS,0.0
1689,BRN_,1.0
1689,CRAN,0.0
1689,DP24,1.0
1689,EDEM,0.0
1689,LTRK,0.0
1689,MO24,1.0
1689,MORT,1.0
1689,MUSC,0.0
1689,NC24,
1689,NC__,1.0
1689,SKIN,
1689,SM24,
1689,TCHR,0.0
1689,TOT_MORT,1.0
1694,ALL_BUT_MORT,
1694,ANY120,
1694,ANY24,
1694,AXIS,
1694,BRN_,1.0
1694,CRAN,
1694,DP24,
1694,EDEM,
1694,LTRK,
1694,MO24,
1694,MORT,
1694,MUSC,1.0
1694,NC24,
1694,NC__,
1694,SKIN,
1694,SM24,
1694,TCHR,1.0
1694,TOT_MORT,
1704,ALL_BUT_MORT,
1704,ANY120,
1704,ANY24,
1704,AXIS,
1704,BRN_,
1704,CRAN,
1704,DP24,
1704,EDEM,
1704,LTRK,
1704,MO24,
1704,MORT,-1.0
1704,MUSC,
1704,NC24,
1704,NC__,
1704,SKIN,
1704,SM24,
1704,TCHR,
1704,TOT_MORT,-1.0
1706,ALL_BUT_MORT,1.0
1706,ANY120,
1706,ANY24,
1706,AXIS,1.0
1706,BRN_,1.0
1706,CRAN,1.0
1706,DP24,
1706,EDEM,1.0
1706,LTRK,
1706,MO24,
1706,MORT,
1706,MUSC,1.0
1706,NC24,
1706,NC__,
1706,SKIN,
1706,SM24,
1706,TCHR,
1706,TOT_MORT,
1762,ALL_BUT_MORT,
1762,ANY120,
1762,ANY24,
1762,AXIS,
1762,BRN_,
1762,CRAN,1.0
1762,DP24,
1762,EDEM,
1762,LTRK,
1762,MO24,
1762,MORT,
1762,MUSC,
1762,NC24,
1762,NC__,
1762,SKIN,
1762,SM24,
1762,TCHR,
1762,TOT_MORT,
1764,ALL_BUT_MORT,0.0
1764,ANY120,0.0
1764,ANY24,0.0
1764,AXIS,0.0
1764,BRN_,0.0
1764,CRAN,0.0
1764,DP24,1.0
1764,EDEM,0.0
1764,LTRK,0.0
1764,MO24,1.0
1764,MORT,0.0
1764,MUSC,0.0
1764,NC24,
1764,NC__,
1764,SKIN,
1764,SM24,1.0
1764,TCHR,0.0
1764,TOT_MORT,0.0
1770,ALL_BUT_MORT,0.0
1770,ANY120,0.0
1770,ANY24,0.0
1770,AXIS,0.0
1770,BRN_,0.0
1770,CRAN,0.0
1770,DP24,
1770,EDEM,0.0
1770,LTRK,0.0
1770,MO24,0.0
1770,MORT,0.0
1770,MUSC,
1770,NC24,
1770,NC__,
1770,SKIN,
1770,SM24,
1770,TCHR,
1770,TOT_MORT,0.0
1771,ALL_BUT_MORT,1.0
1771,ANY120,1.0
1771,ANY24,1.0
1771,AXIS,1.0
1771,BRN_,
1771,CRAN,1.0
1771,DP24,
1771,EDEM,1.0
1771,LTRK,1.0
1771,MO24,1.0
1771,MORT,1.0
1771,MUSC,
1771,NC24,
1771,NC__,
1771,SKIN,
1771,SM24,
1771,TCHR,
1771,TOT_MORT,1.0
1790,ALL_BUT_MORT,
1790,ANY120,1.0
1790,ANY24,-1.0
1790,AXIS,
1790,BRN_,
1790,CRAN,
1790,DP24,
1790,EDEM,
1790,LTRK,
1790,MO24,-1.0
1790,MORT,-1.0
1790,MUSC,
1790,NC24,
1790,NC__,
1790,SKIN,
1790,SM24,
1790,TCHR,
1790,TOT_MORT,-1.0
1796,ALL_BUT_MORT,1.0
1796,ANY120,
1796,ANY24,1.0
1796,AXIS,
1796,BRN_,
1796,CRAN,
1796,DP24,1.0
1796,EDEM,
1796,LTRK,
1796,MO24,
1796,MORT,
1796,MUSC,
1796,NC24,
1796,NC__,
1796,SKIN,
1796,SM24,
1796,TCHR,1.0
1796,TOT_MORT,
1807,ALL_BUT_MORT,0.0
1807,ANY120,
1807,ANY24,1.0
1807,AXIS,1.0
1807,BRN_,1.0
1807,CRAN,1.0
1807,DP24,1.0
1807,EDEM,0.0
1807,LTRK,1.0
1807,MO24,
1807,MORT,
1807,MUSC,1.0
1807,NC24,
1807,NC__,
1807,SKIN,
1807,SM24,
1807,TCHR,1.0
1807,TOT_MORT,
1808,ALL_BUT_MORT,1.0
1808,ANY120,1.0
1808,ANY24,
1808,AXIS,1.0
1808,BRN_,
1808,CRAN,1.0
1808,DP24,
1808,EDEM,1.0
1808,LTRK,1.0
1808,MO24,
1808,MORT,
1808,MUSC,
1808,NC24,
1808,NC__,
1808,SKIN,
1808,SM24,
1808,TCHR,1.0
1808,TOT_MORT,
1809,ALL_BUT_MORT,1.0
1809,ANY120,
1809,ANY24,1.0
1809,AXIS,
1809,BRN_,
1809,CRAN,
1809,DP24,1.0
1809,EDEM,
1809,LTRK,
1809,MO24,
1809,MORT,
1809,MUSC,
1809,NC24,
1809,NC__,
1809,SKIN,
1809,SM24,
1809,TCHR,
1809,TOT_MORT,
1816,ALL_BUT_MORT,1.0
1816,ANY120,0.0
1816,ANY24,0.0
1816,AXIS,1.0
1816,BRN_,1.0
1816,CRAN,1.0
1816,DP24,
1816,EDEM,0.0
1816,LTRK,1.0
1816,MO24,0.0
1816,MORT,
1816,MUSC,
1816,NC24,
1816,NC__,1.0
1816,SKIN,
1816,SM24,
1816,TCHR,
1816,TOT_MORT,
1827,ALL_BUT_MORT,
1827,ANY120,
1827,ANY24,0.0
1827,AXIS,
1827,BRN_,
1827,CRAN,
1827,DP24,
1827,EDEM,
1827,LTRK,
1827,MO24,0.0
1827,MORT,0.0
1827,MUSC,
1827,NC24,
1827,NC__,
1827,SKIN,
1827,SM24,
1827,TCHR,
1827,TOT_MORT,0.0
1845,ALL_BUT_MORT,1.0
1845,ANY120,1.0
1845,ANY24,1.0
1845,AXIS,
1845,BRN_,
1845,CRAN,1.0
1845,DP24,1.0
1845,EDEM,1.0
1845,LTRK,
1845,MO24,
1845,MORT,
1845,MUSC,1.0
1845,NC24,
1845,NC__,
1845,SKIN,
1845,SM24,
1845,TCHR,
1845,TOT_MORT,
1846,ALL_BUT_MORT,0.0
1846,ANY120,0.0
1846,ANY24,0.0
1846,AXIS,1.0
1846,BRN_,1.0
1846,CRAN,
1846,DP24,0.0
1846,EDEM,
1846,LTRK,1.0
1846,MO24,1.0
1846,MORT,0.0
1846,MUSC,1.0
1846,NC24,
1846,NC__,
1846,SKIN,1.0
1846,SM24,
1846,TCHR,1.0
1846,TOT_MORT,0.0
1853,ALL_BUT_MORT,0.0
1853,ANY120,
1853,ANY24,
1853,AXIS,1.0
1853,BRN_,1.0
1853,CRAN,1.0
1853,DP24,
1853,EDEM,0.0
1853,LTRK,1.0
1853,MO24,
1853,MORT,
1853,MUSC,1.0
1853,NC24,
1853,NC__,
1853,SKIN,1.0
1853,SM24,
1853,TCHR,1.0
1853,TOT_MORT,
1854,ALL_BUT_MORT,
1854,ANY120,0.0
1854,ANY24,1.0
1854,AXIS,
1854,BRN_,
1854,CRAN,
1854,DP24,
1854,EDEM,
1854,LTRK,
1854,MO24,1.0
1854,MORT,0.0
1854,MUSC,
1854,NC24,
1854,NC__,1.0
1854,SKIN,1.0
1854,SM24,
1854,TCHR,1.0
1854,TOT_MORT,0.0
1855,ALL_BUT_MORT,1.0
1855,ANY120,1.0
1855,ANY24,1.0
1855,AXIS,1.0
1855,BRN_,
1855,CRAN,
1855,DP24,1.0
1855,EDEM,
1855,LTRK,1.0
1855,MO24,
1855,MORT,1.0
1855,MUSC,1.0
1855,NC24,1.0
1855,NC__,1.0
1855,SKIN,
1855,SM24,
1855,TCHR,1.0
1855,TOT_MORT,1.0
1861,ALL_BUT_MORT,0.0
1861,ANY120,0.0
1861,ANY24,0.0
1861,AXIS,
1861,BRN_,0.0
1861,CRAN,0.0
1861,DP24,0.0
1861,EDEM,0.0
1861,LTRK,1.0
1861,MO24,0.0
1861,MORT,0.0
1861,MUSC,1.0
1861,NC24,
1861,NC__,1.0
1861,SKIN,0.0
1861,SM24,
1861,TCHR,1.0
1861,TOT_MORT,0.0
1890,ALL_BUT_MORT,0.0
1890,ANY120,0.0
1890,ANY24,0.0
1890,AXIS,1.0
1890,BRN_,
1890,CRAN,0.0
1890,DP24,0.0
1890,EDEM,0.0
1890,LTRK,
1890,MO24,
1890,MORT,
1890,MUSC,
1890,NC24,
1890,NC__,
1890,SKIN,
1890,SM24,
1890,TCHR,
1890,TOT_MORT,
1906,ALL_BUT_MORT,
1906,ANY120,
1906,ANY24,
1906,AXIS,1.0
1906,BRN_,1.0
1906,CRAN,1.0
1906,DP24,
1906,EDEM,1.0
1906,LTRK,1.0
1906,MO24,
1906,MORT,
1906,MUSC,1.0
1906,NC24,
1906,NC__,
1906,SKIN,
1906,SM24,
1906,TCHR,1.0
1906,TOT_MORT,
1912,ALL_BUT_MORT,
1912,ANY120,
1912,ANY24,
1912,AXIS,
1912,BRN_,
1912,CRAN,1.0
1912,DP24,
1912,EDEM,
1912,LTRK,
1912,MO24,
1912,MORT,
1912,MUSC,
1912,NC24,
1912,NC__,
1912,SKIN,
1912,SM24,
1912,TCHR,
1912,TOT_MORT,
1929,ALL_BUT_MORT,
1929,ANY120,
1929,ANY24,
1929,AXIS,1.0
1929,BRN_,1.0
1929,CRAN,1.0
1929,DP24,
1929,EDEM,1.0
1929,LTRK,1.0
1929,MO24,
1929,MORT,
1929,MUSC,1.0
1929,NC24,
1929,NC__,
1929,SKIN,1.0
1929,SM24,
1929,TCHR,
1929,TOT_MORT,
1930,ALL_BUT_MORT,0.0
1930,ANY120,0.0
1930,ANY24,0.0
1930,AXIS,0.0
1930,BRN_,0.0
1930,CRAN,0.0
1930,DP24,
1930,EDEM,0.0
1930,LTRK,0.0
1930,MO24,0.0
1930,MORT,0.0
1930,MUSC,0.0
1930,NC24,
1930,NC__,0.0
1930,SKIN,
1930,SM24,
1930,TCHR,0.0
1930,TOT_MORT,0.0
1944,ALL_BUT_MORT,1.0
1944,ANY120,
1944,ANY24,
1944,AXIS,
1944,BRN_,
1944,CRAN,
1944,DP24,
1944,EDEM,
1944,LTRK,
1944,MO24,
1944,MORT,
1944,MUSC,
1944,NC24,
1944,NC__,1.0
1944,SKIN,
1944,SM24,
1944,TCHR,1.0
1944,TOT_MORT,
1961,ALL_BUT_MORT,
1961,ANY120,1.0
1961,ANY24,0.0
1961,AXIS,
1961,BRN_,
1961,CRAN,
1961,DP24,1.0
1961,EDEM,
1961,LTRK,
1961,MO24,0.0
1961,MORT,-1.0
1961,MUSC,
1961,NC24,
1961,NC__,
1961,SKIN,
1961,SM24,
1961,TCHR,
1961,TOT_MORT,-1.0
1965,ALL_BUT_MORT,0.0
1965,ANY120,0.0
1965,ANY24,0.0
1965,AXIS,
1965,BRN_,
1965,CRAN,
1965,DP24,1.0
1965,EDEM,1.0
1965,LTRK,
1965,MO24,0.0
1965,MORT,1.0
1965,MUSC,
1965,NC24,
1965,NC__,
1965,SKIN,
1965,SM24,
1965,TCHR,1.0
1965,TOT_MORT,0.0
1967,ALL_BUT_MORT,1.0
1967,ANY120,1.0
1967,ANY24,1.0
1967,AXIS,
1967,BRN_,1.0
1967,CRAN,1.0
1967,DP24,1.0
1967,EDEM,1.0
1967,LTRK,
1967,MO24,1.0
1967,MORT,
1967,MUSC,
1967,NC24,
1967,NC__,
1967,SKIN,
1967,SM24,
1967,TCHR,
1967,TOT_MORT,1.0
1968,ALL_BUT_MORT,1.0
1968,ANY120,
1968,ANY24,
1968,AXIS,
1968,BRN_,
1968,CRAN,
1968,DP24,
1968,EDEM,
1968,LTRK,
1968,MO24,1.0
1968,MORT,
1968,MUSC,
1968,NC24,
1968,NC__,
1968,SKIN,
1968,SM24,
1968,TCHR,
1968,TOT_MORT,
1982,ALL_BUT_MORT,1.0
1982,ANY120,
1982,ANY24,0.0
1982,AXIS,1.0
1982,BRN_,1.0
1982,CRAN,1.0
1982,DP24,
1982,EDEM,1.0
1982,LTRK,1.0
1982,MO24,1.0
1982,MORT,
1982,MUSC,1.0
1982,NC24,
1982,NC__,
1982,SKIN,
1982,SM24,
1982,TCHR,
1982,TOT_MORT,
2058,ALL_BUT_MORT,-1.0
2058,ANY120,-1.0
2058,ANY24,0.0
2058,AXIS,-1.0
2058,BRN_,0.0
2058,CRAN,1.0
2058,DP24,0.0
2058,EDEM,-1.0
2058,LTRK,1.0
2058,MO24,0.0
2058,MORT,0.0
2058,MUSC,
2058,NC24,
2058,NC__,
2058,SKIN,
2058,SM24,
2058,TCHR,0.0
2058,TOT_MORT,0.0
2067,ALL_BUT_MORT,1.0
2067,ANY120,1.0
2067,ANY24,1.0
2067,AXIS,1.0
2067,BRN_,1.0
2067,CRAN,1.0
2067,DP24,
2067,EDEM,
2067,LTRK,1.0
2067,MO24,1.0
2067,MORT,
2067,MUSC,
2067,NC24,
2067,NC__,
2067,SKIN,
2067,SM24,
2067,TCHR,
2067,TOT_MORT,1.0
2098,ALL_BUT_MORT,
2098,ANY120,
2098,ANY24,
2098,AXIS,
2098,BRN_,
2098,CRAN,
2098,DP24,
2098,EDEM,
2098,LTRK,
2098,MO24,
2098,MORT,
2098,MUSC,
2098,NC24,
2098,NC__,
2098,SKIN,
2098,SM24,
2098,TCHR,
2098,TOT_MORT,
2103,ALL_BUT_MORT,0.0
2103,ANY120,0.0
2103,ANY24,1.0
2103,AXIS,0.0
2103,BRN_,1.0
2103,CRAN,0.0
2103,DP24,1.0
2103,EDEM,0.0
2103,LTRK,0.0
2103,MO24,
2103,MORT,0.0
2103,MUSC,
2103,NC24,
2103,NC__,0.0
2103,SKIN,
2103,SM24,1.0
2103,TCHR,1.0
2103,TOT_MORT,0.0
2104,ALL_BUT_MORT,0.0
2104,ANY120,0.0
2104,ANY24,0.0
2104,AXIS,0.0
2104,BRN_,0.0
2104,CRAN,0.0
2104,DP24,0.0
2104,EDEM,0.0
2104,LTRK,0.0
2104,MO24,1.0
2104,MORT,
2104,MUSC,0.0
2104,NC24,
2104,NC__,
2104,SKIN,
2104,SM24,
2104,TCHR,0.0
2104,TOT_MORT,
2105,ALL_BUT_MORT,0.0
2105,ANY120,0.0
2105,ANY24,
2105,AXIS,
2105,BRN_,
2105,CRAN,
2105,DP24,1.0
2105,EDEM,0.0
2105,LTRK,
2105,MO24,
2105,MORT,
2105,MUSC,
2105,NC24,
2105,NC__,0.0
2105,SKIN,
2105,SM24,
2105,TCHR,
2105,TOT_MORT,
2137,ALL_BUT_MORT,
2137,ANY120,
2137,ANY24,
2137,AXIS,
2137,BRN_,
2137,CRAN,
2137,DP24,
2137,EDEM,
2137,LTRK,
2137,MO24,
2137,MORT,
2137,MUSC,
2137,NC24,
2137,NC__,
2137,SKIN,
2137,SM24,
2137,TCHR,
2137,TOT_MORT,
2141,ALL_BUT_MORT,1.0
2141,ANY120,0.0
2141,ANY24,
2141,AXIS,1.0
2141,BRN_,0.0
2141,CRAN,0.0
2141,DP24,1.0
2141,EDEM,0.0
2141,LTRK,1.0
2141,MO24,1.0
2141,MORT,0.0
2141,MUSC,1.0
2141,NC24,
2141,NC__,
2141,SKIN,0.0
2141,SM24,
2141,TCHR,1.0
2141,TOT_MORT,0.0
2142,ALL_BUT_MORT,
2142,ANY120,0.0
2142,ANY24,
2142,AXIS,0.0
2142,BRN_,0.0
2142,CRAN,
2142,DP24,
2142,EDEM,0.0
2142,LTRK,1.0
2142,MO24,
2142,MORT,0.0
2142,MUSC,
2142,NC24,
2142,NC__,
2142,SKIN,
2142,SM24,
2142,TCHR,0.0
2142,TOT_MORT,0.0
2154,ALL_BUT_MORT,1.0
2154,ANY120,0.0
2154,ANY24,1.0
2154,AXIS,1.0
2154,BRN_,1.0
2154,CRAN,1.0
2154,DP24,1.0
2154,EDEM,1.0
2154,LTRK,1.0
2154,MO24,1.0
2154,MORT,1.0
2154,MUSC,1.0
2154,NC24,
2154,NC__,1.0
2154,SKIN,1.0
2154,SM24,
2154,TCHR,1.0
2154,TOT_MORT,1.0
2156,ALL_BUT_MORT,1.0
2156,ANY120,
2156,ANY24,
2156,AXIS,1.0
2156,BRN_,1.0
2156,CRAN,1.0
2156,DP24,
2156,EDEM,1.0
2156,LTRK,1.0
2156,MO24,
2156,MORT,
2156,MUSC,1.0
2156,NC24,
2156,NC__,
2156,SKIN,1.0
2156,SM24,
2156,TCHR,1.0
2156,TOT_MORT,
2159,ALL_BUT_MORT,1.0
2159,ANY120,0.0
2159,ANY24,1.0
2159,AXIS,1.0
2159,BRN_,1.0
2159,CRAN,1.0
2159,DP24,
2159,EDEM,1.0
2159,LTRK,1.0
2159,MO24,1.0
2159,MORT,0.0
2159,MUSC,1.0
2159,NC24,
2159,NC__,
2159,SKIN,1.0
2159,SM24,1.0
2159,TCHR,1.0
2159,TOT_MORT,0.0
2165,ALL_BUT_MORT,0.0
2165,ANY120,0.0
2165,ANY24,0.0
2165,AXIS,0.0
2165,BRN_,0.0
2165,CRAN,0.0
2165,DP24,0.0
2165,EDEM,0.0
2165,LTRK,1.0
2165,MO24,
2165,MORT,0.0
2165,MUSC,0.0
2165,NC24,
2165,NC__,
2165,SKIN,
2165,SM24,
2165,TCHR,
2165,TOT_MORT,0.0
2185,ALL_BUT_MORT,1.0
2185,ANY120,0.0
2185,ANY24,1.0
2185,AXIS,1.0
2185,BRN_,1.0
2185,CRAN,1.0
2185,DP24,1.0
2185,EDEM,1.0
2185,LTRK,
2185,MO24,1.0
2185,MORT,0.0
2185,MUSC,
2185,NC24,
2185,NC__,
2185,SKIN,
2185,SM24,
2185,TCHR,
2185,TOT_MORT,0.0
2186,ALL_BUT_MORT,
2186,ANY120,
2186,ANY24,1.0
2186,AXIS,1.0
2186,BRN_,
2186,CRAN,1.0
2186,DP24,
2186,EDEM,1.0
2186,LTRK,
2186,MO24,
2186,MORT,
2186,MUSC,
2186,NC24,
2186,NC__,
2186,SKIN,1.0
2186,SM24,
2186,TCHR,
2186,TOT_MORT,
2187,ALL_BUT_MORT,0.0
2187,ANY120,0.0
2187,ANY24,
2187,AXIS,
2187,BRN_,1.0
2187,CRAN,0.0
2187,DP24,1.0
2187,EDEM,0.0
2187,LTRK,1.0
2187,MO24,
2187,MORT,
2187,MUSC,1.0
2187,NC24,
2187,NC__,
2187,SKIN,1.0
2187,SM24,
2187,TCHR,1.0
2187,TOT_MORT,
2191,ALL_BUT_MORT,1.0
2191,ANY120,
2191,ANY24,
2191,AXIS,
2191,BRN_,
2191,CRAN,
2191,DP24,1.0
2191,EDEM,
2191,LTRK,
2191,MO24,
2191,MORT,
2191,MUSC,
2191,NC24,
2191,NC__,
2191,SKIN,
2191,SM24,
2191,TCHR,
2191,TOT_MORT,
2323,ALL_BUT_MORT,1.0
2323,ANY120,1.0
2323,ANY24,1.0
2323,AXIS,
2323,BRN_,
2323,CRAN,
2323,DP24,
2323,EDEM,
2323,LTRK,
2323,MO24,1.0
2323,MORT,
2323,MUSC,
2323,NC24,
2323,NC__,
2323,SKIN,
2323,SM24,
2323,TCHR,
2323,TOT_MORT,1.0
2324,ALL_BUT_MORT,
2324,ANY120,
2324,ANY24,
2324,AXIS,
2324,BRN_,
2324,CRAN,
2324,DP24,
2324,EDEM,
2324,LTRK,
2324,MO24,
2324,MORT,
2324,MUSC,
2324,NC24,
2324,NC__,
2324,SKIN,
2324,SM24,
2324,TCHR,
2324,TOT_MORT,
2325,ALL_BUT_MORT,1.0
2325,ANY120,1.0
2325,ANY24,1.0
2325,AXIS,1.0
2325,BRN_,1.0
2325,CRAN,1.0
2325,DP24,
2325,EDEM,1.0
2325,LTRK,
2325,MO24,1.0
2325,MORT,
2325,MUSC,1.0
2325,NC24,
2325,NC__,
2325,SKIN,
2325,SM24,
2325,TCHR,1.0
2325,TOT_MORT,1.0
2326,ALL_BUT_MORT,
2326,ANY120,
2326,ANY24,
2326,AXIS,
2326,BRN_,
2326,CRAN,
2326,DP24,
2326,EDEM,
2326,LTRK,
2326,MO24,
2326,MORT,1.0
2326,MUSC,
2326,NC24,
2326,NC__,
2326,SKIN,
2326,SM24,
2326,TCHR,
2326,TOT_MORT,1.0
2327,ALL_BUT_MORT,
2327,ANY120,
2327,ANY24,1.0
2327,AXIS,1.0
2327,BRN_,1.0
2327,CRAN,
2327,DP24,1.0
2327,EDEM,
2327,LTRK,
2327,MO24,
2327,MORT,
2327,MUSC,
2327,NC24,1.0
2327,NC__,1.0
2327,SKIN,
2327,SM24,1.0
2327,TCHR,
2327,TOT_MORT,
2328,ALL_BUT_MORT,
2328,ANY120,
2328,ANY24,
2328,AXIS,
2328,BRN_,
2328,CRAN,
2328,DP24,
2328,EDEM,
2328,LTRK,1.0
2328,MO24,
2328,MORT,
2328,MUSC,
2328,NC24,
2328,NC__,
2328,SKIN,
2328,SM24,
2328,TCHR,
2328,TOT_MORT,
2371,ALL_BUT_MORT,1.0
2371,ANY120,
2371,ANY24,
2371,AXIS,
2371,BRN_,
2371,CRAN,
2371,DP24,
2371,EDEM,
2371,LTRK,1.0
2371,MO24,
2371,MORT,
2371,MUSC,
2371,NC24,
2371,NC__,
2371,SKIN,
2371,SM24,
2371,TCHR,
2371,TOT_MORT,
2373,ALL_BUT_MORT,
2373,ANY120,
2373,ANY24,
2373,AXIS,
2373,BRN_,
2373,CRAN,
2373,DP24,
2373,EDEM,
2373,LTRK,1.0
2373,MO24,
2373,MORT,
2373,MUSC,
2373,NC24,
2373,NC__,
2373,SKIN,
2373,SM24,
2373,TCHR,
2373,TOT_MORT,
2374,ALL_BUT_MORT,
2374,ANY120,
2374,ANY24,
2374,AXIS,1.0
2374,BRN_,1.0
2374,CRAN,1.0
2374,DP24,
2374,EDEM,1.0
2374,LTRK,
2374,MO24,
2374,MORT,
2374,MUSC,
2374,NC24,
2374,NC__,
2374,SKIN,
2374,SM24,
2374,TCHR,
2374,TOT_MORT,
2406,ALL_BUT_MORT,1.0
2406,ANY120,0.0
2406,ANY24,0.0
2406,AXIS,
2406,BRN_,1.0
2406,CRAN,
2406,DP24,0.0
2406,EDEM,
2406,LTRK,1.0
2406,MO24,0.0
2406,MORT,0.0
2406,MUSC,1.0
2406,NC24,
2406,NC__,
2406,SKIN,1.0
2406,SM24,
2406,TCHR,
2406,TOT_MORT,0.0
2411,ALL_BUT_MORT,
2411,ANY120,
2411,ANY24,
2411,AXIS,
2411,BRN_,
2411,CRAN,
2411,DP24,1.0
2411,EDEM,
2411,LTRK,
2411,MO24,
2411,MORT,
2411,MUSC,
2411,NC24,
2411,NC__,
2411,SKIN,
2411,SM24,
2411,TCHR,
2411,TOT_MORT,
2413,ALL_BUT_MORT,1.0
2413,ANY120,1.0
2413,ANY24,
2413,AXIS,
2413,BRN_,
2413,CRAN,
2413,DP24,
2413,EDEM,
2413,LTRK,
2413,MO24,
2413,MORT,
2413,MUSC,
2413,NC24,
2413,NC__,
2413,SKIN,
2413,SM24,
2413,TCHR,1.0
2413,TOT_MORT,
2414,ALL_BUT_MORT,1.0
2414,ANY120,1.0
2414,ANY24,0.0
2414,AXIS,1.0
2414,BRN_,1.0
2414,CRAN,1.0
2414,DP24,1.0
2414,EDEM,
2414,LTRK,1.0
2414,MO24,1.0
2414,MORT,1.0
2414,MUSC,1.0
2414,NC24,
2414,NC__,
2414,SKIN,
2414,SM24,
2414,TCHR,
2414,TOT_MORT,1.0
2415,ALL_BUT_MORT,
2415,ANY120,
2415,ANY24,
2415,AXIS,
2415,BRN_,
2415,CRAN,1.0
2415,DP24,
2415,EDEM,1.0
2415,LTRK,
2415,MO24,
2415,MORT,
2415,MUSC,
2415,NC24,
2415,NC__,
2415,SKIN,
2415,SM24,
2415,TCHR,
2415,TOT_MORT,
2417,ALL_BUT_MORT,
2417,ANY120,
2417,ANY24,
2417,AXIS,
2417,BRN_,
2417,CRAN,
2417,DP24,
2417,EDEM,
2417,LTRK,1.0
2417,MO24,
2417,MORT,
2417,MUSC,
2417,NC24,
2417,NC__,
2417,SKIN,
2417,SM24,
2417,TCHR,
2417,TOT_MORT,
2432,ALL_BUT_MORT,0.0
2432,ANY120,
2432,ANY24,
2432,AXIS,
2432,BRN_,1.0
2432,CRAN,0.0
2432,DP24,
2432,EDEM,1.0
2432,LTRK,
2432,MO24,
2432,MORT,
2432,MUSC,1.0
2432,NC24,
2432,NC__,
2432,SKIN,
2432,SM24,
2432,TCHR,
2432,TOT_MORT,
2467,ALL_BUT_MORT,
2467,ANY120,
2467,ANY24,1.0
2467,AXIS,
2467,BRN_,
2467,CRAN,
2467,DP24,
2467,EDEM,
2467,LTRK,
2467,MO24,1.0
2467,MORT,0.0
2467,MUSC,
2467,NC24,
2467,NC__,
2467,SKIN,
2467,SM24,
2467,TCHR,
2467,TOT_MORT,0.0
2496,ALL_BUT_MORT,
2496,ANY120,
2496,ANY24,
2496,AXIS,
2496,BRN_,
2496,CRAN,
2496,DP24,
2496,EDEM,1.0
2496,LTRK,
2496,MO24,
2496,MORT,1.0
2496,MUSC,
2496,NC24,
2496,NC__,
2496,SKIN,1.0
2496,SM24,
2496,TCHR,
2496,TOT_MORT,1.0
2506,ALL_BUT_MORT,
2506,ANY120,
2506,ANY24,
2506,AXIS,
2506,BRN_,
2506,CRAN,
2506,DP24,
2506,EDEM,
2506,LTRK,
2506,MO24,
2506,MORT,
2506,MUSC,
2506,NC24,
2506,NC__,
2506,SKIN,
2506,SM24,
2506,TCHR,1.0
2506,TOT_MORT,
2509,ALL_BUT_MORT,-1.0
2509,ANY120,-1.0
2509,ANY24,-1.0
2509,AXIS,
2509,BRN_,
2509,CRAN,
2509,DP24,-1.0
2509,EDEM,
2509,LTRK,
2509,MO24,0.0
2509,MORT,-1.0
2509,MUSC,
2509,NC24,
2509,NC__,
2509,SKIN,
2509,SM24,
2509,TCHR,
2509,TOT_MORT,-1.0
2532,ALL_BUT_MORT,0.0
2532,ANY120,0.0
2532,ANY24,0.0
2532,AXIS,0.0
2532,BRN_,0.0
2532,CRAN,0.0
2532,DP24,
2532,EDEM,0.0
2532,LTRK,0.0
2532,MO24,0.0
2532,MORT,0.0
2532,MUSC,
2532,NC24,
2532,NC__,
2532,SKIN,
2532,SM24,
2532,TCHR,1.0
2532,TOT_MORT,0.0
2573,ALL_BUT_MORT,0.0
2573,ANY120,0.0
2573,ANY24,0.0
2573,AXIS,
2573,BRN_,1.0
2573,CRAN,-1.0
2573,DP24,0.0
2573,EDEM,1.0
2573,LTRK,-1.0
2573,MO24,0.0
2573,MORT,0.0
2573,MUSC,1.0
2573,NC24,
2573,NC__,
2573,SKIN,
2573,SM24,
2573,TCHR,
2573,TOT_MORT,0.0
2596,ALL_BUT_MORT,0.0
2596,ANY120,
2596,ANY24,
2596,AXIS,1.0
2596,BRN_,
2596,CRAN,1.0
2596,DP24,
2596,EDEM,
2596,LTRK,1.0
2596,MO24,
2596,MORT,
2596,MUSC,
2596,NC24,
2596,NC__,
2596,SKIN,
2596,SM24,
2596,TCHR,
2596,TOT_MORT,
2601,ALL_BUT_MORT,
2601,ANY120,0.0
2601,ANY24,0.0
2601,AXIS,0.0
2601,BRN_,0.0
2601,CRAN,0.0
2601,DP24,
2601,EDEM,0.0
2601,LTRK,0.0
2601,MO24,0.0
2601,MORT,0.0
2601,MUSC,0.0
2601,NC24,
2601,NC__,1.0
2601,SKIN,
2601,SM24,
2601,TCHR,1.0
2601,TOT_MORT,0.0
2635,ALL_BUT_MORT,
2635,ANY120,0.0
2635,ANY24,1.0
2635,AXIS,1.0
2635,BRN_,1.0
2635,CRAN,1.0
2635,DP24,
2635,EDEM,
2635,LTRK,1.0
2635,MO24,1.0
2635,MORT,1.0
2635,MUSC,1.0
2635,NC24,
2635,NC__,1.0
2635,SKIN,1.0
2635,SM24,
2635,TCHR,1.0
2635,TOT_MORT,0.0
2637,ALL_BUT_MORT,1.0
2637,ANY120,
2637,ANY24,
2637,AXIS,
2637,BRN_,
2637,CRAN,
2637,DP24,
2637,EDEM,
2637,LTRK,1.0
2637,MO24,
2637,MORT,
2637,MUSC,
2637,NC24,
2637,NC__,
2637,SKIN,
2637,SM24,
2637,TCHR,
2637,TOT_MORT,
2638,ALL_BUT_MORT,1.0
2638,ANY120,0.0
2638,ANY24,0.0
2638,AXIS,
2638,BRN_,
2638,CRAN,
2638,DP24,
2638,EDEM,
2638,LTRK,
2638,MO24,0.0
2638,MORT,0.0
2638,MUSC,
2638,NC24,
2638,NC__,
2638,SKIN,
2638,SM24,
2638,TCHR,
2638,TOT_MORT,0.0
2655,ALL_BUT_MORT,1.0
2655,ANY120,1.0
2655,ANY24,1.0
2655,AXIS,
2655,BRN_,
2655,CRAN,1.0
2655,DP24,
2655,EDEM,1.0
2655,LTRK,
2655,MO24,1.0
2655,MORT,1.0
2655,MUSC,1.0
2655,NC24,
2655,NC__,
2655,SKIN,
2655,SM24,
2655,TCHR,
2655,TOT_MORT,1.0
2657,ALL_BUT_MORT,0.0
2657,ANY120,0.0
2657,ANY24,0.0
2657,AXIS,0.0
2657,BRN_,
2657,CRAN,0.0
2657,DP24,0.0
2657,EDEM,0.0
2657,LTRK,
2657,MO24,0.0
2657,MORT,0.0
2657,MUSC,
2657,NC24,
2657,NC__,
2657,SKIN,
2657,SM24,
2657,TCHR,
2657,TOT_MORT,0.0
2661,ALL_BUT_MORT,
2661,ANY120,
2661,ANY24,
2661,AXIS,
2661,BRN_,
2661,CRAN,
2661,DP24,
2661,EDEM,
2661,LTRK,
2661,MO24,
2661,MORT,
2661,MUSC,
2661,NC24,
2661,NC__,
2661,SKIN,
2661,SM24,
2661,TCHR,
2661,TOT_MORT,
2686,ALL_BUT_MORT,
2686,ANY120,0.0
2686,ANY24,
2686,AXIS,
2686,BRN_,
2686,CRAN,
2686,DP24,
2686,EDEM,
2686,LTRK,
2686,MO24,
2686,MORT,0.0
2686,MUSC,
2686,NC24,
2686,NC__,
2686,SKIN,
2686,SM24,
2686,TCHR,0.0
2686,TOT_MORT,0.0
2688,ALL_BUT_MORT,
2688,ANY120,
2688,ANY24,
2688,AXIS,
2688,BRN_,
2688,CRAN,
2688,DP24,
2688,EDEM,
2688,LTRK,
2688,MO24,
2688,MORT,
2688,MUSC,
2688,NC24,
2688,NC__,
2688,SKIN,
2688,SM24,
2688,TCHR,
2688,TOT_MORT,
2691,ALL_BUT_MORT,0.0
2691,ANY120,0.0
2691,ANY24,0.0
2691,AXIS,0.0
2691,BRN_,1.0
2691,CRAN,1.0
2691,DP24,1.0
2691,EDEM,0.0
2691,LTRK,0.0
2691,MO24,1.0
2691,MORT,0.0
2691,MUSC,
2691,NC24,
2691,NC__,
2691,SKIN,1.0
2691,SM24,
2691,TCHR,1.0
2691,TOT_MORT,0.0
2706,ALL_BUT_MORT,0.0
2706,ANY120,0.0
2706,ANY24,1.0
2706,AXIS,0.0
2706,BRN_,1.0
2706,CRAN,1.0
2706,DP24,
2706,EDEM,1.0
2706,LTRK,0.0
2706,MO24,0.0
2706,MORT,0.0
2706,MUSC,1.0
2706,NC24,
2706,NC__,1.0
2706,SKIN,
2706,SM24,
2706,TCHR,1.0
2706,TOT_MORT,0.0
2723,ALL_BUT_MORT,
2723,ANY120,
2723,ANY24,
2723,AXIS,
2723,BRN_,1.0
2723,CRAN,1.0
2723,DP24,
2723,EDEM,
2723,LTRK,1.0
2723,MO24,1.0
2723,MORT,
2723,MUSC,1.0
2723,NC24,
2723,NC__,1.0
2723,SKIN,1.0
2723,SM24,
2723,TCHR,1.0
2723,TOT_MORT,
2726,ALL_BUT_MORT,0.0
2726,ANY120,0.0
2726,ANY24,0.0
2726,AXIS,0.0
2726,BRN_,0.0
2726,CRAN,0.0
2726,DP24,1.0
2726,EDEM,0.0
2726,LTRK,0.0
2726,MO24,
2726,MORT,0.0
2726,MUSC,0.0
2726,NC24,
2726,NC__,
2726,SKIN,0.0
2726,SM24,
2726,TCHR,0.0
2726,TOT_MORT,0.0
2739,ALL_BUT_MORT,0.0
2739,ANY120,0.0
2739,ANY24,1.0
2739,AXIS,0.0
2739,BRN_,0.0
2739,CRAN,
2739,DP24,0.0
2739,EDEM,0.0
2739,LTRK,0.0
2739,MO24,
2739,MORT,0.0
2739,MUSC,
2739,NC24,
2739,NC__,
2739,SKIN,
2739,SM24,
2739,TCHR,0.0
2739,TOT_MORT,1.0
2740,ALL_BUT_MORT,
2740,ANY120,0.0
2740,ANY24,0.0
2740,AXIS,0.0
2740,BRN_,0.0
2740,CRAN,0.0
2740,DP24,
2740,EDEM,0.0
2740,LTRK,0.0
2740,MO24,0.0
2740,MORT,0.0
2740,MUSC,0.0
2740,NC24,
2740,NC__,1.0
2740,SKIN,
2740,SM24,
2740,TCHR,
2740,TOT_MORT,0.0
2743,ALL_BUT_MORT,
2743,ANY120,
2743,ANY24,
2743,AXIS,
2743,BRN_,
2743,CRAN,
2743,DP24,
2743,EDEM,
2743,LTRK,
2743,MO24,
2743,MORT,
2743,MUSC,
2743,NC24,
2743,NC__,
2743,SKIN,
2743,SM24,
2743,TCHR,
2743,TOT_MORT,
2751,ALL_BUT_MORT,0.0
2751,ANY120,0.0
2751,ANY24,1.0
2751,AXIS,1.0
2751,BRN_,1.0
2751,CRAN,1.0
2751,DP24,1.0
2751,EDEM,1.0
2751,LTRK,1.0
2751,MO24,1.0
2751,MORT,1.0
2751,MUSC,
2751,NC24,
2751,NC__,
2751,SKIN,
2751,SM24,
2751,TCHR,1.0
2751,TOT_MORT,1.0
2752,ALL_BUT_MORT,
2752,ANY120,0.0
2752,ANY24,
2752,AXIS,1.0
2752,BRN_,1.0
2752,CRAN,1.0
2752,DP24,
2752,EDEM,1.0
2752,LTRK,1.0
2752,MO24,
2752,MORT,0.0
2752,MUSC,1.0
2752,NC24,
2752,NC__,
2752,SKIN,1.0
2752,SM24,
2752,TCHR,1.0
2752,TOT_MORT,0.0
2770,ALL_BUT_MORT,1.0
2770,ANY120,
2770,ANY24,1.0
2770,AXIS,
2770,BRN_,1.0
2770,CRAN,1.0
2770,DP24,1.0
2770,EDEM,1.0
2770,LTRK,1.0
2770,MO24,
2770,MORT,
2770,MUSC,1.0
2770,NC24,
2770,NC__,1.0
2770,SKIN,1.0
2770,SM24,
2770,TCHR,1.0
2770,TOT_MORT,
2772,ALL_BUT_MORT,
2772,ANY120,
2772,ANY24,1.0
2772,AXIS,
2772,BRN_,
2772,CRAN,
2772,DP24,
2772,EDEM,
2772,LTRK,1.0
2772,MO24,
2772,MORT,
2772,MUSC,
2772,NC24,
2772,NC__,
2772,SKIN,
2772,SM24,
2772,TCHR,
2772,TOT_MORT,
2774,ALL_BUT_MORT,0.0
2774,ANY120,0.0
2774,ANY24,0.0
2774,AXIS,0.0
2774,BRN_,0.0
2774,CRAN,0.0
2774,DP24,0.0
2774,EDEM,0.0
2774,LTRK,
2774,MO24,0.0
2774,MORT,0.0
2774,MUSC,1.0
2774,NC24,0.0
2774,NC__,
2774,SKIN,
2774,SM24,0.0
2774,TCHR,1.0
2774,TOT_MORT,0.0
2778,ALL_BUT_MORT,0.0
2778,ANY120,0.0
2778,ANY24,0.0
2778,AXIS,0.0
2778,BRN_,0.0
2778,CRAN,0.0
2778,DP24,0.0
2778,EDEM,0.0
2778,LTRK,0.0
2778,MO24,1.0
2778,MORT,
2778,MUSC,0.0
2778,NC24,
2778,NC__,
2778,SKIN,
2778,SM24,
2778,TCHR,
2778,TOT_MORT,1.0
2813,ALL_BUT_MORT,
2813,ANY120,0.0
2813,ANY24,0.0
2813,AXIS,1.0
2813,BRN_,0.0
2813,CRAN,1.0
2813,DP24,
2813,EDEM,0.0
2813,LTRK,1.0
2813,MO24,0.0
2813,MORT,0.0
2813,MUSC,
2813,NC24,
2813,NC__,
2813,SKIN,
2813,SM24,
2813,TCHR,1.0
2813,TOT_MORT,0.0
2827,ALL_BUT_MORT,
2827,ANY120,
2827,ANY24,
2827,AXIS,
2827,BRN_,
2827,CRAN,
2827,DP24,
2827,EDEM,
2827,LTRK,
2827,MO24,1.0
2827,MORT,
2827,MUSC,
2827,NC24,
2827,NC__,
2827,SKIN,
2827,SM24,
2827,TCHR,
2827,TOT_MORT,
2849,ALL_BUT_MORT,
2849,ANY120,
2849,ANY24,
2849,AXIS,
2849,BRN_,
2849,CRAN,
2849,DP24,
2849,EDEM,
2849,LTRK,
2849,MO24,
2849,MORT,
2849,MUSC,
2849,NC24,
2849,NC__,
2849,SKIN,
2849,SM24,
2849,TCHR,0.0
2849,TOT_MORT,
2877,ALL_BUT_MORT,1.0
2877,ANY120,
2877,ANY24,
2877,AXIS,1.0
2877,BRN_,1.0
2877,CRAN,1.0
2877,DP24,1.0
2877,EDEM,1.0
2877,LTRK,1.0
2877,MO24,
2877,MORT,
2877,MUSC,1.0
2877,NC24,
2877,NC__,
2877,SKIN,
2877,SM24,
2877,TCHR,
2877,TOT_MORT,
2886,ALL_BUT_MORT,
2886,ANY120,1.0
2886,ANY24,1.0
2886,AXIS,1.0
2886,BRN_,1.0
2886,CRAN,1.0
2886,DP24,
2886,EDEM,
2886,LTRK,1.0
2886,MO24,1.0
2886,MORT,1.0
2886,MUSC,1.0
2886,NC24,
2886,NC__,
2886,SKIN,
2886,SM24,
2886,TCHR,1.0
2886,TOT_MORT,1.0
2893,ALL_BUT_MORT,
2893,ANY120,
2893,ANY24,
2893,AXIS,
2893,BRN_,
2893,CRAN,
2893,DP24,
2893,EDEM,
2893,LTRK,
2893,MO24,
2893,MORT,
2893,MUSC,
2893,NC24,
2893,NC__,
2893,SKIN,
2893,SM24,
2893,TCHR,
2893,TOT_MORT,
2896,ALL_BUT_MORT,0.0
2896,ANY120,0.0
2896,ANY24,0.0
2896,AXIS,0.0
2896,BRN_,0.0
2896,CRAN,0.0
2896,DP24,0.0
2896,EDEM,0.0
2896,LTRK,0.0
2896,MO24,0.0
2896,MORT,0.0
2896,MUSC,1.0
2896,NC24,
2896,NC__,1.0
2896,SKIN,1.0
2896,SM24,
2896,TCHR,0.0
2896,TOT_MORT,0.0
2915,ALL_BUT_MORT,0.0
2915,ANY120,0.0
2915,ANY24,0.0
2915,AXIS,0.0
2915,BRN_,0.0
2915,CRAN,0.0
2915,DP24,0.0
2915,EDEM,0.0
2915,LTRK,0.0
2915,MO24,1.0
2915,MORT,0.0
2915,MUSC,0.0
2915,NC24,
2915,NC__,
2915,SKIN,
2915,SM24,
2915,TCHR,0.0
2915,TOT_MORT,0.0
2960,ALL_BUT_MORT,1.0
2960,ANY120,
2960,ANY24,
2960,AXIS,
2960,BRN_,
2960,CRAN,1.0
2960,DP24,1.0
2960,EDEM,
2960,LTRK,0.0
2960,MO24,
2960,MORT,
2960,MUSC,
2960,NC24,
2960,NC__,
2960,SKIN,
2960,SM24,
2960,TCHR,1.0
2960,TOT_MORT,
2973,ALL_BUT_MORT,0.0
2973,ANY120,0.0
2973,ANY24,1.0
2973,AXIS,0.0
2973,BRN_,0.0
2973,CRAN,0.0
2973,DP24,
2973,EDEM,0.0
2973,LTRK,
2973,MO24,1.0
2973,MORT,0.0
2973,MUSC,1.0
2973,NC24,
2973,NC__,
2973,SKIN,
2973,SM24,
2973,TCHR,0.0
2973,TOT_MORT,0.0
2989,ALL_BUT_MORT,0.0
2989,ANY120,0.0
2989,ANY24,0.0
2989,AXIS,1.0
2989,BRN_,1.0
2989,CRAN,1.0
2989,DP24,
2989,EDEM,0.0
2989,LTRK,1.0
2989,MO24,0.0
2989,MORT,0.0
2989,MUSC,1.0
2989,NC24,
2989,NC__,
2989,SKIN,1.0
2989,SM24,
2989,TCHR,1.0
2989,TOT_MORT,0.0
3002,ALL_BUT_MORT,0.0
3002,ANY120,0.0
3002,ANY24,
3002,AXIS,0.0
3002,BRN_,0.0
3002,CRAN,0.0
3002,DP24,
3002,EDEM,0.0
3002,LTRK,0.0
3002,MO24,
3002,MORT,1.0
3002,MUSC,0.0
3002,NC24,
3002,NC__,0.0
3002,SKIN,
3002,SM24,
3002,TCHR,0.0
3002,TOT_MORT,1.0
3004,ALL_BUT_MORT,0.0
3004,ANY120,0.0
3004,ANY24,0.0
3004,AXIS,0.0
3004,BRN_,0.0
3004,CRAN,0.0
3004,DP24,0.0
3004,EDEM,0.0
3004,LTRK,0.0
3004,MO24,
3004,MORT,0.0
3004,MUSC,0.0
3004,NC24,
3004,NC__,1.0
3004,SKIN,
3004,SM24,
3004,TCHR,0.0
3004,TOT_MORT,0.0
3005,ALL_BUT_MORT,0.0
3005,ANY120,0.0
3005,ANY24,0.0
3005,AXIS,0.0
3005,BRN_,0.0
3005,CRAN,0.0
3005,DP24,0.0
3005,EDEM,0.0
3005,LTRK,0.0
3005,MO24,
3005,MORT,
3005,MUSC,
3005,NC24,
3005,NC__,
3005,SKIN,1.0
3005,SM24,
3005,TCHR,
3005,TOT_MORT,
3009,ALL_BUT_MORT,0.0
3009,ANY120,0.0
3009,ANY24,0.0
3009,AXIS,
3009,BRN_,
3009,CRAN,
3009,DP24,0.0
3009,EDEM,
3009,LTRK,
3009,MO24,
3009,MORT,0.0
3009,MUSC,
3009,NC24,
3009,NC__,
3009,SKIN,
3009,SM24,
3009,TCHR,
3009,TOT_MORT,0.0
3012,ALL_BUT_MORT,1.0
3012,ANY120,0.0
3012,ANY24,0.0
3012,AXIS,
3012,BRN_,
3012,CRAN,
3012,DP24,1.0
3012,EDEM,
3012,LTRK,
3012,MO24,0.0
3012,MORT,0.0
3012,MUSC,
3012,NC24,
3012,NC__,
3012,SKIN,
3012,SM24,
3012,TCHR,
3012,TOT_MORT,0.0
3015,ALL_BUT_MORT,
3015,ANY120,
3015,ANY24,
3015,AXIS,
3015,BRN_,
3015,CRAN,
3015,DP24,
3015,EDEM,
3015,LTRK,
3015,MO24,
3015,MORT,
3015,MUSC,
3015,NC24,
3015,NC__,
3015,SKIN,
3015,SM24,
3015,TCHR,
3015,TOT_MORT,
3022,ALL_BUT_MORT,-1.0
3022,ANY120,0.0
3022,ANY24,0.0
3022,AXIS,0.0
3022,BRN_,0.0
3022,CRAN,0.0
3022,DP24,0.0
3022,EDEM,-1.0
3022,LTRK,0.0
3022,MO24,
3022,MORT,
3022,MUSC,0.0
3022,NC24,
3022,NC__,-1.0
3022,SKIN,0.0
3022,SM24,
3022,TCHR,0.0
3022,TOT_MORT,
3055,ALL_BUT_MORT,
3055,ANY120,
3055,ANY24,
3055,AXIS,
3055,BRN_,
3055,CRAN,
3055,DP24,
3055,EDEM,
3055,LTRK,
3055,MO24,
3055,MORT,
3055,MUSC,
3055,NC24,
3055,NC__,
3055,SKIN,
3055,SM24,
3055,TCHR,
3055,TOT_MORT,
3091,ALL_BUT_MORT,1.0
3091,ANY120,1.0
3091,ANY24,1.0
3091,AXIS,
3091,BRN_,
3091,CRAN,1.0
3091,DP24,1.0
3091,EDEM,1.0
3091,LTRK,1.0
3091,MO24,
3091,MORT,
3091,MUSC,
3091,NC24,
3091,NC__,
3091,SKIN,
3091,SM24,
3091,TCHR,
3091,TOT_MORT,
3102,ALL_BUT_MORT,0.0
3102,ANY120,0.0
3102,ANY24,0.0
3102,AXIS,1.0
3102,BRN_,1.0
3102,CRAN,1.0
3102,DP24,0.0
3102,EDEM,0.0
3102,LTRK,1.0
3102,MO24,1.0
3102,MORT,1.0
3102,MUSC,1.0
3102,NC24,
3102,NC__,1.0
3102,SKIN,
3102,SM24,
3102,TCHR,1.0
3102,TOT_MORT,0.0
3104,ALL_BUT_MORT,0.0
3104,ANY120,0.0
3104,ANY24,0.0
3104,AXIS,0.0
3104,BRN_,0.0
3104,CRAN,0.0
3104,DP24,0.0
3104,EDEM,0.0
3104,LTRK,0.0
3104,MO24,0.0
3104,MORT,0.0
3104,MUSC,0.0
3104,NC24,
3104,NC__,0.0
3104,SKIN,0.0
3104,SM24,
3104,TCHR,0.0
3104,TOT_MORT,0.0
3114,ALL_BUT_MORT,0.0
3114,ANY120,0.0
3114,ANY24,0.0
3114,AXIS,0.0
3114,BRN_,0.0
3114,CRAN,0.0
3114,DP24,
3114,EDEM,0.0
3114,LTRK,0.0
3114,MO24,0.0
3114,MORT,0.0
3114,MUSC,1.0
3114,NC24,
3114,NC__,1.0
3114,SKIN,
3114,SM24,
3114,TCHR,0.0
3114,TOT_MORT,0.0
3127,ALL_BUT_MORT,
3127,ANY120,
3127,ANY24,
3127,AXIS,
3127,BRN_,
3127,CRAN,
3127,DP24,
3127,EDEM,
3127,LTRK,
3127,MO24,
3127,MORT,
3127,MUSC,
3127,NC24,
3127,NC__,
3127,SKIN,
3127,SM24,
3127,TCHR,
3127,TOT_MORT,
3138,ALL_BUT_MORT,
3138,ANY120,0.0
3138,ANY24,0.0
3138,AXIS,
3138,BRN_,
3138,CRAN,
3138,DP24,
3138,EDEM,0.0
3138,LTRK,0.0
3138,MO24,0.0
3138,MORT,0.0
3138,MUSC,0.0
3138,NC24,
3138,NC__,0.0
3138,SKIN,
3138,SM24,
3138,TCHR,0.0
3138,TOT_MORT,0.0
3139,ALL_BUT_MORT,1.0
3139,ANY120,
3139,ANY24,
3139,AXIS,1.0
3139,BRN_,1.0
3139,CRAN,
3139,DP24,
3139,EDEM,
3139,LTRK,1.0
3139,MO24,
3139,MORT,
3139,MUSC,1.0
3139,NC24,
3139,NC__,
3139,SKIN,
3139,SM24,
3139,TCHR,1.0
3139,TOT_MORT,
3140,ALL_BUT_MORT,
3140,ANY120,
3140,ANY24,
3140,AXIS,
3140,BRN_,
3140,CRAN,
3140,DP24,
3140,EDEM,
3140,LTRK,1.0
3140,MO24,
3140,MORT,
3140,MUSC,
3140,NC24,
3140,NC__,
3140,SKIN,
3140,SM24,
3140,TCHR,1.0
3140,TOT_MORT,
3144,ALL_BUT_MORT,0.0
3144,ANY120,0.0
3144,ANY24,0.0
3144,AXIS,1.0
3144,BRN_,0.0
3144,CRAN,0.0
3144,DP24,0.0
3144,EDEM,0.0
3144,LTRK,
3144,MO24,0.0
3144,MORT,0.0
3144,MUSC,1.0
3144,NC24,
3144,NC__,
3144,SKIN,
3144,SM24,
3144,TCHR,0.0
3144,TOT_MORT,0.0
3147,ALL_BUT_MORT,
3147,ANY120,
3147,ANY24,
3147,AXIS,1.0
3147,BRN_,
3147,CRAN,1.0
3147,DP24,
3147,EDEM,
3147,LTRK,
3147,MO24,
3147,MORT,
3147,MUSC,1.0
3147,NC24,
3147,NC__,
3147,SKIN,
3147,SM24,
3147,TCHR,
3147,TOT_MORT,
3151,ALL_BUT_MORT,1.0
3151,ANY120,
3151,ANY24,
3151,AXIS,1.0
3151,BRN_,1.0
3151,CRAN,1.0
3151,DP24,
3151,EDEM,1.0
3151,LTRK,1.0
3151,MO24,
3151,MORT,
3151,MUSC,
3151,NC24,
3151,NC__,
3151,SKIN,
3151,SM24,
3151,TCHR,1.0
3151,TOT_MORT,
3160,ALL_BUT_MORT,1.0
3160,ANY120,
3160,ANY24,1.0
3160,AXIS,1.0
3160,BRN_,1.0
3160,CRAN,1.0
3160,DP24,1.0
3160,EDEM,
3160,LTRK,1.0
3160,MO24,1.0
3160,MORT,
3160,MUSC,1.0
3160,NC24,
3160,NC__,
3160,SKIN,1.0
3160,SM24,
3160,TCHR,
3160,TOT_MORT,
3168,ALL_BUT_MORT,
3168,ANY120,-1.0
3168,ANY24,1.0
3168,AXIS,
3168,BRN_,
3168,CRAN,
3168,DP24,
3168,EDEM,
3168,LTRK,
3168,MO24,1.0
3168,MORT,1.0
3168,MUSC,
3168,NC24,
3168,NC__,
3168,SKIN,
3168,SM24,
3168,TCHR,
3168,TOT_MORT,1.0
3169,ALL_BUT_MORT,
3169,ANY120,
3169,ANY24,
3169,AXIS,
3169,BRN_,
3169,CRAN,
3169,DP24,
3169,EDEM,
3169,LTRK,
3169,MO24,
3169,MORT,
3169,MUSC,
3169,NC24,
3169,NC__,
3169,SKIN,
3169,SM24,
3169,TCHR,
3169,TOT_MORT,
3272,ALL_BUT_MORT,1.0
3272,ANY120,
3272,ANY24,
3272,AXIS,
3272,BRN_,
3272,CRAN,
3272,DP24,1.0
3272,EDEM,
3272,LTRK,1.0
3272,MO24,
3272,MORT,1.0
3272,MUSC,1.0
3272,NC24,
3272,NC__,
3272,SKIN,
3272,SM24,
3272,TCHR,1.0
3272,TOT_MORT,
3273,ALL_BUT_MORT,0.0
3273,ANY120,0.0
3273,ANY24,
3273,AXIS,0.0
3273,BRN_,0.0
3273,CRAN,0.0
3273,DP24,
3273,EDEM,0.0
3273,LTRK,0.0
3273,MO24,
3273,MORT,1.0
3273,MUSC,0.0
3273,NC24,
3273,NC__,1.0
3273,SKIN,
3273,SM24,
3273,TCHR,1.0
3273,TOT_MORT,
3411,ALL_BUT_MORT,0.0
3411,ANY120,0.0
3411,ANY24,
3411,AXIS,0.0
3411,BRN_,0.0
3411,CRAN,0.0
3411,DP24,1.0
3411,EDEM,0.0
3411,LTRK,0.0
3411,MO24,
3411,MORT,1.0
3411,MUSC,
3411,NC24,
3411,NC__,1.0
3411,SKIN,
3411,SM24,
3411,TCHR,0.0
3411,TOT_MORT,1.0
3412,ALL_BUT_MORT,0.0
3412,ANY120,0.0
3412,ANY24,0.0
3412,AXIS,0.0
3412,BRN_,0.0
3412,CRAN,0.0
3412,DP24,0.0
3412,EDEM,0.0
3412,LTRK,0.0
3412,MO24,
3412,MORT,0.0
3412,MUSC,0.0
3412,NC24,
3412,NC__,1.0
3412,SKIN,
3412,SM24,
3412,TCHR,0.0
3412,TOT_MORT,0.0
3413,ALL_BUT_MORT,0.0
3413,ANY120,0.0
3413,ANY24,0.0
3413,AXIS,
3413,BRN_,
3413,CRAN,
3413,DP24,
3413,EDEM,
3413,LTRK,
3413,MO24,1.0
3413,MORT,0.0
3413,MUSC,
3413,NC24,
3413,NC__,
3413,SKIN,
3413,SM24,
3413,TCHR,
3413,TOT_MORT,0.0
3689,ALL_BUT_MORT,0.0
3689,ANY120,1.0
3689,ANY24,
3689,AXIS,1.0
3689,BRN_,1.0
3689,CRAN,0.0
3689,DP24,1.0
3689,EDEM,1.0
3689,LTRK,1.0
3689,MO24,
3689,MORT,1.0
3689,MUSC,1.0
3689,NC24,
3689,NC__,1.0
3689,SKIN,1.0
3689,SM24,
3689,TCHR,1.0
3689,TOT_MORT,
3690,ALL_BUT_MORT,
3690,ANY120,
3690,ANY24,
3690,AXIS,
3690,BRN_,
3690,CRAN,
3690,DP24,
3690,EDEM,
3690,LTRK,
3690,MO24,
3690,MORT,
3690,MUSC,
3690,NC24,
3690,NC__,
3690,SKIN,
3690,SM24,
3690,TCHR,
3690,TOT_MORT,
3757,ALL_BUT_MORT,0.0
3757,ANY120,0.0
3757,ANY24,0.0
3757,AXIS,1.0
3757,BRN_,1.0
3757,CRAN,1.0
3757,DP24,0.0
3757,EDEM,
3757,LTRK,
3757,MO24,0.0
3757,MORT,0.0
3757,MUSC,
3757,NC24,
3757,NC__,1.0
3757,SKIN,
3757,SM24,
3757,TCHR,
3757,TOT_MORT,0.0
3758,ALL_BUT_MORT,0.0
3758,ANY120,0.0
3758,ANY24,1.0
3758,AXIS,1.0
3758,BRN_,0.0
3758,CRAN,0.0
3758,DP24,1.0
3758,EDEM,0.0
3758,LTRK,0.0
3758,MO24,1.0
3758,MORT,1.0
3758,MUSC,
3758,NC24,
3758,NC__,
3758,SKIN,
3758,SM24,
3758,TCHR,0.0
3758,TOT_MORT,1.0
3759,ALL_BUT_MORT,1.0
3759,ANY120,1.0
3759,ANY24,1.0
3759,AXIS,1.0
3759,BRN_,1.0
3759,CRAN,1.0
3759,DP24,1.0
3759,EDEM,1.0
3759,LTRK,1.0
3759,MO24,1.0
3759,MORT,1.0
3759,MUSC,
3759,NC24,
3759,NC__,
3759,SKIN,
3759,SM24,
3759,TCHR,1.0
3759,TOT_MORT,1.0
3760,ALL_BUT_MORT,1.0
3760,ANY120,1.0
3760,ANY24,
3760,AXIS,1.0
3760,BRN_,1.0
3760,CRAN,1.0
3760,DP24,
3760,EDEM,1.0
3760,LTRK,1.0
3760,MO24,
3760,MORT,1.0
3760,MUSC,1.0
3760,NC24,
3760,NC__,
3760,SKIN,
3760,SM24,
3760,TCHR,1.0
3760,TOT_MORT,
