Chemical_ID,End_Point,Model,BMD10,BMD50,AUC_Norm,BMD10_Flag,BMD50_Flag
53,AXIS,weibull,4507.951,1.89104E+12,0.055627016,1,1
53,NC__,NULL,NULL,NULL,0,NULL,NULL
53,MO24,NULL,NULL,NULL,0.0136875,NULL,NULL
53,DP24,NULL,NULL,NULL,0.063741935,NULL,NULL
53,SM24,NULL,NULL,NULL,0,NULL,NULL
53,MORT,NULL,NULL,NULL,0.016969828,NULL,NULL
54,AXIS,NULL,NULL,NULL,0.040897808,NULL,NULL
54,NC__,NULL,NULL,NULL,0,NULL,NULL
54,MO24,probit,1.803,6.102,0.266375,0,1
54,DP24,NULL,NULL,NULL,0,NULL,NULL
54,SM24,NULL,NULL,NULL,0,NULL,NULL
54,MORT,log_logistic,3.384,5.383,0.116774436,0,1
56,AXIS,NULL,NULL,NULL,0.035475598,NULL,NULL
56,NC__,NULL,NULL,NULL,0.012516129,NULL,NULL
56,MO24,logistic,53.539,80.904,0.0288125,1,1
56,DP24,NULL,NULL,NULL,0,NULL,NULL
56,SM24,NULL,NULL,NULL,0,NULL,NULL
56,MORT,NULL,NULL,NULL,0.0095625,NULL,NULL
57,AXIS,quantal_linear,0.017,0.112,0.630842391,-1,0
57,NC__,NULL,NULL,NULL,0,NULL,NULL
57,MO24,NULL,NULL,NULL,0.0198125,NULL,NULL
57,DP24,log_logistic,0.314,3.1,0.417933468,0,0
57,SM24,NULL,NULL,NULL,0,NULL,NULL
57,MORT,gamma,0.328,0.842,0.759135081,0,0
58,AXIS,logistic,0.645,1.103,0.139621126,0,0
58,NC__,NULL,NULL,NULL,0,NULL,NULL
58,MO24,log_logistic,1.26,2.785,0.4649375,0,0
58,DP24,NULL,NULL,NULL,0,NULL,NULL
58,SM24,NULL,NULL,NULL,0,NULL,NULL
58,MORT,logistic,0.738,1.38,0.114434524,0,1
60,AXIS,NULL,NULL,NULL,0.038749499,NULL,NULL
60,NC__,NULL,NULL,NULL,0,NULL,NULL
60,MO24,log_probit,49.945,55.072,0.02625,0,1
60,DP24,NULL,NULL,NULL,0.0284875,NULL,NULL
60,SM24,NULL,NULL,NULL,0,NULL,NULL
60,MORT,NULL,NULL,NULL,0.041728341,NULL,NULL
61,AXIS,NULL,NULL,NULL,0.051724138,NULL,NULL
61,NC__,NULL,NULL,NULL,0.034482759,NULL,NULL
61,MO24,log_probit,0.061,1.205,0.6075,-1,0
61,DP24,NULL,NULL,NULL,0,NULL,NULL
61,SM24,NULL,NULL,NULL,0,NULL,NULL
61,MORT,logistic,0.229,0.422,0.214945652,0,0
62,AXIS,NULL,NULL,NULL,0.093796526,NULL,NULL
62,NC__,logistic,0.506,0.525,0.025,1,1
62,MO24,log_logistic,0.208,1.013,0.7165625,0,0
62,DP24,NULL,NULL,NULL,0,NULL,NULL
62,SM24,NULL,NULL,NULL,0,NULL,NULL
62,MORT,logistic,0.259,0.521,0.166767857,0,1
63,AXIS,log_logistic,48.481,50.542,0.074733333,0,1
63,NC__,NULL,NULL,NULL,0,NULL,NULL
63,MO24,logistic,58.898,93.107,0.0348125,1,1
63,DP24,log_logistic,22.388,78.31,0.150190457,0,1
63,SM24,NULL,NULL,NULL,0,NULL,NULL
63,MORT,log_logistic,39.157,52.279,0.159421237,0,1
64,AXIS,NULL,NULL,NULL,0.021455242,NULL,NULL
64,NC__,NULL,NULL,NULL,0,NULL,NULL
64,MO24,NULL,NULL,NULL,0.008,NULL,NULL
64,DP24,NULL,NULL,NULL,0,NULL,NULL
64,SM24,NULL,NULL,NULL,0,NULL,NULL
64,MORT,NULL,NULL,NULL,0.003290323,NULL,NULL
65,AXIS,NULL,NULL,NULL,0,NULL,NULL
65,NC__,NULL,NULL,NULL,0,NULL,NULL
65,MO24,NULL,NULL,NULL,0.102,NULL,NULL
65,DP24,NULL,NULL,NULL,0,NULL,NULL
65,SM24,NULL,NULL,NULL,0,NULL,NULL
65,MORT,NULL,NULL,NULL,0.038121511,NULL,NULL
66,AXIS,NULL,NULL,NULL,0.046136425,NULL,NULL
66,NC__,NULL,NULL,NULL,0,NULL,NULL
66,MO24,NULL,NULL,NULL,0.023082661,NULL,NULL
66,DP24,NULL,NULL,NULL,0.030481452,NULL,NULL
66,SM24,NULL,NULL,NULL,0,NULL,NULL
66,MORT,logistic,50.19,50.882,0.0096,1,1
67,AXIS,log_logistic,1.345,9.172,0.175461538,0,1
67,NC__,NULL,NULL,NULL,0,NULL,NULL
67,MO24,NULL,NULL,NULL,0.015625,NULL,NULL
67,DP24,NULL,NULL,NULL,0,NULL,NULL
67,SM24,NULL,NULL,NULL,0,NULL,NULL
67,MORT,log_logistic,2.793,12.4,0.105846774,0,1
69,AXIS,logistic,59.089,93.677,0.0348125,1,1
69,NC__,NULL,NULL,NULL,0,NULL,NULL
69,MO24,NULL,NULL,NULL,0.0035,NULL,NULL
69,DP24,NULL,NULL,NULL,0.01975,NULL,NULL
69,SM24,NULL,NULL,NULL,0,NULL,NULL
69,MORT,NULL,NULL,NULL,0.0095625,NULL,NULL
70,AXIS,probit,3.681,9.901,0.106539651,0,1
70,NC__,NULL,NULL,NULL,0,NULL,NULL
70,MO24,logistic,5.021,5.087,0.009,1,1
70,DP24,NULL,NULL,NULL,0.0124375,NULL,NULL
70,SM24,NULL,NULL,NULL,0,NULL,NULL
70,MORT,NULL,NULL,NULL,0.026125,NULL,NULL
129,AXIS,NULL,NULL,NULL,0.018148148,NULL,NULL
129,NC__,NULL,NULL,NULL,0,NULL,NULL
129,MO24,log_logistic,14.261,80.544,0.2204375,0,1
129,DP24,NULL,NULL,NULL,0,NULL,NULL
129,SM24,NULL,NULL,NULL,0,NULL,NULL
129,MORT,log_logistic,3.172,8.084,0.755399386,0,0
155,AXIS,log_logistic,4.569,17.699,0.557646154,0,0
155,NC__,logistic,48.306,73.573,0.036323077,0,1
155,MO24,NULL,NULL,NULL,0.05175,NULL,NULL
155,DP24,NULL,NULL,NULL,0,NULL,NULL
155,SM24,NULL,NULL,NULL,0,NULL,NULL
155,MORT,log_probit,10.851,4464.971,0.131939977,0,1
163,AXIS,logistic,181.462,321.24,0.035362903,1,1
163,NC__,NULL,NULL,NULL,0,NULL,NULL
163,MO24,probit,67.389,187.572,0.104375,1,1
163,DP24,NULL,NULL,NULL,0,NULL,NULL
163,SM24,NULL,NULL,NULL,0,NULL,NULL
163,MORT,NULL,NULL,NULL,0.119846875,NULL,NULL
165,AXIS,NULL,NULL,NULL,0.000188547,NULL,NULL
165,NC__,NULL,NULL,NULL,0,NULL,NULL
165,MO24,NULL,NULL,NULL,0.168426563,NULL,NULL
165,DP24,NULL,NULL,NULL,0.020018042,NULL,NULL
165,SM24,NULL,NULL,NULL,0,NULL,NULL
165,MORT,NULL,NULL,NULL,0.184192188,NULL,NULL
172,AXIS,NULL,NULL,NULL,0.004714286,NULL,NULL
172,NC__,NULL,NULL,NULL,0,NULL,NULL
172,MO24,NULL,NULL,NULL,0.12009375,NULL,NULL
172,DP24,NULL,NULL,NULL,0.07988834,NULL,NULL
172,SM24,NULL,NULL,NULL,0.019880208,NULL,NULL
172,MORT,NULL,NULL,NULL,0.304078125,NULL,NULL
176,AXIS,NULL,NULL,NULL,0.003685897,NULL,NULL
176,NC__,NULL,NULL,NULL,3.85E-05,NULL,NULL
176,MO24,NULL,NULL,NULL,0.111072329,NULL,NULL
176,DP24,logistic,132.276,222.619,0.033900632,1,1
176,SM24,NULL,NULL,NULL,0,NULL,NULL
176,MORT,NULL,NULL,NULL,0.14291502,NULL,NULL
197,AXIS,NULL,NULL,NULL,1.79E-06,NULL,NULL
197,NC__,NULL,NULL,NULL,0,NULL,NULL
197,MO24,NULL,NULL,NULL,0.049979688,NULL,NULL
197,DP24,NULL,NULL,NULL,0.061096409,NULL,NULL
197,SM24,NULL,NULL,NULL,0.00017069,NULL,NULL
197,MORT,NULL,NULL,NULL,0.22676875,NULL,NULL
220,AXIS,logistic,4.512,4.623,0.023809524,1,1
220,NC__,NULL,NULL,NULL,0,NULL,NULL
220,MO24,log_logistic,10.103,12.607,0.607843137,0,0
220,DP24,log_logistic,4.571,5.946,0.301068576,0,0
220,SM24,NULL,NULL,NULL,0,NULL,NULL
220,MORT,logistic,5.189,6.353,0.248048293,0,0
227,AXIS,probit,3.661,10.116,0.279156174,0,0
227,NC__,NULL,NULL,NULL,0,NULL,NULL
227,MO24,logistic,8.422,13.954,0.5973125,0,0
227,DP24,log_logistic,3.522,5.622,0.433104396,0,0
227,SM24,NULL,NULL,NULL,0,NULL,NULL
227,MORT,log_logistic,4.722,17.137,0.145879121,0,1
246,AXIS,NULL,NULL,NULL,0.048162744,NULL,NULL
246,NC__,NULL,NULL,NULL,0,NULL,NULL
246,MO24,logistic,104.274,174.8,0.029375,1,1
246,DP24,logistic,32.135,42.525,0.144967742,0,0
246,SM24,NULL,NULL,NULL,0,NULL,NULL
246,MORT,logistic,33.013,42.642,0.155483871,0,0
247,AXIS,logistic,5.095,5.259,0.016666667,1,1
247,NC__,NULL,NULL,NULL,0,NULL,NULL
247,MO24,logistic,7.738,15.17,0.589,0,0
247,DP24,log_logistic,4.07,8.869,0.259485127,0,0
247,SM24,NULL,NULL,NULL,0,NULL,NULL
247,MORT,probit,4.243,9.853,0.250327618,0,0
248,AXIS,logistic,5.075,5.25,0.021052632,1,1
248,NC__,NULL,NULL,NULL,0,NULL,NULL
248,MO24,log_logistic,5.615,18.73,0.54825,0,0
248,DP24,NULL,NULL,NULL,0,NULL,NULL
248,SM24,NULL,NULL,NULL,0,NULL,NULL
248,MORT,logistic,2.77,4.741,0.467003888,0,0
250,AXIS,NULL,NULL,NULL,0.022608468,NULL,NULL
250,NC__,NULL,NULL,NULL,0,NULL,NULL
250,MO24,NULL,NULL,NULL,0.018875,NULL,NULL
250,DP24,NULL,NULL,NULL,0.011175,NULL,NULL
250,SM24,NULL,NULL,NULL,0,NULL,NULL
250,MORT,NULL,NULL,NULL,0.000645161,NULL,NULL
281,AXIS,NULL,NULL,NULL,0.052284339,NULL,NULL
281,NC__,NULL,NULL,NULL,0,NULL,NULL
281,MO24,NULL,NULL,NULL,0.029169922,NULL,NULL
281,DP24,logistic,74.73,114.796,0.046339674,0,1
281,SM24,NULL,NULL,NULL,0,NULL,NULL
281,MORT,NULL,NULL,NULL,0.049714112,NULL,NULL
283,AXIS,log_logistic,0,0.047,0.475465506,-1,0
283,NC__,NULL,NULL,NULL,0,NULL,NULL
283,MO24,NULL,NULL,NULL,0.014540278,NULL,NULL
283,DP24,NULL,NULL,NULL,0,NULL,NULL
283,SM24,NULL,NULL,NULL,0,NULL,NULL
283,MORT,log_logistic,0.034,0.145,0.741387459,0,0
285,AXIS,logistic,66.512,100.102,0.013221357,1,1
285,NC__,logistic,50.452,51.093,0.004965517,1,1
285,MO24,NULL,NULL,NULL,0.022,NULL,NULL
285,DP24,NULL,NULL,NULL,0,NULL,NULL
285,SM24,NULL,NULL,NULL,0,NULL,NULL
285,MORT,NULL,NULL,NULL,0.0946875,NULL,NULL
286,AXIS,NULL,NULL,NULL,0,NULL,NULL
286,NC__,NULL,NULL,NULL,0,NULL,NULL
286,MO24,NULL,NULL,NULL,0.022,NULL,NULL
286,DP24,NULL,NULL,NULL,0.019529032,NULL,NULL
286,SM24,NULL,NULL,NULL,0,NULL,NULL
286,MORT,NULL,NULL,NULL,0.005012903,NULL,NULL
295,AXIS,NULL,NULL,NULL,0.006719828,NULL,NULL
295,NC__,NULL,NULL,NULL,0,NULL,NULL
295,MO24,NULL,NULL,NULL,0.0321875,NULL,NULL
295,DP24,NULL,NULL,NULL,0,NULL,NULL
295,SM24,NULL,NULL,NULL,0,NULL,NULL
295,MORT,logistic,50.497,51.143,0.0045,1,1
296,AXIS,logistic,135.571,232.193,0.021570565,1,1
296,NC__,NULL,NULL,NULL,0,NULL,NULL
296,MO24,NULL,NULL,NULL,0.0015625,NULL,NULL
296,DP24,NULL,NULL,NULL,0,NULL,NULL
296,SM24,NULL,NULL,NULL,0,NULL,NULL
296,MORT,logistic,50.522,51.2,0.0045,1,1
297,AXIS,logistic,13.094,20.338,0.006528017,1,1
297,NC__,NULL,NULL,NULL,0,NULL,NULL
297,MO24,NULL,NULL,NULL,0.042530242,NULL,NULL
297,DP24,NULL,NULL,NULL,0.011765517,NULL,NULL
297,SM24,NULL,NULL,NULL,0,NULL,NULL
297,MORT,NULL,NULL,NULL,0.0068,NULL,NULL
332,AXIS,NULL,NULL,NULL,0.017872599,NULL,NULL
332,NC__,NULL,NULL,NULL,0,NULL,NULL
332,MO24,NULL,NULL,NULL,0.075007813,NULL,NULL
332,DP24,NULL,NULL,NULL,0.016516129,NULL,NULL
332,SM24,NULL,NULL,NULL,0,NULL,NULL
332,MORT,NULL,NULL,NULL,0.093440625,NULL,NULL
337,AXIS,NULL,NULL,NULL,0.000208333,NULL,NULL
337,NC__,NULL,NULL,NULL,0,NULL,NULL
337,MO24,NULL,NULL,NULL,0.220164063,NULL,NULL
337,DP24,logistic,99.687,190.385,0.057361538,1,1
337,SM24,NULL,NULL,NULL,0,NULL,NULL
337,MORT,NULL,NULL,NULL,0.122903125,NULL,NULL
338,AXIS,NULL,NULL,NULL,0.01470036,NULL,NULL
338,NC__,NULL,NULL,NULL,1.92E-05,NULL,NULL
338,MO24,NULL,NULL,NULL,0.046764063,NULL,NULL
338,DP24,NULL,NULL,NULL,0.000177535,NULL,NULL
338,SM24,NULL,NULL,NULL,0.001596774,NULL,NULL
338,MORT,NULL,NULL,NULL,0.048498438,NULL,NULL
339,AXIS,NULL,NULL,NULL,0.015518966,NULL,NULL
339,NC__,NULL,NULL,NULL,0,NULL,NULL
339,MO24,NULL,NULL,NULL,0.067345313,NULL,NULL
339,DP24,NULL,NULL,NULL,0.000166724,NULL,NULL
339,SM24,NULL,NULL,NULL,0,NULL,NULL
339,MORT,NULL,NULL,NULL,0.067825,NULL,NULL
342,AXIS,NULL,NULL,NULL,0.019038462,NULL,NULL
342,NC__,NULL,NULL,NULL,0,NULL,NULL
342,MO24,NULL,NULL,NULL,0.119032813,NULL,NULL
342,DP24,NULL,NULL,NULL,0.083764683,NULL,NULL
342,SM24,NULL,NULL,NULL,0,NULL,NULL
342,MORT,NULL,NULL,NULL,0.235876563,NULL,NULL
355,AXIS,NULL,NULL,NULL,0.00208578,NULL,NULL
355,NC__,NULL,NULL,NULL,0,NULL,NULL
355,MO24,NULL,NULL,NULL,0.050734375,NULL,NULL
355,DP24,NULL,NULL,NULL,0.002340934,NULL,NULL
355,SM24,NULL,NULL,NULL,0,NULL,NULL
355,MORT,NULL,NULL,NULL,0.17479375,NULL,NULL
357,AXIS,NULL,NULL,NULL,0.03701994,NULL,NULL
357,NC__,logistic,65.731,68.357,0.016666667,1,1
357,MO24,NULL,NULL,NULL,0.062645313,NULL,NULL
357,DP24,logistic,104.789,160.056,0.0315,1,1
357,SM24,NULL,NULL,NULL,0,NULL,NULL
357,MORT,NULL,NULL,NULL,0.140615625,NULL,NULL
360,AXIS,logistic,45.379,68.164,0.039788767,0,1
360,NC__,NULL,NULL,NULL,0.003777778,NULL,NULL
360,MO24,log_probit,224.878,5.36744E+12,0.0615625,1,1
360,DP24,NULL,NULL,NULL,0,NULL,NULL
360,SM24,NULL,NULL,NULL,0,NULL,NULL
360,MORT,probit,63.125,168.926,0.067852137,1,1
362,AXIS,NULL,NULL,NULL,0,NULL,NULL
362,NC__,NULL,NULL,NULL,0,NULL,NULL
362,MO24,NULL,NULL,NULL,0.12793125,NULL,NULL
362,DP24,log_probit,3.2,39.426,0.36352823,0,0
362,SM24,NULL,NULL,NULL,0.001903846,NULL,NULL
362,MORT,probit,15.167,66.663,0.433307813,0,1
363,AXIS,NULL,NULL,NULL,0.000430435,NULL,NULL
363,NC__,NULL,NULL,NULL,0,NULL,NULL
363,MO24,NULL,NULL,NULL,0.22809375,NULL,NULL
363,DP24,NULL,NULL,NULL,0,NULL,NULL
363,SM24,NULL,NULL,NULL,0,NULL,NULL
363,MORT,NULL,NULL,NULL,0.246982813,NULL,NULL
365,AXIS,NULL,NULL,NULL,0.032258065,NULL,NULL
365,NC__,NULL,NULL,NULL,0,NULL,NULL
365,MO24,log_logistic,0.305,6.228,0.6705,-1,0
365,DP24,NULL,NULL,NULL,0,NULL,NULL
365,SM24,NULL,NULL,NULL,0,NULL,NULL
365,MORT,NULL,NULL,NULL,0.03125,NULL,NULL
370,AXIS,NULL,NULL,NULL,0.017073313,NULL,NULL
370,NC__,NULL,NULL,NULL,0,NULL,NULL
370,MO24,NULL,NULL,NULL,0.054598438,NULL,NULL
370,DP24,NULL,NULL,NULL,0.030034044,NULL,NULL
370,SM24,NULL,NULL,NULL,0,NULL,NULL
370,MORT,NULL,NULL,NULL,0.147579688,NULL,NULL
373,AXIS,NULL,NULL,NULL,0.021521739,NULL,NULL
373,NC__,NULL,NULL,NULL,0,NULL,NULL
373,MO24,NULL,NULL,NULL,0.23348125,NULL,NULL
373,DP24,probit,36.206,109.228,0.168369748,0,1
373,SM24,NULL,NULL,NULL,0.021521739,NULL,NULL
373,MORT,weibull,0,72.138,0.515990625,-1,1
380,AXIS,NULL,NULL,NULL,0.035159412,NULL,NULL
380,NC__,NULL,NULL,NULL,0,NULL,NULL
380,MO24,NULL,NULL,NULL,0.090465625,NULL,NULL
380,DP24,NULL,NULL,NULL,0.036179427,NULL,NULL
380,SM24,NULL,NULL,NULL,0,NULL,NULL
380,MORT,NULL,NULL,NULL,0.11129375,NULL,NULL
381,AXIS,logistic,10.474,10.728,0.253720238,0,0
381,NC__,logistic,10.42,10.656,0.265252976,0,0
381,MO24,logistic,38.308,85.518,0.105125,0,1
381,DP24,NULL,NULL,NULL,0,NULL,NULL
381,SM24,NULL,NULL,NULL,0,NULL,NULL
381,MORT,log_logistic,10.904,12.127,0.600395402,0,0
384,AXIS,log_probit,28.69,53.978,0.250046225,0,0
384,NC__,NULL,NULL,NULL,0.000552792,NULL,NULL
384,MO24,NULL,NULL,NULL,0.205223881,NULL,NULL
384,DP24,NULL,NULL,NULL,0,NULL,NULL
384,SM24,NULL,NULL,NULL,0,NULL,NULL
384,MORT,log_probit,13.47,224.29,0.197236623,0,1
392,AXIS,log_logistic,17.808,25.584,0.492304828,0,0
392,NC__,logistic,49.479,50.074,0.045,0,1
392,MO24,logistic,33.812,69.803,0.1115,0,1
392,DP24,NULL,NULL,NULL,0,NULL,NULL
392,SM24,NULL,NULL,NULL,0,NULL,NULL
392,MORT,log_logistic,43.18,53.15,0.071763077,0,1
395,AXIS,NULL,NULL,NULL,0.021739337,NULL,NULL
395,NC__,NULL,NULL,NULL,0,NULL,NULL
395,MO24,NULL,NULL,NULL,0.18050931,NULL,NULL
395,DP24,NULL,NULL,NULL,0.019040734,NULL,NULL
395,SM24,NULL,NULL,NULL,0,NULL,NULL
395,MORT,NULL,NULL,NULL,0.246582418,NULL,NULL
396,AXIS,logistic,132.605,222.445,0.019938547,1,1
396,NC__,NULL,NULL,NULL,0.001938547,NULL,NULL
396,MO24,logistic,53.011,113.818,0.089373438,0,1
396,DP24,NULL,NULL,NULL,0,NULL,NULL
396,SM24,NULL,NULL,NULL,0,NULL,NULL
396,MORT,logistic,48.698,111.058,0.105139062,0,1
401,AXIS,NULL,NULL,NULL,0,NULL,NULL
401,NC__,NULL,NULL,NULL,0,NULL,NULL
401,MO24,NULL,NULL,NULL,0.046734375,NULL,NULL
401,DP24,NULL,NULL,NULL,1.61E-06,NULL,NULL
401,SM24,NULL,NULL,NULL,0,NULL,NULL
401,MORT,NULL,NULL,NULL,0.098128125,NULL,NULL
403,AXIS,NULL,NULL,NULL,1.67E-05,NULL,NULL
403,NC__,NULL,NULL,NULL,0,NULL,NULL
403,MO24,NULL,NULL,NULL,0.1118125,NULL,NULL
403,DP24,NULL,NULL,NULL,0.00200415,NULL,NULL
403,SM24,NULL,NULL,NULL,0,NULL,NULL
403,MORT,NULL,NULL,NULL,0.11538755,NULL,NULL
404,AXIS,NULL,NULL,NULL,0,NULL,NULL
404,NC__,NULL,NULL,NULL,0,NULL,NULL
404,MO24,NULL,NULL,NULL,0.0488125,NULL,NULL
404,DP24,NULL,NULL,NULL,0.003733333,NULL,NULL
404,SM24,NULL,NULL,NULL,0,NULL,NULL
404,MORT,NULL,NULL,NULL,0.0286,NULL,NULL
406,AXIS,NULL,NULL,NULL,0.037870968,NULL,NULL
406,NC__,NULL,NULL,NULL,0,NULL,NULL
406,MO24,NULL,NULL,NULL,0.0235625,NULL,NULL
406,DP24,logistic,73.455,123.278,0.027891129,1,1
406,SM24,NULL,NULL,NULL,0,NULL,NULL
406,MORT,NULL,NULL,NULL,0.0076875,NULL,NULL
409,AXIS,NULL,NULL,NULL,0.003290323,NULL,NULL
409,NC__,NULL,NULL,NULL,0.003290323,NULL,NULL
409,MO24,NULL,NULL,NULL,0.037,NULL,NULL
409,DP24,NULL,NULL,NULL,0.003290323,NULL,NULL
409,SM24,NULL,NULL,NULL,0,NULL,NULL
409,MORT,NULL,NULL,NULL,0,NULL,NULL
412,AXIS,logistic,41.944,50.534,0.06137931,0,1
412,NC__,NULL,NULL,NULL,0,NULL,NULL
412,MO24,NULL,NULL,NULL,0.044625,NULL,NULL
412,DP24,NULL,NULL,NULL,0,NULL,NULL
412,SM24,NULL,NULL,NULL,0,NULL,NULL
412,MORT,logistic,52.431,84.14,0.029809812,1,1
413,AXIS,logistic,21.859,47.479,0.299071401,0,0
413,NC__,NULL,NULL,NULL,0.039121056,NULL,NULL
413,MO24,NULL,NULL,NULL,0.075046875,NULL,NULL
413,DP24,NULL,NULL,NULL,0.048104245,NULL,NULL
413,SM24,NULL,NULL,NULL,0,NULL,NULL
413,MORT,NULL,NULL,NULL,0.145732813,NULL,NULL
414,AXIS,logistic,58.411,88.429,0.032733333,1,1
414,NC__,NULL,NULL,NULL,0,NULL,NULL
414,MO24,NULL,NULL,NULL,0.0545625,NULL,NULL
414,DP24,NULL,NULL,NULL,0.024426075,NULL,NULL
414,SM24,NULL,NULL,NULL,0,NULL,NULL
414,MORT,NULL,NULL,NULL,0.008367742,NULL,NULL
415,AXIS,NULL,NULL,NULL,0.009870968,NULL,NULL
415,NC__,NULL,NULL,NULL,0,NULL,NULL
415,MO24,NULL,NULL,NULL,0.0465625,NULL,NULL
415,DP24,NULL,NULL,NULL,0.013741935,NULL,NULL
415,SM24,NULL,NULL,NULL,0,NULL,NULL
415,MORT,NULL,NULL,NULL,0.001935484,NULL,NULL
416,AXIS,NULL,NULL,NULL,0.019966801,NULL,NULL
416,NC__,NULL,NULL,NULL,0,NULL,NULL
416,MO24,NULL,NULL,NULL,0.0376875,NULL,NULL
416,DP24,logistic,6.423,11.018,0.039594758,1,1
416,SM24,NULL,NULL,NULL,0,NULL,NULL
416,MORT,NULL,NULL,NULL,0.012516129,NULL,NULL
417,AXIS,NULL,NULL,NULL,0.038612236,NULL,NULL
417,NC__,NULL,NULL,NULL,0,NULL,NULL
417,MO24,NULL,NULL,NULL,0.058625,NULL,NULL
417,DP24,NULL,NULL,NULL,0.041903226,NULL,NULL
417,SM24,NULL,NULL,NULL,0,NULL,NULL
417,MORT,NULL,NULL,NULL,0.006645161,NULL,NULL
419,AXIS,NULL,NULL,NULL,0.001666667,NULL,NULL
419,NC__,NULL,NULL,NULL,0,NULL,NULL
419,MO24,logistic,63.05,106.455,0.044375,1,1
419,DP24,NULL,NULL,NULL,0.014546237,NULL,NULL
419,SM24,NULL,NULL,NULL,0,NULL,NULL
419,MORT,NULL,NULL,NULL,0.051587903,NULL,NULL
420,AXIS,NULL,NULL,NULL,0.026776418,NULL,NULL
420,NC__,NULL,NULL,NULL,0,NULL,NULL
420,MO24,NULL,NULL,NULL,0.027375,NULL,NULL
420,DP24,NULL,NULL,NULL,0.050229167,NULL,NULL
420,SM24,NULL,NULL,NULL,0,NULL,NULL
420,MORT,NULL,NULL,NULL,0.033725,NULL,NULL
421,AXIS,NULL,NULL,NULL,0.016665,NULL,NULL
421,NC__,NULL,NULL,NULL,0,NULL,NULL
421,MO24,NULL,NULL,NULL,0.043679688,NULL,NULL
421,DP24,NULL,NULL,NULL,0.000329745,NULL,NULL
421,SM24,NULL,NULL,NULL,0,NULL,NULL
421,MORT,NULL,NULL,NULL,0.0782125,NULL,NULL
441,AXIS,NULL,NULL,NULL,0,NULL,NULL
441,NC__,NULL,NULL,NULL,0,NULL,NULL
441,MO24,log_logistic,8.229,36.524,0.451492537,0,0
441,DP24,NULL,NULL,NULL,0,NULL,NULL
441,SM24,NULL,NULL,NULL,0,NULL,NULL
441,MORT,gamma,2.871,4.073,0.770471208,0,0
447,AXIS,logistic,50.181,75.024,0.039466922,1,1
447,NC__,NULL,NULL,NULL,0,NULL,NULL
447,MO24,NULL,NULL,NULL,0.039875,NULL,NULL
447,DP24,NULL,NULL,NULL,0.045673943,NULL,NULL
447,SM24,NULL,NULL,NULL,0,NULL,NULL
447,MORT,log_logistic,51.657,1954.671,0.062673943,1,1
448,AXIS,logistic,7.699,12.029,0.022590476,1,1
448,NC__,NULL,NULL,NULL,0,NULL,NULL
448,MO24,NULL,NULL,NULL,0.05775,NULL,NULL
448,DP24,NULL,NULL,NULL,0,NULL,NULL
448,SM24,NULL,NULL,NULL,0,NULL,NULL
448,MORT,NULL,NULL,NULL,0.024108871,NULL,NULL
470,AXIS,log_logistic,78.083,2254.609,0.053678571,1,1
470,NC__,logistic,65.619,68.274,0.018,1,1
470,MO24,NULL,NULL,NULL,0.103720313,NULL,NULL
470,DP24,logistic,44.761,83.952,0.118282031,0,1
470,SM24,NULL,NULL,NULL,0,NULL,NULL
470,MORT,NULL,NULL,NULL,0.162784375,NULL,NULL
471,AXIS,NULL,NULL,NULL,0.00275,NULL,NULL
471,NC__,NULL,NULL,NULL,0,NULL,NULL
471,MO24,NULL,NULL,NULL,0.246485938,NULL,NULL
471,DP24,probit,11.56,38.064,0.457396271,0,0
471,SM24,NULL,NULL,NULL,0.0198,NULL,NULL
471,MORT,logistic,11.332,31.092,0.560901563,0,0
472,AXIS,NULL,NULL,NULL,0.038646667,NULL,NULL
472,NC__,NULL,NULL,NULL,0,NULL,NULL
472,MO24,NULL,NULL,NULL,0.171346875,NULL,NULL
472,DP24,NULL,NULL,NULL,0.038441529,NULL,NULL
472,SM24,NULL,NULL,NULL,0,NULL,NULL
472,MORT,probit,57.462,226.143,0.201514063,0,1
481,AXIS,NULL,NULL,NULL,0.020368966,NULL,NULL
481,NC__,NULL,NULL,NULL,0,NULL,NULL
481,MO24,NULL,NULL,NULL,0.07781255,NULL,NULL
481,DP24,logistic,65.882,68.47,0.015,1,1
481,SM24,NULL,NULL,NULL,0,NULL,NULL
481,MORT,probit,118.387,352.786,0.09187505,1,1
500,AXIS,logistic,6.956,12.009,0.128108178,0,1
500,NC__,logistic,14.555,21.994,0.030248447,1,1
500,MO24,log_logistic,48.953,51.165,0.1179375,0,1
500,DP24,logistic,42.53,67.116,0.062214141,0,1
500,SM24,NULL,NULL,NULL,0,NULL,NULL
500,MORT,logistic,8.487,13.213,0.6028659,0,0
501,AXIS,NULL,NULL,NULL,0.028884134,NULL,NULL
501,NC__,NULL,NULL,NULL,0,NULL,NULL
501,MO24,probit,17.292,39.595,0.3136875,0,0
501,DP24,weibull,1.19,44.637,0.189417123,0,1
501,SM24,NULL,NULL,NULL,0,NULL,NULL
501,MORT,log_logistic,1.782,16.025,0.252079133,0,1
502,AXIS,logistic,4.811,4.985,0.155555556,0,0
502,NC__,logistic,4.866,5.04,0.111111111,0,1
502,MO24,logistic,3.238,6.454,0.8095625,0,0
502,DP24,logistic,2.437,3.958,0.253225806,0,0
502,SM24,NULL,NULL,NULL,0,NULL,NULL
502,MORT,logistic,3.311,6.135,0.119892473,0,1
503,AXIS,logistic,9.623,15.418,0.070269017,0,1
503,NC__,logistic,11.218,11.499,0.025162338,1,1
503,MO24,logistic,18.902,43.375,0.2176875,0,0
503,DP24,NULL,NULL,NULL,0,NULL,NULL
503,SM24,NULL,NULL,NULL,0,NULL,NULL
503,MORT,probit,14.39,41.638,0.232531226,0,1
504,AXIS,NULL,NULL,NULL,0,NULL,NULL
504,NC__,NULL,NULL,NULL,0,NULL,NULL
504,MO24,logistic,3.728,8.272,0.73775,0,0
504,DP24,logistic,4.837,5.011,0.133333333,0,1
504,SM24,NULL,NULL,NULL,0,NULL,NULL
504,MORT,probit,1.576,4.736,0.299522103,0,0
511,AXIS,log_logistic,0.138,0.247,0.934632184,0,0
511,NC__,NULL,NULL,NULL,0.014416667,NULL,NULL
511,MO24,NULL,NULL,NULL,0.0510625,NULL,NULL
511,DP24,log_probit,0.205,4.606,0.385595699,0,0
511,SM24,NULL,NULL,NULL,0,NULL,NULL
511,MORT,log_logistic,1.158,15.894,0.216621505,0,1
512,AXIS,logistic,111.091,169.594,0.008090323,1,1
512,NC__,NULL,NULL,NULL,0,NULL,NULL
512,MO24,NULL,NULL,NULL,0.0060625,NULL,NULL
512,DP24,logistic,505.111,858.209,0.009445565,1,1
512,SM24,NULL,NULL,NULL,0,NULL,NULL
512,MORT,logistic,137.029,234.993,0.021570565,1,1
513,AXIS,NULL,NULL,NULL,0.050160983,NULL,NULL
513,NC__,NULL,NULL,NULL,0,NULL,NULL
513,MO24,logistic,61.357,117.821,0.0543125,1,1
513,DP24,NULL,NULL,NULL,0.013490323,NULL,NULL
513,SM24,NULL,NULL,NULL,0,NULL,NULL
513,MORT,NULL,NULL,NULL,0.003612903,NULL,NULL
514,AXIS,NULL,NULL,NULL,0.040924731,NULL,NULL
514,NC__,NULL,NULL,NULL,0.004903226,NULL,NULL
514,MO24,NULL,NULL,NULL,0.02675,NULL,NULL
514,DP24,NULL,NULL,NULL,0,NULL,NULL
514,SM24,NULL,NULL,NULL,0,NULL,NULL
514,MORT,logistic,46.563,65.6,0.032370968,0,1
515,AXIS,NULL,NULL,NULL,0.021354839,NULL,NULL
515,NC__,NULL,NULL,NULL,0,NULL,NULL
515,MO24,NULL,NULL,NULL,0.030625,NULL,NULL
515,DP24,logistic,93.056,139.076,0.014207661,1,1
515,SM24,NULL,NULL,NULL,0,NULL,NULL
515,MORT,logistic,93.056,139.076,0.014207661,1,1
517,AXIS,NULL,NULL,NULL,0.065164286,NULL,NULL
517,NC__,logistic,61.136,81.672,0.016925,1,1
517,MO24,NULL,NULL,NULL,0.018125,NULL,NULL
517,DP24,NULL,NULL,NULL,0,NULL,NULL
517,SM24,NULL,NULL,NULL,0,NULL,NULL
517,MORT,NULL,NULL,NULL,0.018048457,NULL,NULL
557,AXIS,NULL,NULL,NULL,0.017396285,NULL,NULL
557,NC__,NULL,NULL,NULL,0.015628427,NULL,NULL
557,MO24,logistic,73.727,150.787,0.061241885,1,1
557,DP24,NULL,NULL,NULL,0.015645669,NULL,NULL
557,SM24,NULL,NULL,NULL,0.01546875,NULL,NULL
557,MORT,NULL,NULL,NULL,0.061273135,NULL,NULL
560,AXIS,NULL,NULL,NULL,0.033804192,NULL,NULL
560,NC__,NULL,NULL,NULL,0,NULL,NULL
560,MO24,NULL,NULL,NULL,0.065596875,NULL,NULL
560,DP24,NULL,NULL,NULL,0.015016667,NULL,NULL
560,SM24,NULL,NULL,NULL,0,NULL,NULL
560,MORT,NULL,NULL,NULL,0.079676563,NULL,NULL
581,AXIS,NULL,NULL,NULL,0.018333333,NULL,NULL
581,NC__,NULL,NULL,NULL,0,NULL,NULL
581,MO24,log_logistic,0,0,0.0637375,-1,-1
581,DP24,NULL,NULL,NULL,0.017694196,NULL,NULL
581,SM24,NULL,NULL,NULL,0.017678571,NULL,NULL
581,MORT,NULL,NULL,NULL,0.09345625,NULL,NULL
585,AXIS,NULL,NULL,NULL,1.79E-05,NULL,NULL
585,NC__,NULL,NULL,NULL,0,NULL,NULL
585,MO24,logistic,183.452,410.8,0.078123438,1,1
585,DP24,NULL,NULL,NULL,0.033017241,NULL,NULL
585,SM24,NULL,NULL,NULL,0,NULL,NULL
585,MORT,NULL,NULL,NULL,0.112171875,NULL,NULL
596,AXIS,logistic,8.488,14.273,0.078731986,0,1
596,NC__,logistic,11.317,11.588,0.014567669,1,1
596,MO24,log_logistic,3.351,67.516,0.3038125,0,1
596,DP24,NULL,NULL,NULL,0,NULL,NULL
596,SM24,NULL,NULL,NULL,0,NULL,NULL
596,MORT,probit,16.911,48.473,0.277950486,0,0
597,AXIS,logistic,3.046,5.943,0.155053763,0,1
597,NC__,logistic,5,5.182,0.04,0,1
597,MO24,log_probit,9.199,59.078,0.2906875,0,1
597,DP24,NULL,NULL,NULL,0,NULL,NULL
597,SM24,NULL,NULL,NULL,0,NULL,NULL
597,MORT,logistic,7.6,10.416,0.676521092,0,0
599,AXIS,NULL,NULL,NULL,0,NULL,NULL
599,NC__,NULL,NULL,NULL,0,NULL,NULL
599,MO24,NULL,NULL,NULL,0.063704688,NULL,NULL
599,DP24,logistic,61.034,63.509,0.195,0,0
599,SM24,NULL,NULL,NULL,0,NULL,NULL
599,MORT,logistic,8.16,17.033,0.501234375,0,0
601,AXIS,NULL,NULL,NULL,0,NULL,NULL
601,NC__,NULL,NULL,NULL,0,NULL,NULL
601,MO24,logistic,1.585,3.373,0.909,0,0
601,DP24,NULL,NULL,NULL,0.05,NULL,NULL
601,SM24,NULL,NULL,NULL,0,NULL,NULL
601,MORT,NULL,NULL,NULL,0,NULL,NULL
602,AXIS,logistic,5.092,5.278,0.019047619,1,1
602,NC__,NULL,NULL,NULL,0,NULL,NULL
602,MO24,logistic,7.74,15.431,0.57975,0,0
602,DP24,log_logistic,1.583,4.83,0.464558283,0,0
602,SM24,NULL,NULL,NULL,0,NULL,NULL
602,MORT,log_logistic,2.878,11.46,0.248631637,0,1
606,AXIS,NULL,NULL,NULL,1.61E-06,NULL,NULL
606,NC__,NULL,NULL,NULL,0,NULL,NULL
606,MO24,probit,106.113,348.143,0.12386628,1,1
606,DP24,NULL,NULL,NULL,0.001653226,NULL,NULL
606,SM24,NULL,NULL,NULL,0,NULL,NULL
606,MORT,log_probit,0.217,4.31E+17,0.125413155,0,1
607,AXIS,NULL,NULL,NULL,0.001698387,NULL,NULL
607,NC__,NULL,NULL,NULL,0,NULL,NULL
607,MO24,weibull,2406144067,9.71E+45,0.062635938,1,1
607,DP24,NULL,NULL,NULL,3.23E-05,NULL,NULL
607,SM24,NULL,NULL,NULL,0,NULL,NULL
607,MORT,probit,127.695,381.17,0.0767,1,1
609,AXIS,NULL,NULL,NULL,0,NULL,NULL
609,NC__,NULL,NULL,NULL,0,NULL,NULL
609,MO24,NULL,NULL,NULL,0.02425,NULL,NULL
609,DP24,NULL,NULL,NULL,0.020620833,NULL,NULL
609,SM24,NULL,NULL,NULL,0,NULL,NULL
609,MORT,NULL,NULL,NULL,0.033683333,NULL,NULL
618,AXIS,NULL,NULL,NULL,0.029469489,NULL,NULL
618,NC__,NULL,NULL,NULL,0,NULL,NULL
618,MO24,NULL,NULL,NULL,0.0015625,NULL,NULL
618,DP24,NULL,NULL,NULL,0,NULL,NULL
618,SM24,NULL,NULL,NULL,0,NULL,NULL
618,MORT,NULL,NULL,NULL,0.040225806,NULL,NULL
628,AXIS,NULL,NULL,NULL,0.038351806,NULL,NULL
628,NC__,NULL,NULL,NULL,0,NULL,NULL
628,MO24,log_logistic,14.212,35.979,0.34775,0,0
628,DP24,NULL,NULL,NULL,0,NULL,NULL
628,SM24,NULL,NULL,NULL,0,NULL,NULL
628,MORT,logistic,6.305,12.126,0.141648065,0,1
629,AXIS,NULL,NULL,NULL,0.004320276,NULL,NULL
629,NC__,NULL,NULL,NULL,0.001440092,NULL,NULL
629,MO24,logistic,32.609,60.997,0.1026875,0,1
629,DP24,logistic,12.787,22.567,0.486365159,0,0
629,SM24,logistic,23.125,38.468,0.224747526,0,0
629,MORT,logistic,16.29,27.499,0.390549906,0,0
674,AXIS,NULL,NULL,NULL,0.05,NULL,NULL
674,NC__,NULL,NULL,NULL,0,NULL,NULL
674,MO24,log_logistic,0.583,5.142,0.7408125,-1,0
674,DP24,NULL,NULL,NULL,0,NULL,NULL
674,SM24,NULL,NULL,NULL,0,NULL,NULL
674,MORT,NULL,NULL,NULL,0.046875,NULL,NULL
689,AXIS,NULL,NULL,NULL,0.099968473,NULL,NULL
689,NC__,NULL,NULL,NULL,0.0034,NULL,NULL
689,MO24,NULL,NULL,NULL,0.080485887,NULL,NULL
689,DP24,NULL,NULL,NULL,0,NULL,NULL
689,SM24,NULL,NULL,NULL,0,NULL,NULL
689,MORT,logistic,9.616,16.246,0.014304783,1,1
691,AXIS,log_logistic,2587.898,5.7364E+11,0.03896627,1,1
691,NC__,NULL,NULL,NULL,0,NULL,NULL
691,MO24,NULL,NULL,NULL,0.0596875,NULL,NULL
691,DP24,NULL,NULL,NULL,0,NULL,NULL
691,SM24,NULL,NULL,NULL,0,NULL,NULL
691,MORT,log_logistic,9.087,161.141,0.22290634,0,1
694,AXIS,probit,42.852,96.671,0.074683468,0,1
694,NC__,NULL,NULL,NULL,0,NULL,NULL
694,MO24,logistic,61.26,98.147,0.02625,1,1
694,DP24,logistic,49.14,63.04,0.027021552,0,1
694,SM24,NULL,NULL,NULL,0,NULL,NULL
694,MORT,logistic,69.705,105.231,0.011493534,1,1
696,AXIS,NULL,NULL,NULL,0.036351417,NULL,NULL
696,NC__,NULL,NULL,NULL,0,NULL,NULL
696,MO24,NULL,NULL,NULL,0.04325,NULL,NULL
696,DP24,NULL,NULL,NULL,0.0003125,NULL,NULL
696,SM24,NULL,NULL,NULL,0,NULL,NULL
696,MORT,NULL,NULL,NULL,0.020054435,NULL,NULL
697,AXIS,NULL,NULL,NULL,0.003510081,NULL,NULL
697,NC__,NULL,NULL,NULL,0.012516129,NULL,NULL
697,MO24,logistic,59.743,89.951,0.0306875,1,1
697,DP24,NULL,NULL,NULL,0.0035,NULL,NULL
697,SM24,NULL,NULL,NULL,0,NULL,NULL
697,MORT,NULL,NULL,NULL,0.0003125,NULL,NULL
702,AXIS,log_probit,11.886,1593.019,0.147229205,0,1
702,NC__,NULL,NULL,NULL,0,NULL,NULL
702,MO24,logistic,63.868,117.428,0.059375,0,1
702,DP24,NULL,NULL,NULL,0.076596249,NULL,NULL
702,SM24,NULL,NULL,NULL,0,NULL,NULL
702,MORT,logistic,40.471,84.164,0.14965625,0,1
721,AXIS,logistic,99.399,151.264,0.009050323,1,1
721,NC__,NULL,NULL,NULL,0,NULL,NULL
721,MO24,logistic,58.14,86.475,0.0150625,1,1
721,DP24,logistic,33.956,57.006,0.083302558,0,1
721,SM24,NULL,NULL,NULL,0,NULL,NULL
721,MORT,logistic,50.633,87.828,0.046349972,1,1
722,AXIS,logistic,49.613,50.273,0.032,0,1
722,NC__,NULL,NULL,NULL,0,NULL,NULL
722,MO24,NULL,NULL,NULL,0.15504,NULL,NULL
722,DP24,logistic,21.888,41.558,0.183380538,0,0
722,SM24,NULL,NULL,NULL,0,NULL,NULL
722,MORT,logistic,40.008,66.557,0.083628571,0,1
740,AXIS,NULL,NULL,NULL,0.015018519,NULL,NULL
740,NC__,NULL,NULL,NULL,0,NULL,NULL
740,MO24,NULL,NULL,NULL,0.062779788,NULL,NULL
740,DP24,log_logistic,16.441,18.917,0.453480033,0,0
740,SM24,NULL,NULL,NULL,0,NULL,NULL
740,MORT,log_logistic,16.5,19.453,0.491092389,0,0
741,AXIS,NULL,NULL,NULL,0.000666667,NULL,NULL
741,NC__,NULL,NULL,NULL,0,NULL,NULL
741,MO24,logistic,38.406,74.809,0.0920625,0,1
741,DP24,logistic,55.183,83.185,0.034805034,1,1
741,SM24,NULL,NULL,NULL,0,NULL,NULL
741,MORT,logistic,51.698,96.27,0.069034106,1,1
746,AXIS,NULL,NULL,NULL,0.03555505,NULL,NULL
746,NC__,NULL,NULL,NULL,0.012933333,NULL,NULL
746,MO24,NULL,NULL,NULL,0.0498125,NULL,NULL
746,DP24,NULL,NULL,NULL,0,NULL,NULL
746,SM24,NULL,NULL,NULL,0,NULL,NULL
746,MORT,NULL,NULL,NULL,0.036103629,NULL,NULL
747,AXIS,NULL,NULL,NULL,0,NULL,NULL
747,NC__,NULL,NULL,NULL,0,NULL,NULL
747,MO24,log_logistic,0.611,2.022,0.5418125,0,0
747,DP24,NULL,NULL,NULL,0,NULL,NULL
747,SM24,NULL,NULL,NULL,0,NULL,NULL
747,MORT,gamma,0.921,1.085,0.191140335,0,0
768,AXIS,logistic,9.996,15.55,0.050279462,0,1
768,NC__,NULL,NULL,NULL,0.007697044,NULL,NULL
768,MO24,logistic,13.066,24.995,0.43325,0,0
768,DP24,NULL,NULL,NULL,0.040608466,NULL,NULL
768,SM24,NULL,NULL,NULL,0,NULL,NULL
768,MORT,NULL,NULL,NULL,0.070187959,NULL,NULL
769,AXIS,NULL,NULL,NULL,0.0034,NULL,NULL
769,NC__,NULL,NULL,NULL,0,NULL,NULL
769,MO24,NULL,NULL,NULL,0.0354375,NULL,NULL
769,DP24,NULL,NULL,NULL,0,NULL,NULL
769,SM24,NULL,NULL,NULL,0,NULL,NULL
769,MORT,logistic,61.915,100.412,0.025060484,1,1
770,AXIS,NULL,NULL,NULL,0.044910714,NULL,NULL
770,NC__,NULL,NULL,NULL,0.012125,NULL,NULL
770,MO24,NULL,NULL,NULL,0.042760081,NULL,NULL
770,DP24,NULL,NULL,NULL,0,NULL,NULL
770,SM24,NULL,NULL,NULL,0,NULL,NULL
770,MORT,NULL,NULL,NULL,0.010551724,NULL,NULL
771,AXIS,probit,30.685,81.194,0.119366338,0,1
771,NC__,NULL,NULL,NULL,0.015045977,NULL,NULL
771,MO24,NULL,NULL,NULL,0.075625,NULL,NULL
771,DP24,NULL,NULL,NULL,0,NULL,NULL
771,SM24,NULL,NULL,NULL,0,NULL,NULL
771,MORT,NULL,NULL,NULL,0.043525,NULL,NULL
774,AXIS,logistic,51.249,66.751,0.024453333,1,1
774,NC__,logistic,58.268,77.549,0.018693333,1,1
774,MO24,NULL,NULL,NULL,0.033875,NULL,NULL
774,DP24,NULL,NULL,NULL,0,NULL,NULL
774,SM24,NULL,NULL,NULL,0,NULL,NULL
774,MORT,logistic,62.86,116.081,0.050590534,1,1
775,AXIS,logistic,54.588,92.052,0.05444132,1,1
775,NC__,NULL,NULL,NULL,0,NULL,NULL
775,MO24,NULL,NULL,NULL,0.068,NULL,NULL
775,DP24,NULL,NULL,NULL,0.0102,NULL,NULL
775,SM24,NULL,NULL,NULL,0,NULL,NULL
775,MORT,log_logistic,34.664,490.612,0.076558621,0,1
776,AXIS,NULL,NULL,NULL,0.062462736,NULL,NULL
776,NC__,NULL,NULL,NULL,0,NULL,NULL
776,MO24,NULL,NULL,NULL,0.04525,NULL,NULL
776,DP24,NULL,NULL,NULL,0.011870968,NULL,NULL
776,SM24,NULL,NULL,NULL,0,NULL,NULL
776,MORT,NULL,NULL,NULL,0.001666667,NULL,NULL
777,AXIS,log_logistic,0.376,2.543,0.843786407,-1,0
777,NC__,NULL,NULL,NULL,0,NULL,NULL
777,MO24,NULL,NULL,NULL,0,NULL,NULL
777,DP24,log_logistic,7.743,18464.595,0.1245,0,1
777,SM24,NULL,NULL,NULL,0,NULL,NULL
777,MORT,logistic,33.739,62.32,0.0965625,0,1
778,AXIS,logistic,4.491,8.326,0.09025974,0,1
778,NC__,NULL,NULL,NULL,0,NULL,NULL
778,MO24,log_logistic,5.562,8.739,0.7875625,0,0
778,DP24,logistic,4.815,4.984,0.157142857,0,0
778,SM24,NULL,NULL,NULL,0,NULL,NULL
778,MORT,logistic,3.543,6.457,0.119047619,0,1
946,AXIS,logistic,18.954,34.529,0.280086081,0,0
946,NC__,NULL,NULL,NULL,0.027714286,NULL,NULL
946,MO24,NULL,NULL,NULL,0.085375,NULL,NULL
946,DP24,NULL,NULL,NULL,0,NULL,NULL
946,SM24,NULL,NULL,NULL,0,NULL,NULL
946,MORT,logistic,37.808,66.903,0.084716203,0,1
947,AXIS,NULL,NULL,NULL,0,NULL,NULL
947,NC__,NULL,NULL,NULL,0,NULL,NULL
947,MO24,NULL,NULL,NULL,0.0143125,NULL,NULL
947,DP24,NULL,NULL,NULL,0,NULL,NULL
947,SM24,NULL,NULL,NULL,0,NULL,NULL
947,MORT,NULL,NULL,NULL,0.014362903,NULL,NULL
948,AXIS,NULL,NULL,NULL,0.003642857,NULL,NULL
948,NC__,NULL,NULL,NULL,0.003642857,NULL,NULL
948,MO24,log_probit,15.883,31.971,0.4208125,0,0
948,DP24,NULL,NULL,NULL,0,NULL,NULL
948,SM24,NULL,NULL,NULL,0,NULL,NULL
948,MORT,NULL,NULL,NULL,0.017241379,NULL,NULL
949,AXIS,NULL,NULL,NULL,0.025467408,NULL,NULL
949,NC__,NULL,NULL,NULL,0,NULL,NULL
949,MO24,NULL,NULL,NULL,0.0383125,NULL,NULL
949,DP24,NULL,NULL,NULL,0.035731452,NULL,NULL
949,SM24,NULL,NULL,NULL,0,NULL,NULL
949,MORT,NULL,NULL,NULL,0.051324059,NULL,NULL
951,AXIS,NULL,NULL,NULL,0,NULL,NULL
951,NC__,NULL,NULL,NULL,0,NULL,NULL
951,MO24,NULL,NULL,NULL,0.031420313,NULL,NULL
951,DP24,NULL,NULL,NULL,0.003193548,NULL,NULL
951,SM24,NULL,NULL,NULL,0,NULL,NULL
951,MORT,NULL,NULL,NULL,0.064059375,NULL,NULL
952,AXIS,logistic,86.025,117.762,0.019123134,1,1
952,NC__,NULL,NULL,NULL,0,NULL,NULL
952,MO24,NULL,NULL,NULL,0.050248756,NULL,NULL
952,DP24,NULL,NULL,NULL,0,NULL,NULL
952,SM24,NULL,NULL,NULL,0,NULL,NULL
952,MORT,NULL,NULL,NULL,0.048262068,NULL,NULL
961,AXIS,NULL,NULL,NULL,0.015740494,NULL,NULL
961,NC__,NULL,NULL,NULL,0,NULL,NULL
961,MO24,NULL,NULL,NULL,0.058768657,NULL,NULL
961,DP24,NULL,NULL,NULL,0,NULL,NULL
961,SM24,NULL,NULL,NULL,0,NULL,NULL
961,MORT,NULL,NULL,NULL,0.058152155,NULL,NULL
965,AXIS,log_logistic,26.628,30.121,0.330908369,0,0
965,NC__,NULL,NULL,NULL,0,NULL,NULL
965,MO24,logistic,25.577,45.334,0.1638125,0,0
965,DP24,log_logistic,33.158,34.679,0.470434812,0,0
965,SM24,NULL,NULL,NULL,0,NULL,NULL
965,MORT,logistic,29.107,46.179,0.125352823,0,0
966,AXIS,NULL,NULL,NULL,0.018369567,NULL,NULL
966,NC__,NULL,NULL,NULL,0,NULL,NULL
966,MO24,logistic,58.034,124.133,0.095356551,0,1
966,DP24,NULL,NULL,NULL,0,NULL,NULL
966,SM24,NULL,NULL,NULL,0,NULL,NULL
966,MORT,NULL,NULL,NULL,0.031513862,NULL,NULL
998,AXIS,log_probit,0.802,8.94,0.672361566,-1,0
998,NC__,log_probit,0.017,384.627,0.343107498,-1,1
998,MO24,NULL,NULL,NULL,0.100538972,NULL,NULL
998,DP24,NULL,NULL,NULL,0,NULL,NULL
998,SM24,NULL,NULL,NULL,0,NULL,NULL
998,MORT,NULL,NULL,NULL,0.092224692,NULL,NULL
1030,AXIS,NULL,NULL,NULL,0.005072581,NULL,NULL
1030,NC__,NULL,NULL,NULL,0,NULL,NULL
1030,MO24,logistic,76.645,117.239,0.0261875,1,1
1030,DP24,NULL,NULL,NULL,0,NULL,NULL
1030,SM24,NULL,NULL,NULL,0,NULL,NULL
1030,MORT,NULL,NULL,NULL,0.004957661,NULL,NULL
1031,AXIS,logistic,63.672,93.293,0.018852823,1,1
1031,NC__,logistic,92.097,137.497,0.014207661,1,1
1031,MO24,NULL,NULL,NULL,0.0048125,NULL,NULL
1031,DP24,NULL,NULL,NULL,0.036375,NULL,NULL
1031,SM24,NULL,NULL,NULL,0,NULL,NULL
1031,MORT,NULL,NULL,NULL,0.036375,NULL,NULL
1105,AXIS,NULL,NULL,NULL,0.035526658,NULL,NULL
1105,NC__,NULL,NULL,NULL,0,NULL,NULL
1105,MO24,NULL,NULL,NULL,0.223125,NULL,NULL
1105,DP24,logistic,139.977,273.55,0.055669684,1,1
1105,SM24,NULL,NULL,NULL,0,NULL,NULL
1105,MORT,NULL,NULL,NULL,0.008154402,NULL,NULL
1114,AXIS,log_logistic,3.638,3.999,0.282044299,0,0
1114,NC__,NULL,NULL,NULL,0,NULL,NULL
1114,MO24,log_probit,7.393,20.96,0.616189884,0,0
1114,DP24,NULL,NULL,NULL,0,NULL,NULL
1114,SM24,NULL,NULL,NULL,0,NULL,NULL
1114,MORT,log_logistic,4.776,5.15,0.632142857,0,0
1119,AXIS,log_probit,11.075,126.403,0.20009478,0,1
1119,NC__,NULL,NULL,NULL,0,NULL,NULL
1119,MO24,NULL,NULL,NULL,0.124846875,NULL,NULL
1119,DP24,log_probit,7.581,56.537,0.294126852,0,0
1119,SM24,NULL,NULL,NULL,0,NULL,NULL
1119,MORT,probit,67.112,257.659,0.198126563,1,1
1161,AXIS,NULL,NULL,NULL,0.01992686,NULL,NULL
1161,NC__,NULL,NULL,NULL,0.000840336,NULL,NULL
1161,MO24,logistic,51.711,90.259,0.078565506,0,1
1161,DP24,NULL,NULL,NULL,0,NULL,NULL
1161,SM24,NULL,NULL,NULL,0,NULL,NULL
1161,MORT,weibull,6.135,116.875,0.238222531,0,1
1163,AXIS,log_logistic,19.868,512.424,0.110189752,0,1
1163,NC__,logistic,50.438,51.103,0.005333333,1,1
1163,MO24,NULL,NULL,NULL,0.050125,NULL,NULL
1163,DP24,NULL,NULL,NULL,0,NULL,NULL
1163,SM24,NULL,NULL,NULL,0,NULL,NULL
1163,MORT,NULL,NULL,NULL,0.08598579,NULL,NULL
1166,AXIS,log_logistic,4.096,11.669,0.205059524,0,1
1166,NC__,NULL,NULL,NULL,0,NULL,NULL
1166,MO24,NULL,NULL,NULL,0.126674107,NULL,NULL
1166,DP24,NULL,NULL,NULL,0,NULL,NULL
1166,SM24,NULL,NULL,NULL,0,NULL,NULL
1166,MORT,NULL,NULL,NULL,0.018214286,NULL,NULL
1167,AXIS,NULL,NULL,NULL,0.07786458,NULL,NULL
1167,NC__,NULL,NULL,NULL,0,NULL,NULL
1167,MO24,NULL,NULL,NULL,0.000170313,NULL,NULL
1167,DP24,NULL,NULL,NULL,0.01546875,NULL,NULL
1167,SM24,NULL,NULL,NULL,0,NULL,NULL
1167,MORT,NULL,NULL,NULL,0.018903125,NULL,NULL
1171,AXIS,NULL,NULL,NULL,0.019475,NULL,NULL
1171,NC__,NULL,NULL,NULL,0,NULL,NULL
1171,MO24,NULL,NULL,NULL,0.0229375,NULL,NULL
1171,DP24,NULL,NULL,NULL,0,NULL,NULL
1171,SM24,NULL,NULL,NULL,0,NULL,NULL
1171,MORT,logistic,61.501,82.061,0.016770161,1,1
1172,AXIS,NULL,NULL,NULL,0.012302857,NULL,NULL
1172,NC__,NULL,NULL,NULL,0.00198,NULL,NULL
1172,MO24,NULL,NULL,NULL,0.00825,NULL,NULL
1172,DP24,NULL,NULL,NULL,0.00746,NULL,NULL
1172,SM24,NULL,NULL,NULL,0,NULL,NULL
1172,MORT,NULL,NULL,NULL,0,NULL,NULL
1174,AXIS,NULL,NULL,NULL,0.010026537,NULL,NULL
1174,NC__,NULL,NULL,NULL,0,NULL,NULL
1174,MO24,NULL,NULL,NULL,0.067106246,NULL,NULL
1174,DP24,NULL,NULL,NULL,0.001158003,NULL,NULL
1174,SM24,NULL,NULL,NULL,0,NULL,NULL
1174,MORT,NULL,NULL,NULL,0.015725145,NULL,NULL
1175,AXIS,NULL,NULL,NULL,0.006667864,NULL,NULL
1175,NC__,NULL,NULL,NULL,0,NULL,NULL
1175,MO24,NULL,NULL,NULL,0.02755158,NULL,NULL
1175,DP24,NULL,NULL,NULL,0.008678382,NULL,NULL
1175,SM24,NULL,NULL,NULL,0,NULL,NULL
1175,MORT,log_probit,167.862,204464.668,0.051038967,1,1
1176,AXIS,logistic,93.633,184.636,0.044540971,1,1
1176,NC__,NULL,NULL,NULL,0,NULL,NULL
1176,MO24,NULL,NULL,NULL,0.0206875,NULL,NULL
1176,DP24,NULL,NULL,NULL,0.015312903,NULL,NULL
1176,SM24,NULL,NULL,NULL,0,NULL,NULL
1176,MORT,NULL,NULL,NULL,0.012125403,NULL,NULL
1177,AXIS,NULL,NULL,NULL,0.060692241,NULL,NULL
1177,NC__,NULL,NULL,NULL,0.012933333,NULL,NULL
1177,MO24,NULL,NULL,NULL,0.029625,NULL,NULL
1177,DP24,NULL,NULL,NULL,0,NULL,NULL
1177,SM24,NULL,NULL,NULL,0,NULL,NULL
1177,MORT,NULL,NULL,NULL,0.041870968,NULL,NULL
1178,AXIS,NULL,NULL,NULL,0.022325403,NULL,NULL
1178,NC__,NULL,NULL,NULL,0,NULL,NULL
1178,MO24,logistic,5.706,9.765,0.0565,1,1
1178,DP24,NULL,NULL,NULL,0.068209427,NULL,NULL
1178,SM24,NULL,NULL,NULL,0,NULL,NULL
1178,MORT,NULL,NULL,NULL,0.009870968,NULL,NULL
1179,AXIS,NULL,NULL,NULL,0.017941129,NULL,NULL
1179,NC__,NULL,NULL,NULL,0,NULL,NULL
1179,MO24,logistic,10.427,17.48,0.029375,1,1
1179,DP24,NULL,NULL,NULL,0.0015625,NULL,NULL
1179,SM24,NULL,NULL,NULL,0,NULL,NULL
1179,MORT,NULL,NULL,NULL,0.016078629,NULL,NULL
1180,AXIS,logistic,80.468,145.074,0.038138239,1,1
1180,NC__,NULL,NULL,NULL,0,NULL,NULL
1180,MO24,NULL,NULL,NULL,0.0233125,NULL,NULL
1180,DP24,NULL,NULL,NULL,0.033920699,NULL,NULL
1180,SM24,NULL,NULL,NULL,0,NULL,NULL
1180,MORT,NULL,NULL,NULL,0.075161828,NULL,NULL
1182,AXIS,log_logistic,62.721,962.859,0.052275453,0,1
1182,NC__,NULL,NULL,NULL,0,NULL,NULL
1182,MO24,logistic,60.108,101.722,0.046732636,0,1
1182,DP24,NULL,NULL,NULL,0.037086844,NULL,NULL
1182,SM24,NULL,NULL,NULL,0.02157248,NULL,NULL
1182,MORT,logistic,48.343,83.835,0.077342651,0,1
1183,AXIS,logistic,65.885,68.557,0.015517241,1,1
1183,NC__,NULL,NULL,NULL,0,NULL,NULL
1183,MO24,NULL,NULL,NULL,0.043595313,NULL,NULL
1183,DP24,NULL,NULL,NULL,0.001717188,NULL,NULL
1183,SM24,NULL,NULL,NULL,0,NULL,NULL
1183,MORT,NULL,NULL,NULL,0.095576563,NULL,NULL
1187,AXIS,NULL,NULL,NULL,0.041726393,NULL,NULL
1187,NC__,NULL,NULL,NULL,0,NULL,NULL
1187,MO24,NULL,NULL,NULL,0.095654688,NULL,NULL
1187,DP24,NULL,NULL,NULL,0.117824174,NULL,NULL
1187,SM24,NULL,NULL,NULL,0,NULL,NULL
1187,MORT,NULL,NULL,NULL,0.217421875,NULL,NULL
1211,AXIS,logistic,22.017,34.686,0.107445043,0,1
1211,NC__,NULL,NULL,NULL,0,NULL,NULL
1211,MO24,NULL,NULL,NULL,0.054208126,NULL,NULL
1211,DP24,NULL,NULL,NULL,0,NULL,NULL
1211,SM24,NULL,NULL,NULL,0,NULL,NULL
1211,MORT,log_logistic,34.762,37.622,0.300142669,0,0
1221,AXIS,NULL,NULL,NULL,0.028438496,NULL,NULL
1221,NC__,NULL,NULL,NULL,0,NULL,NULL
1221,MO24,logistic,71.183,130.633,0.046641791,1,1
1221,DP24,NULL,NULL,NULL,0,NULL,NULL
1221,SM24,NULL,NULL,NULL,0,NULL,NULL
1221,MORT,NULL,NULL,NULL,0.029130607,NULL,NULL
1268,AXIS,NULL,NULL,NULL,0.000260714,NULL,NULL
1268,NC__,NULL,NULL,NULL,0.000235714,NULL,NULL
1268,MO24,NULL,NULL,NULL,0.204010938,NULL,NULL
1268,DP24,NULL,NULL,NULL,0.017326106,NULL,NULL
1268,SM24,NULL,NULL,NULL,0,NULL,NULL
1268,MORT,NULL,NULL,NULL,0.29749375,NULL,NULL
1271,AXIS,NULL,NULL,NULL,0.033017857,NULL,NULL
1271,NC__,NULL,NULL,NULL,0,NULL,NULL
1271,MO24,NULL,NULL,NULL,0.0581875,NULL,NULL
1271,DP24,logistic,57.161,59.454,0.418965517,0,0
1271,SM24,NULL,NULL,NULL,0,NULL,NULL
1271,MORT,logistic,15.334,39.467,0.376778125,0,0
1273,AXIS,NULL,NULL,NULL,2.94E-05,NULL,NULL
1273,NC__,NULL,NULL,NULL,0,NULL,NULL
1273,MO24,NULL,NULL,NULL,0.081834375,NULL,NULL
1273,DP24,NULL,NULL,NULL,0.117535341,NULL,NULL
1273,SM24,NULL,NULL,NULL,0,NULL,NULL
1273,MORT,NULL,NULL,NULL,0.22821875,NULL,NULL
1307,AXIS,NULL,NULL,NULL,0.008798825,NULL,NULL
1307,NC__,NULL,NULL,NULL,0,NULL,NULL
1307,MO24,NULL,NULL,NULL,0.024046434,NULL,NULL
1307,DP24,NULL,NULL,NULL,0,NULL,NULL
1307,SM24,NULL,NULL,NULL,0,NULL,NULL
1307,MORT,NULL,NULL,NULL,0.035467271,NULL,NULL
1310,AXIS,NULL,NULL,NULL,0,NULL,NULL
1310,NC__,NULL,NULL,NULL,0,NULL,NULL
1310,MO24,NULL,NULL,NULL,0.047029688,NULL,NULL
1310,DP24,NULL,NULL,NULL,4.84E-06,NULL,NULL
1310,SM24,NULL,NULL,NULL,0,NULL,NULL
1310,MORT,NULL,NULL,NULL,0.154553125,NULL,NULL
1316,AXIS,logistic,46.13,58.86,0.035703704,0,1
1316,NC__,NULL,NULL,NULL,0,NULL,NULL
1316,MO24,NULL,NULL,NULL,0.083,NULL,NULL
1316,DP24,log_logistic,23.787,49.438,0.192018433,0,0
1316,SM24,NULL,NULL,NULL,0,NULL,NULL
1316,MORT,NULL,NULL,NULL,0.07787404,NULL,NULL
1327,AXIS,NULL,NULL,NULL,0,NULL,NULL
1327,NC__,NULL,NULL,NULL,0,NULL,NULL
1327,MO24,NULL,NULL,NULL,0.09344375,NULL,NULL
1327,DP24,NULL,NULL,NULL,0.031355689,NULL,NULL
1327,SM24,NULL,NULL,NULL,0,NULL,NULL
1327,MORT,NULL,NULL,NULL,0.151428125,NULL,NULL
1354,AXIS,NULL,NULL,NULL,0.014883771,NULL,NULL
1354,NC__,NULL,NULL,NULL,0,NULL,NULL
1354,MO24,NULL,NULL,NULL,0.030283203,NULL,NULL
1354,DP24,logistic,100.944,144.285,0.019319459,1,1
1354,SM24,NULL,NULL,NULL,0,NULL,NULL
1354,MORT,NULL,NULL,NULL,0.044006308,NULL,NULL
1363,AXIS,logistic,61.396,109.067,0.072956514,0,1
1363,NC__,NULL,NULL,NULL,0,NULL,NULL
1363,MO24,logistic,37.679,84.191,0.135071875,0,1
1363,DP24,log_logistic,11.405,78.996,0.226589674,0,1
1363,SM24,NULL,NULL,NULL,0,NULL,NULL
1363,MORT,logistic,21.858,53.213,0.267710937,0,0
1370,AXIS,NULL,NULL,NULL,0.026094624,NULL,NULL
1370,NC__,NULL,NULL,NULL,0,NULL,NULL
1370,MO24,NULL,NULL,NULL,0.0415,NULL,NULL
1370,DP24,NULL,NULL,NULL,0,NULL,NULL
1370,SM24,NULL,NULL,NULL,0,NULL,NULL
1370,MORT,NULL,NULL,NULL,0.01275,NULL,NULL
1371,AXIS,logistic,135.313,227.191,0.025790685,1,1
1371,NC__,NULL,NULL,NULL,0,NULL,NULL
1371,MO24,log_logistic,65.693,68.471,0.072672788,0,1
1371,DP24,NULL,NULL,NULL,0.031089573,NULL,NULL
1371,SM24,NULL,NULL,NULL,0,NULL,NULL
1371,MORT,log_logistic,66.619,69.397,0.034779648,0,1
1383,AXIS,logistic,36.741,56.718,0.225198,0,0
1383,NC__,logistic,62.041,64.58,0.125,0,1
1383,MO24,NULL,NULL,NULL,0.145684375,NULL,NULL
1383,DP24,logistic,24.598,40.666,0.379730208,0,0
1383,SM24,NULL,NULL,NULL,0,NULL,NULL
1383,MORT,probit,22.829,89.34,0.29395,0,1
1391,AXIS,log_logistic,7.362,118.733,0.22776456,0,1
1391,NC__,NULL,NULL,NULL,0,NULL,NULL
1391,MO24,NULL,NULL,NULL,0.048629688,NULL,NULL
1391,DP24,NULL,NULL,NULL,0.001991379,NULL,NULL
1391,SM24,NULL,NULL,NULL,0,NULL,NULL
1391,MORT,NULL,NULL,NULL,0.15034375,NULL,NULL
1449,AXIS,NULL,NULL,NULL,0,NULL,NULL
1449,NC__,NULL,NULL,NULL,0,NULL,NULL
1449,MO24,NULL,NULL,NULL,0.018875,NULL,NULL
1449,DP24,NULL,NULL,NULL,0.000322581,NULL,NULL
1449,SM24,NULL,NULL,NULL,0,NULL,NULL
1449,MORT,NULL,NULL,NULL,0.012125,NULL,NULL
1450,AXIS,NULL,NULL,NULL,0.022667472,NULL,NULL
1450,NC__,NULL,NULL,NULL,0,NULL,NULL
1450,MO24,NULL,NULL,NULL,0.137665625,NULL,NULL
1450,DP24,logistic,64.872,100.309,0.046553448,1,1
1450,SM24,NULL,NULL,NULL,0,NULL,NULL
1450,MORT,NULL,NULL,NULL,0.2114,NULL,NULL
1454,AXIS,NULL,NULL,NULL,0.040336063,NULL,NULL
1454,NC__,NULL,NULL,NULL,0,NULL,NULL
1454,MO24,NULL,NULL,NULL,0.213504687,NULL,NULL
1454,DP24,logistic,106.799,166.728,0.019014589,1,1
1454,SM24,NULL,NULL,NULL,0,NULL,NULL
1454,MORT,NULL,NULL,NULL,0.227909375,NULL,NULL
1455,AXIS,NULL,NULL,NULL,0.027610694,NULL,NULL
1455,NC__,NULL,NULL,NULL,0.025423789,NULL,NULL
1455,MO24,NULL,NULL,NULL,0.22761502,NULL,NULL
1455,DP24,NULL,NULL,NULL,0.041392573,NULL,NULL
1455,SM24,NULL,NULL,NULL,0,NULL,NULL
1455,MORT,NULL,NULL,NULL,0.244003024,NULL,NULL
1532,AXIS,NULL,NULL,NULL,NULL,NULL,NULL
1532,NC__,NULL,NULL,NULL,NULL,NULL,NULL
1532,MO24,NULL,NULL,NULL,NULL,NULL,NULL
1532,DP24,NULL,NULL,NULL,NULL,NULL,NULL
1532,SM24,NULL,NULL,NULL,NULL,NULL,NULL
1532,MORT,NULL,NULL,NULL,NULL,NULL,NULL
1535,AXIS,NULL,NULL,NULL,0.018227273,NULL,NULL
1535,NC__,NULL,NULL,NULL,0,NULL,NULL
1535,MO24,probit,16.954,55.777,0.346565625,0,0
1535,DP24,logistic,1.47,3.103,0.436507143,0,0
1535,SM24,NULL,NULL,NULL,0,NULL,NULL
1535,MORT,log_logistic,1.225,1.551,0.957190625,0,0
1540,AXIS,NULL,NULL,NULL,0.037338054,NULL,NULL
1540,NC__,NULL,NULL,NULL,0.001767857,NULL,NULL
1540,MO24,NULL,NULL,NULL,0.048434375,NULL,NULL
1540,DP24,NULL,NULL,NULL,0.050171304,NULL,NULL
1540,SM24,NULL,NULL,NULL,0,NULL,NULL
1540,MORT,NULL,NULL,NULL,0.079984375,NULL,NULL
1595,AXIS,log_logistic,0,0,0.875182563,-1,-1
1595,NC__,NULL,NULL,NULL,0,NULL,NULL
1595,MO24,NULL,NULL,NULL,0.080534826,NULL,NULL
1595,DP24,NULL,NULL,NULL,0,NULL,NULL
1595,SM24,NULL,NULL,NULL,0,NULL,NULL
1595,MORT,log_probit,0.001,9.10E+20,0.159299028,-1,1
1600,AXIS,NULL,NULL,NULL,0.034048589,NULL,NULL
1600,NC__,NULL,NULL,NULL,0,NULL,NULL
1600,MO24,NULL,NULL,NULL,0.079426563,NULL,NULL
1600,DP24,NULL,NULL,NULL,0.017843571,NULL,NULL
1600,SM24,NULL,NULL,NULL,0,NULL,NULL
1600,MORT,NULL,NULL,NULL,0.079426563,NULL,NULL
1603,AXIS,NULL,NULL,NULL,0.02987387,NULL,NULL
1603,NC__,NULL,NULL,NULL,0,NULL,NULL
1603,MO24,NULL,NULL,NULL,0.078254561,NULL,NULL
1603,DP24,NULL,NULL,NULL,0,NULL,NULL
1603,SM24,NULL,NULL,NULL,0,NULL,NULL
1603,MORT,logistic,48.425,113.02,0.13469748,0,1
1606,AXIS,NULL,NULL,NULL,0,NULL,NULL
1606,NC__,NULL,NULL,NULL,0,NULL,NULL
1606,MO24,weibull,4.592,475.434,0.176078125,0,1
1606,DP24,logistic,45.043,86.234,0.119861182,0,1
1606,SM24,NULL,NULL,NULL,0,NULL,NULL
1606,MORT,probit,9.268,33.747,0.525875,0,0
1608,AXIS,NULL,NULL,NULL,0.015969825,NULL,NULL
1608,NC__,NULL,NULL,NULL,0.015967742,NULL,NULL
1608,MO24,NULL,NULL,NULL,0.080440625,NULL,NULL
1608,DP24,logistic,47.089,72.741,0.112517241,0,1
1608,SM24,NULL,NULL,NULL,0,NULL,NULL
1608,MORT,NULL,NULL,NULL,0.193095313,NULL,NULL
1610,AXIS,NULL,NULL,NULL,0,NULL,NULL
1610,NC__,NULL,NULL,NULL,0,NULL,NULL
1610,MO24,logistic,19.954,45.397,0.1995,0,0
1610,DP24,NULL,NULL,NULL,0.080437143,NULL,NULL
1610,SM24,NULL,NULL,NULL,0,NULL,NULL
1610,MORT,NULL,NULL,NULL,0.083954384,NULL,NULL
1611,AXIS,logistic,52.694,96.914,0.080056023,0,1
1611,NC__,logistic,74.315,102.542,0.019833689,1,1
1611,MO24,log_probit,62.967,74.818,0.064516423,0,1
1611,DP24,NULL,NULL,NULL,0.001888245,NULL,NULL
1611,SM24,NULL,NULL,NULL,0,NULL,NULL
1611,MORT,logistic,76.213,128.443,0.037672789,1,1
1612,AXIS,NULL,NULL,NULL,0.000344828,NULL,NULL
1612,NC__,NULL,NULL,NULL,0.000344828,NULL,NULL
1612,MO24,NULL,NULL,NULL,0.0638125,NULL,NULL
1612,DP24,NULL,NULL,NULL,0.010533333,NULL,NULL
1612,SM24,NULL,NULL,NULL,0.010533333,NULL,NULL
1612,MORT,logistic,13.73,27.195,0.04855469,1,1
1613,AXIS,NULL,NULL,NULL,0.020287403,NULL,NULL
1613,NC__,NULL,NULL,NULL,0,NULL,NULL
1613,MO24,NULL,NULL,NULL,0.003125,NULL,NULL
1613,DP24,NULL,NULL,NULL,0.0031875,NULL,NULL
1613,SM24,NULL,NULL,NULL,0,NULL,NULL
1613,MORT,NULL,NULL,NULL,0.0140625,NULL,NULL
1614,AXIS,weibull,1.57,10.385,0.58814804,0,0
1614,NC__,NULL,NULL,NULL,0,NULL,NULL
1614,MO24,NULL,NULL,NULL,0.02775,NULL,NULL
1614,DP24,logistic,27.257,40.587,0.198258065,0,0
1614,SM24,NULL,NULL,NULL,0,NULL,NULL
1614,MORT,logistic,25.917,41.488,0.19883871,0,0
1615,AXIS,NULL,NULL,NULL,0.017940948,NULL,NULL
1615,NC__,NULL,NULL,NULL,0,NULL,NULL
1615,MO24,NULL,NULL,NULL,0.04071875,NULL,NULL
1615,DP24,NULL,NULL,NULL,0.024980847,NULL,NULL
1615,SM24,NULL,NULL,NULL,0,NULL,NULL
1615,MORT,NULL,NULL,NULL,0.014967742,NULL,NULL
1616,AXIS,weibull,1.57,10.385,0.58814804,0,0
1616,NC__,NULL,NULL,NULL,0,NULL,NULL
1616,MO24,NULL,NULL,NULL,0.02775,NULL,NULL
1616,DP24,logistic,27.257,40.587,0.198258065,0,0
1616,SM24,NULL,NULL,NULL,0,NULL,NULL
1616,MORT,logistic,25.917,41.488,0.19883871,0,0
1617,AXIS,NULL,NULL,NULL,0,NULL,NULL
1617,NC__,NULL,NULL,NULL,0,NULL,NULL
1617,MO24,NULL,NULL,NULL,0.051,NULL,NULL
1617,DP24,NULL,NULL,NULL,0.003290323,NULL,NULL
1617,SM24,NULL,NULL,NULL,0,NULL,NULL
1617,MORT,NULL,NULL,NULL,0.017419355,NULL,NULL
1618,AXIS,NULL,NULL,NULL,0.0034,NULL,NULL
1618,NC__,NULL,NULL,NULL,0.0034,NULL,NULL
1618,MO24,NULL,NULL,NULL,0.046875,NULL,NULL
1618,DP24,NULL,NULL,NULL,0.013270968,NULL,NULL
1618,SM24,NULL,NULL,NULL,0,NULL,NULL
1618,MORT,NULL,NULL,NULL,0.019741935,NULL,NULL
1619,AXIS,NULL,NULL,NULL,0.032793246,NULL,NULL
1619,NC__,NULL,NULL,NULL,0,NULL,NULL
1619,MO24,NULL,NULL,NULL,0.004046875,NULL,NULL
1619,DP24,NULL,NULL,NULL,0.053205998,NULL,NULL
1619,SM24,NULL,NULL,NULL,0,NULL,NULL
1619,MORT,logistic,79.184,127.645,0.073226966,0,1
1620,AXIS,NULL,NULL,NULL,0.003517241,NULL,NULL
1620,NC__,NULL,NULL,NULL,0.013079741,NULL,NULL
1620,MO24,NULL,NULL,NULL,0.02775,NULL,NULL
1620,DP24,NULL,NULL,NULL,0,NULL,NULL
1620,SM24,NULL,NULL,NULL,0,NULL,NULL
1620,MORT,logistic,33.204,58.508,0.096711828,0,1
1627,AXIS,NULL,NULL,NULL,0.037658929,NULL,NULL
1627,NC__,NULL,NULL,NULL,1.79E-06,NULL,NULL
1627,MO24,NULL,NULL,NULL,0.1403125,NULL,NULL
1627,DP24,NULL,NULL,NULL,0.070996874,NULL,NULL
1627,SM24,NULL,NULL,NULL,0,NULL,NULL
1627,MORT,NULL,NULL,NULL,0.171560938,NULL,NULL
1629,AXIS,log_probit,8.329,46.045,0.391017824,0,0
1629,NC__,NULL,NULL,NULL,0,NULL,NULL
1629,MO24,weibull,140.006,395057.632,0.061567164,1,1
1629,DP24,NULL,NULL,NULL,0,NULL,NULL
1629,SM24,NULL,NULL,NULL,0,NULL,NULL
1629,MORT,NULL,NULL,NULL,0.113769652,NULL,NULL
1631,AXIS,NULL,NULL,NULL,0.017104449,NULL,NULL
1631,NC__,NULL,NULL,NULL,0,NULL,NULL
1631,MO24,NULL,NULL,NULL,0.034357813,NULL,NULL
1631,DP24,logistic,66.164,68.98,0.0140625,1,1
1631,SM24,NULL,NULL,NULL,0,NULL,NULL
1631,MORT,NULL,NULL,NULL,0.063889063,NULL,NULL
1651,AXIS,NULL,NULL,NULL,0,NULL,NULL
1651,NC__,NULL,NULL,NULL,0,NULL,NULL
1651,MO24,log_logistic,3.476,16.006,0.659411277,0,0
1651,DP24,NULL,NULL,NULL,0,NULL,NULL
1651,SM24,NULL,NULL,NULL,0,NULL,NULL
1651,MORT,log_logistic,2.395,3.816,0.54265069,0,0
1664,AXIS,NULL,NULL,NULL,0.017065524,NULL,NULL
1664,NC__,NULL,NULL,NULL,0,NULL,NULL
1664,MO24,NULL,NULL,NULL,0.015784375,NULL,NULL
1664,DP24,NULL,NULL,NULL,0.016129032,NULL,NULL
1664,SM24,NULL,NULL,NULL,1.72E-06,NULL,NULL
1664,MORT,NULL,NULL,NULL,0.030017188,NULL,NULL
1666,AXIS,NULL,NULL,NULL,0.022536276,NULL,NULL
1666,NC__,NULL,NULL,NULL,0.022536276,NULL,NULL
1666,MO24,NULL,NULL,NULL,0.187764063,NULL,NULL
1666,DP24,logistic,64.163,121.49,0.07807209,1,1
1666,SM24,NULL,NULL,NULL,0,NULL,NULL
1666,MORT,NULL,NULL,NULL,0.215909375,NULL,NULL
1670,AXIS,NULL,NULL,NULL,0.01822416,NULL,NULL
1670,NC__,NULL,NULL,NULL,0,NULL,NULL
1670,MO24,NULL,NULL,NULL,0.036503906,NULL,NULL
1670,DP24,NULL,NULL,NULL,0.019360752,NULL,NULL
1670,SM24,NULL,NULL,NULL,0,NULL,NULL
1670,MORT,logistic,92.67,115.833,0.010967112,1,1
1677,AXIS,log_logistic,7.284,43.557,0.328300663,0,0
1677,NC__,NULL,NULL,NULL,0,NULL,NULL
1677,MO24,logistic,76.054,176.208,0.104859375,1,1
1677,DP24,logistic,63.813,66.374,0.05,0,1
1677,SM24,NULL,NULL,NULL,0,NULL,NULL
1677,MORT,NULL,NULL,NULL,0.137489063,NULL,NULL
1689,AXIS,log_logistic,9.71,83.275,0.23891087,0,1
1689,NC__,logistic,65.463,68.096,0.019565217,1,1
1689,MO24,NULL,NULL,NULL,0.201523438,NULL,NULL
1689,DP24,NULL,NULL,NULL,0.076371305,NULL,NULL
1689,SM24,NULL,NULL,NULL,0,NULL,NULL
1689,MORT,NULL,NULL,NULL,0.276528125,NULL,NULL
1694,AXIS,NULL,NULL,NULL,0.020849441,NULL,NULL
1694,NC__,NULL,NULL,NULL,0,NULL,NULL
1694,MO24,NULL,NULL,NULL,0.09270625,NULL,NULL
1694,DP24,NULL,NULL,NULL,0.032989661,NULL,NULL
1694,SM24,NULL,NULL,NULL,0,NULL,NULL
1694,MORT,NULL,NULL,NULL,0.193496875,NULL,NULL
1704,AXIS,NULL,NULL,NULL,NULL,NULL,NULL
1704,NC__,NULL,NULL,NULL,NULL,NULL,NULL
1704,MO24,NULL,NULL,NULL,0.376063054,NULL,NULL
1704,DP24,NULL,NULL,NULL,0.030607764,NULL,NULL
1704,SM24,NULL,NULL,NULL,0,NULL,NULL
1704,MORT,NULL,NULL,NULL,0.572444792,NULL,NULL
1706,AXIS,NULL,NULL,NULL,0.017533908,NULL,NULL
1706,NC__,NULL,NULL,NULL,0,NULL,NULL
1706,MO24,NULL,NULL,NULL,0.06109375,NULL,NULL
1706,DP24,NULL,NULL,NULL,0.001598498,NULL,NULL
1706,SM24,NULL,NULL,NULL,0,NULL,NULL
1706,MORT,NULL,NULL,NULL,0.1234375,NULL,NULL
1762,AXIS,NULL,NULL,NULL,0.050934483,NULL,NULL
1762,NC__,NULL,NULL,NULL,0,NULL,NULL
1762,MO24,NULL,NULL,NULL,0.044060938,NULL,NULL
1762,DP24,NULL,NULL,NULL,0.046345371,NULL,NULL
1762,SM24,NULL,NULL,NULL,0,NULL,NULL
1762,MORT,NULL,NULL,NULL,0.104845313,NULL,NULL
1764,AXIS,logistic,26.452,43.647,0.351724754,0,0
1764,NC__,NULL,NULL,NULL,0,NULL,NULL
1764,MO24,weibull,459.613,5.84338E+15,0.075153125,1,1
1764,DP24,log_logistic,159.192,576116.327,0.051410599,1,1
1764,SM24,logistic,64.604,67.247,0.032142857,1,1
1764,MORT,logistic,26.452,58.704,0.232825,0,0
1770,AXIS,logistic,6.512,8.561,0.12084843,0,0
1770,NC__,NULL,NULL,NULL,0,NULL,NULL
1770,MO24,log_probit,19.445,38.632,0.449937811,0,0
1770,DP24,NULL,NULL,NULL,0,NULL,NULL
1770,SM24,NULL,NULL,NULL,0,NULL,NULL
1770,MORT,probit,5.694,12.506,0.331876417,0,0
1771,AXIS,NULL,NULL,NULL,0.016949524,NULL,NULL
1771,NC__,NULL,NULL,NULL,0,NULL,NULL
1771,MO24,NULL,NULL,NULL,0.05121875,NULL,NULL
1771,DP24,NULL,NULL,NULL,0,NULL,NULL
1771,SM24,NULL,NULL,NULL,0,NULL,NULL
1771,MORT,NULL,NULL,NULL,0.065592188,NULL,NULL
1790,AXIS,NULL,NULL,NULL,0.038509698,NULL,NULL
1790,NC__,NULL,NULL,NULL,0,NULL,NULL
1790,MO24,NULL,NULL,NULL,0.168432813,NULL,NULL
1790,DP24,NULL,NULL,NULL,0.035002857,NULL,NULL
1790,SM24,NULL,NULL,NULL,0,NULL,NULL
1790,MORT,NULL,NULL,NULL,0.229367188,NULL,NULL
1796,AXIS,NULL,NULL,NULL,0.016428571,NULL,NULL
1796,NC__,NULL,NULL,NULL,0,NULL,NULL
1796,MO24,NULL,NULL,NULL,0.064041284,NULL,NULL
1796,DP24,logistic,65.825,68.5,0.016071429,1,1
1796,SM24,NULL,NULL,NULL,0,NULL,NULL
1796,MORT,NULL,NULL,NULL,0.064202628,NULL,NULL
1807,AXIS,logistic,76.436,121.357,0.033569048,1,1
1807,NC__,NULL,NULL,NULL,0,NULL,NULL
1807,MO24,NULL,NULL,NULL,0.159370313,NULL,NULL
1807,DP24,logistic,65.314,133.976,0.084135336,1,1
1807,SM24,NULL,NULL,NULL,0,NULL,NULL
1807,MORT,NULL,NULL,NULL,0.208340625,NULL,NULL
1808,AXIS,NULL,NULL,NULL,0.017904762,NULL,NULL
1808,NC__,NULL,NULL,NULL,0,NULL,NULL
1808,MO24,NULL,NULL,NULL,0.096675,NULL,NULL
1808,DP24,NULL,NULL,NULL,0.015535694,NULL,NULL
1808,SM24,NULL,NULL,NULL,0,NULL,NULL
1808,MORT,NULL,NULL,NULL,0.141692188,NULL,NULL
1809,AXIS,NULL,NULL,NULL,0.000254233,NULL,NULL
1809,NC__,NULL,NULL,NULL,1.85E-05,NULL,NULL
1809,MO24,NULL,NULL,NULL,0.09236875,NULL,NULL
1809,DP24,NULL,NULL,NULL,0.054376344,NULL,NULL
1809,SM24,NULL,NULL,NULL,0,NULL,NULL
1809,MORT,NULL,NULL,NULL,0.206649496,NULL,NULL
1816,AXIS,logistic,65.27,67.831,0.021428571,1,1
1816,NC__,logistic,65.27,67.831,0.021428571,1,1
1816,MO24,logistic,42.738,101.828,0.164365575,0,1
1816,DP24,NULL,NULL,NULL,0.097283482,NULL,NULL
1816,SM24,NULL,NULL,NULL,1.61E-05,NULL,NULL
1816,MORT,NULL,NULL,NULL,0.258005242,NULL,NULL
1827,AXIS,NULL,NULL,NULL,3.13E-06,NULL,NULL
1827,NC__,NULL,NULL,NULL,1.56E-06,NULL,NULL
1827,MO24,NULL,NULL,NULL,0.1083,NULL,NULL
1827,DP24,NULL,NULL,NULL,0.015017241,NULL,NULL
1827,SM24,NULL,NULL,NULL,0,NULL,NULL
1827,MORT,NULL,NULL,NULL,0.15189375,NULL,NULL
1845,AXIS,NULL,NULL,NULL,0.024977632,NULL,NULL
1845,NC__,NULL,NULL,NULL,2.63E-06,NULL,NULL
1845,MO24,NULL,NULL,NULL,0.330795313,NULL,NULL
1845,DP24,NULL,NULL,NULL,0.224489918,NULL,NULL
1845,SM24,NULL,NULL,NULL,0,NULL,NULL
1845,MORT,NULL,NULL,NULL,0.482417188,NULL,NULL
1846,AXIS,weibull,8.66,11085.561,0.052021978,1,1
1846,NC__,NULL,NULL,NULL,0.001903846,NULL,NULL
1846,MO24,NULL,NULL,NULL,0.126685938,NULL,NULL
1846,DP24,logistic,8.234,18.248,0.490417265,0,0
1846,SM24,NULL,NULL,NULL,0,NULL,NULL
1846,MORT,log_logistic,15.721,18.248,0.525260938,0,0
1853,AXIS,logistic,67.289,144.04,0.096614627,1,1
1853,NC__,NULL,NULL,NULL,0.016249625,NULL,NULL
1853,MO24,NULL,NULL,NULL,0.0626625,NULL,NULL
1853,DP24,NULL,NULL,NULL,8.62E-05,NULL,NULL
1853,SM24,NULL,NULL,NULL,0,NULL,NULL
1853,MORT,NULL,NULL,NULL,0.078304688,NULL,NULL
1854,AXIS,NULL,NULL,NULL,0.080157737,NULL,NULL
1854,NC__,NULL,NULL,NULL,0.018323077,NULL,NULL
1854,MO24,NULL,NULL,NULL,0.0635,NULL,NULL
1854,DP24,NULL,NULL,NULL,0,NULL,NULL
1854,SM24,NULL,NULL,NULL,0,NULL,NULL
1854,MORT,logistic,35.988,66.626,0.088029463,0,1
1855,AXIS,logistic,50.523,51.243,0.0048,1,1
1855,NC__,logistic,50.523,51.243,0.0048,1,1
1855,MO24,NULL,NULL,NULL,0.0140625,NULL,NULL
1855,DP24,logistic,60.968,81.267,0.016925,1,1
1855,SM24,NULL,NULL,NULL,0,NULL,NULL
1855,MORT,NULL,NULL,NULL,0.012125,NULL,NULL
1861,AXIS,NULL,NULL,NULL,0.010888979,NULL,NULL
1861,NC__,logistic,18.333,18.778,0.008064516,1,1
1861,MO24,logistic,25.139,46.693,0.083537582,0,1
1861,DP24,log_logistic,18.136,19.495,0.267239249,0,0
1861,SM24,NULL,NULL,NULL,0,NULL,NULL
1861,MORT,logistic,18.561,24.596,0.243697479,0,0
1890,AXIS,logistic,70.277,127.662,0.048630286,1,1
1890,NC__,NULL,NULL,NULL,0,NULL,NULL
1890,MO24,NULL,NULL,NULL,0.061246875,NULL,NULL
1890,DP24,probit,46.012,130.231,0.12370881,0,1
1890,SM24,NULL,NULL,NULL,1.61E-05,NULL,NULL
1890,MORT,NULL,NULL,NULL,0.201307813,NULL,NULL
1906,AXIS,logistic,107.79,166.99,0.016831667,1,1
1906,NC__,NULL,NULL,NULL,0,NULL,NULL
1906,MO24,NULL,NULL,NULL,0.0792375,NULL,NULL
1906,DP24,NULL,NULL,NULL,0.000183452,NULL,NULL
1906,SM24,NULL,NULL,NULL,0,NULL,NULL
1906,MORT,NULL,NULL,NULL,0.141730804,NULL,NULL
1912,AXIS,NULL,NULL,NULL,0.016676786,NULL,NULL
1912,NC__,NULL,NULL,NULL,0,NULL,NULL
1912,MO24,NULL,NULL,NULL,0.065939063,NULL,NULL
1912,DP24,NULL,NULL,NULL,0,NULL,NULL
1912,SM24,NULL,NULL,NULL,0,NULL,NULL
1912,MORT,NULL,NULL,NULL,0.065954688,NULL,NULL
1929,AXIS,NULL,NULL,NULL,0.034365238,NULL,NULL
1929,NC__,NULL,NULL,NULL,0,NULL,NULL
1929,MO24,NULL,NULL,NULL,0.057884375,NULL,NULL
1929,DP24,NULL,NULL,NULL,0.035534123,NULL,NULL
1929,SM24,NULL,NULL,NULL,0,NULL,NULL
1929,MORT,NULL,NULL,NULL,0.133396875,NULL,NULL
1930,AXIS,NULL,NULL,NULL,0.032066641,NULL,NULL
1930,NC__,NULL,NULL,NULL,0.030705491,NULL,NULL
1930,MO24,log_logistic,0.298,0.675,0.333020833,0,0
1930,DP24,NULL,NULL,NULL,0,NULL,NULL
1930,SM24,NULL,NULL,NULL,0,NULL,NULL
1930,MORT,gamma,0.421,0.503,0.085512905,0,1
1944,AXIS,NULL,NULL,NULL,NULL,NULL,NULL
1944,NC__,NULL,NULL,NULL,NULL,NULL,NULL
1944,MO24,NULL,NULL,NULL,0.240927917,NULL,NULL
1944,DP24,NULL,NULL,NULL,0.020872727,NULL,NULL
1944,SM24,NULL,NULL,NULL,0,NULL,NULL
1944,MORT,NULL,NULL,NULL,0.09722625,NULL,NULL
1961,AXIS,NULL,NULL,NULL,0.016245344,NULL,NULL
1961,NC__,NULL,NULL,NULL,0,NULL,NULL
1961,MO24,NULL,NULL,NULL,0.1417,NULL,NULL
1961,DP24,NULL,NULL,NULL,0.050245247,NULL,NULL
1961,SM24,NULL,NULL,NULL,0,NULL,NULL
1961,MORT,NULL,NULL,NULL,0.2192,NULL,NULL
1965,AXIS,NULL,NULL,NULL,0.011595106,NULL,NULL
1965,NC__,NULL,NULL,NULL,0,NULL,NULL
1965,MO24,logistic,41.059,87.965,0.089125,0,1
1965,DP24,logistic,69.229,135.798,0.05557366,1,1
1965,SM24,NULL,NULL,NULL,0,NULL,NULL
1965,MORT,NULL,NULL,NULL,0.042011954,NULL,NULL
1968,AXIS,NULL,NULL,NULL,2.00E-06,NULL,NULL
1968,NC__,NULL,NULL,NULL,0,NULL,NULL
1968,MO24,NULL,NULL,NULL,0.109090625,NULL,NULL
1968,DP24,NULL,NULL,NULL,0.001651613,NULL,NULL
1968,SM24,NULL,NULL,NULL,0,NULL,NULL
1968,MORT,NULL,NULL,NULL,0.140720313,NULL,NULL
1982,AXIS,NULL,NULL,NULL,0.050804598,NULL,NULL
1982,NC__,NULL,NULL,NULL,0,NULL,NULL
1982,MO24,log_probit,1.666,1.57E+16,0.090823438,0,1
1982,DP24,NULL,NULL,NULL,0.016089947,NULL,NULL
1982,SM24,NULL,NULL,NULL,0,NULL,NULL
1982,MORT,NULL,NULL,NULL,0.122260938,NULL,NULL
2058,AXIS,log_logistic,0.911,1.975,0.487522282,-1,0
2058,NC__,NULL,NULL,NULL,0,NULL,NULL
2058,MO24,logistic,48.407,91.272,0.091625207,0,1
2058,DP24,log_logistic,8.543,9.601,0.821535181,0,0
2058,SM24,NULL,NULL,NULL,0,NULL,NULL
2058,MORT,log_logistic,5.74,8.072,0.866204691,0,0
2067,AXIS,NULL,NULL,NULL,0.034774077,NULL,NULL
2067,NC__,NULL,NULL,NULL,0,NULL,NULL
2067,MO24,probit,81.32,232.236,0.081882255,1,1
2067,DP24,NULL,NULL,NULL,0,NULL,NULL
2067,SM24,NULL,NULL,NULL,0,NULL,NULL
2067,MORT,NULL,NULL,NULL,0.04578527,NULL,NULL
2098,AXIS,NULL,NULL,NULL,0.017699173,NULL,NULL
2098,NC__,NULL,NULL,NULL,0,NULL,NULL
2098,MO24,NULL,NULL,NULL,0.139190625,NULL,NULL
2098,DP24,NULL,NULL,NULL,0.017262993,NULL,NULL
2098,SM24,NULL,NULL,NULL,0,NULL,NULL
2098,MORT,NULL,NULL,NULL,0.170457813,NULL,NULL
2103,AXIS,weibull,3.166,25.928,0.440583333,0,0
2103,NC__,logistic,63.605,66.134,0.05625,0,1
2103,MO24,NULL,NULL,NULL,0.090798438,NULL,NULL
2103,DP24,NULL,NULL,NULL,0.05073867,NULL,NULL
2103,SM24,NULL,NULL,NULL,0.0165,NULL,NULL
2103,MORT,probit,49.672,192.356,0.244517188,0,1
2104,AXIS,logistic,31.173,51.143,0.287617742,0,0
2104,NC__,NULL,NULL,NULL,0,NULL,NULL
2104,MO24,logistic,71.645,145.985,0.073607813,1,1
2104,DP24,logistic,12.035,21.32,0.467731129,0,0
2104,SM24,NULL,NULL,NULL,0,NULL,NULL
2104,MORT,logistic,30.599,65.268,0.18765625,0,1
2105,AXIS,logistic,44.64,75.092,0.112503846,0,1
2105,NC__,logistic,60.31,62.848,0.241071429,0,0
2105,MO24,NULL,NULL,NULL,0.105928125,NULL,NULL
2105,DP24,logistic,4401.71,8573.53,0.035138212,1,1
2105,SM24,NULL,NULL,NULL,0,NULL,NULL
2105,MORT,NULL,NULL,NULL,0.137517188,NULL,NULL
2137,AXIS,NULL,NULL,NULL,0.016073214,NULL,NULL
2137,NC__,NULL,NULL,NULL,0,NULL,NULL
2137,MO24,NULL,NULL,NULL,0.042410938,NULL,NULL
2137,DP24,NULL,NULL,NULL,0.017065902,NULL,NULL
2137,SM24,NULL,NULL,NULL,0,NULL,NULL
2137,MORT,NULL,NULL,NULL,0.056473438,NULL,NULL
2141,AXIS,logistic,65.859,116.972,0.069975806,1,1
2141,NC__,NULL,NULL,NULL,0,NULL,NULL
2141,MO24,NULL,NULL,NULL,0.093114063,NULL,NULL
2141,DP24,NULL,NULL,NULL,0.019499388,NULL,NULL
2141,SM24,NULL,NULL,NULL,0,NULL,NULL
2141,MORT,NULL,NULL,NULL,0.183410938,NULL,NULL
2142,AXIS,log_logistic,2.098,4.389,0.441666667,0,0
2142,NC__,NULL,NULL,NULL,0,NULL,NULL
2142,MO24,NULL,NULL,NULL,0.00393864,NULL,NULL
2142,DP24,NULL,NULL,NULL,0.00592869,NULL,NULL
2142,SM24,NULL,NULL,NULL,0,NULL,NULL
2142,MORT,logistic,8.39,10.808,0.812899787,0,0
2154,AXIS,NULL,NULL,NULL,0.052608621,NULL,NULL
2154,NC__,logistic,65.882,68.47,0.015,1,1
2154,MO24,NULL,NULL,NULL,0.031557813,NULL,NULL
2154,DP24,NULL,NULL,NULL,0.016112903,NULL,NULL
2154,SM24,NULL,NULL,NULL,0,NULL,NULL
2154,MORT,NULL,NULL,NULL,0.078121875,NULL,NULL
2156,AXIS,NULL,NULL,NULL,0.037675508,NULL,NULL
2156,NC__,NULL,NULL,NULL,0,NULL,NULL
2156,MO24,NULL,NULL,NULL,0.095289063,NULL,NULL
2156,DP24,NULL,NULL,NULL,0,NULL,NULL
2156,SM24,NULL,NULL,NULL,0,NULL,NULL
2156,MORT,NULL,NULL,NULL,0.129339063,NULL,NULL
2159,AXIS,logistic,128.069,233.446,0.042947441,1,1
2159,NC__,NULL,NULL,NULL,0,NULL,NULL
2159,MO24,NULL,NULL,NULL,0.05920625,NULL,NULL
2159,DP24,NULL,NULL,NULL,0.120252648,NULL,NULL
2159,SM24,logistic,65.967,68.757,0.015517241,1,1
2159,MORT,logistic,29.713,81.637,0.290873438,0,1
2165,AXIS,quantal_linear,2.96,19.476,0.103392857,0,1
2165,NC__,NULL,NULL,NULL,0,NULL,NULL
2165,MO24,NULL,NULL,NULL,0.04814375,NULL,NULL
2165,DP24,logistic,3.82,7.934,0.588473026,0,0
2165,SM24,NULL,NULL,NULL,0,NULL,NULL
2165,MORT,logistic,5.638,15.399,0.613484375,0,0
2185,AXIS,NULL,NULL,NULL,0.025421212,NULL,NULL
2185,NC__,NULL,NULL,NULL,0,NULL,NULL
2185,MO24,NULL,NULL,NULL,0.077967188,NULL,NULL
2185,DP24,NULL,NULL,NULL,0.018465,NULL,NULL
2185,SM24,NULL,NULL,NULL,0,NULL,NULL
2185,MORT,probit,31.945,96.813,0.190467188,0,1
2186,AXIS,NULL,NULL,NULL,0.017068966,NULL,NULL
2186,NC__,NULL,NULL,NULL,0,NULL,NULL
2186,MO24,NULL,NULL,NULL,0.119400151,NULL,NULL
2186,DP24,NULL,NULL,NULL,0.034139717,NULL,NULL
2186,SM24,NULL,NULL,NULL,0,NULL,NULL
2186,MORT,NULL,NULL,NULL,0.133495514,NULL,NULL
2187,AXIS,NULL,NULL,NULL,0.017309692,NULL,NULL
2187,NC__,NULL,NULL,NULL,0,NULL,NULL
2187,MO24,NULL,NULL,NULL,0.092667188,NULL,NULL
2187,DP24,NULL,NULL,NULL,0.031226592,NULL,NULL
2187,SM24,NULL,NULL,NULL,0,NULL,NULL
2187,MORT,NULL,NULL,NULL,0.200170313,NULL,NULL
2191,AXIS,NULL,NULL,NULL,0.016975893,NULL,NULL
2191,NC__,NULL,NULL,NULL,0.00020625,NULL,NULL
2191,MO24,NULL,NULL,NULL,0.001584375,NULL,NULL
2191,DP24,log_logistic,105.098,3007585.441,0.076282712,1,1
2191,SM24,NULL,NULL,NULL,0,NULL,NULL
2191,MORT,NULL,NULL,NULL,0.159415625,NULL,NULL
2323,AXIS,NULL,NULL,NULL,0.023683083,NULL,NULL
2323,NC__,NULL,NULL,NULL,0,NULL,NULL
2323,MO24,NULL,NULL,NULL,0.051807293,NULL,NULL
2323,DP24,NULL,NULL,NULL,0.004303993,NULL,NULL
2323,SM24,NULL,NULL,NULL,0,NULL,NULL
2323,MORT,NULL,NULL,NULL,0.031539034,NULL,NULL
2324,AXIS,NULL,NULL,NULL,0.033769489,NULL,NULL
2324,NC__,NULL,NULL,NULL,0,NULL,NULL
2324,MO24,NULL,NULL,NULL,0.0048125,NULL,NULL
2324,DP24,NULL,NULL,NULL,0.003510081,NULL,NULL
2324,SM24,NULL,NULL,NULL,0,NULL,NULL
2324,MORT,NULL,NULL,NULL,0.000322581,NULL,NULL
2325,AXIS,NULL,NULL,NULL,0.024241935,NULL,NULL
2325,NC__,NULL,NULL,NULL,0,NULL,NULL
2325,MO24,NULL,NULL,NULL,0.024875,NULL,NULL
2325,DP24,NULL,NULL,NULL,0,NULL,NULL
2325,SM24,NULL,NULL,NULL,0,NULL,NULL
2325,MORT,NULL,NULL,NULL,0,NULL,NULL
2326,AXIS,NULL,NULL,NULL,0.050675806,NULL,NULL
2326,NC__,NULL,NULL,NULL,0,NULL,NULL
2326,MO24,NULL,NULL,NULL,0.0031875,NULL,NULL
2326,DP24,NULL,NULL,NULL,0.044727823,NULL,NULL
2326,SM24,NULL,NULL,NULL,0,NULL,NULL
2326,MORT,NULL,NULL,NULL,0.023625,NULL,NULL
2327,AXIS,NULL,NULL,NULL,0.019193548,NULL,NULL
2327,NC__,logistic,5.051,5.117,0.0045,1,1
2327,MO24,NULL,NULL,NULL,0.04625,NULL,NULL
2327,DP24,logistic,5.051,5.117,0.0045,1,1
2327,SM24,logistic,5.051,5.117,0.0045,1,1
2327,MORT,NULL,NULL,NULL,0.0015625,NULL,NULL
2328,AXIS,NULL,NULL,NULL,0,NULL,NULL
2328,NC__,NULL,NULL,NULL,0,NULL,NULL
2328,MO24,NULL,NULL,NULL,0.0548125,NULL,NULL
2328,DP24,NULL,NULL,NULL,0.0102,NULL,NULL
2328,SM24,NULL,NULL,NULL,0,NULL,NULL
2328,MORT,NULL,NULL,NULL,0.033978495,NULL,NULL
2371,AXIS,NULL,NULL,NULL,0.019817857,NULL,NULL
2371,NC__,NULL,NULL,NULL,0,NULL,NULL
2371,MO24,NULL,NULL,NULL,0.1212625,NULL,NULL
2371,DP24,NULL,NULL,NULL,0.001596774,NULL,NULL
2371,SM24,NULL,NULL,NULL,0,NULL,NULL
2371,MORT,NULL,NULL,NULL,0.172809375,NULL,NULL
2373,AXIS,NULL,NULL,NULL,0.001924084,NULL,NULL
2373,NC__,NULL,NULL,NULL,0,NULL,NULL
2373,MO24,NULL,NULL,NULL,0.050007813,NULL,NULL
2373,DP24,NULL,NULL,NULL,0.015729167,NULL,NULL
2373,SM24,NULL,NULL,NULL,0,NULL,NULL
2373,MORT,NULL,NULL,NULL,0.218259375,NULL,NULL
2374,AXIS,NULL,NULL,NULL,0.019038462,NULL,NULL
2374,NC__,NULL,NULL,NULL,0,NULL,NULL
2374,MO24,NULL,NULL,NULL,0.0979125,NULL,NULL
2374,DP24,NULL,NULL,NULL,0.004145699,NULL,NULL
2374,SM24,NULL,NULL,NULL,0,NULL,NULL
2374,MORT,NULL,NULL,NULL,0.205940625,NULL,NULL
2406,AXIS,NULL,NULL,NULL,0.021657993,NULL,NULL
2406,NC__,NULL,NULL,NULL,0,NULL,NULL
2406,MO24,logistic,44.644,109.098,0.164357813,0,1
2406,DP24,NULL,NULL,NULL,0.124935057,NULL,NULL
2406,SM24,NULL,NULL,NULL,0,NULL,NULL
2406,MORT,probit,36.133,152.081,0.288735938,0,1
2411,AXIS,NULL,NULL,NULL,0,NULL,NULL
2411,NC__,NULL,NULL,NULL,0,NULL,NULL
2411,MO24,NULL,NULL,NULL,0.064073438,NULL,NULL
2411,DP24,NULL,NULL,NULL,0.031755784,NULL,NULL
2411,SM24,NULL,NULL,NULL,0,NULL,NULL
2411,MORT,NULL,NULL,NULL,0.12624375,NULL,NULL
2413,AXIS,NULL,NULL,NULL,3.70E-05,NULL,NULL
2413,NC__,NULL,NULL,NULL,0,NULL,NULL
2413,MO24,NULL,NULL,NULL,0.081659829,NULL,NULL
2413,DP24,NULL,NULL,NULL,0.001835057,NULL,NULL
2413,SM24,NULL,NULL,NULL,0,NULL,NULL
2413,MORT,NULL,NULL,NULL,0.098677016,NULL,NULL
2414,AXIS,logistic,103.93,193.023,0.047726418,1,1
2414,NC__,NULL,NULL,NULL,0,NULL,NULL
2414,MO24,log_logistic,210.752,119879.956,0.045140625,1,1
2414,DP24,logistic,102.854,155.862,0.030967742,1,1
2414,SM24,NULL,NULL,NULL,0,NULL,NULL
2414,MORT,NULL,NULL,NULL,0.08103125,NULL,NULL
2415,AXIS,NULL,NULL,NULL,0,NULL,NULL
2415,NC__,NULL,NULL,NULL,0,NULL,NULL
2415,MO24,NULL,NULL,NULL,0.031603075,NULL,NULL
2415,DP24,NULL,NULL,NULL,0.003366321,NULL,NULL
2415,SM24,NULL,NULL,NULL,0,NULL,NULL
2415,MORT,NULL,NULL,NULL,0.061290575,NULL,NULL
2417,AXIS,NULL,NULL,NULL,0.031683946,NULL,NULL
2417,NC__,NULL,NULL,NULL,0,NULL,NULL
2417,MO24,NULL,NULL,NULL,0.0173625,NULL,NULL
2417,DP24,NULL,NULL,NULL,0.020941517,NULL,NULL
2417,SM24,NULL,NULL,NULL,0,NULL,NULL
2417,MORT,NULL,NULL,NULL,0.018910938,NULL,NULL
2432,AXIS,NULL,NULL,NULL,0.016107143,NULL,NULL
2432,NC__,NULL,NULL,NULL,0,NULL,NULL
2432,MO24,NULL,NULL,NULL,0.08,NULL,NULL
2432,DP24,NULL,NULL,NULL,0.064073768,NULL,NULL
2432,SM24,NULL,NULL,NULL,0,NULL,NULL
2432,MORT,NULL,NULL,NULL,0.12515625,NULL,NULL
2467,AXIS,NULL,NULL,NULL,0.000207912,NULL,NULL
2467,NC__,NULL,NULL,NULL,0,NULL,NULL
2467,MO24,probit,142.393,526.536,0.154390625,1,1
2467,DP24,NULL,NULL,NULL,0.016892912,NULL,NULL
2467,SM24,NULL,NULL,NULL,0,NULL,NULL
2467,MORT,logistic,37.302,101.107,0.256171875,0,1
2496,AXIS,NULL,NULL,NULL,0.050844968,NULL,NULL
2496,NC__,NULL,NULL,NULL,0,NULL,NULL
2496,MO24,NULL,NULL,NULL,0.092679688,NULL,NULL
2496,DP24,NULL,NULL,NULL,0.03260729,NULL,NULL
2496,SM24,NULL,NULL,NULL,0,NULL,NULL
2496,MORT,NULL,NULL,NULL,0.122523438,NULL,NULL
2506,AXIS,NULL,NULL,NULL,0.017947312,NULL,NULL
2506,NC__,NULL,NULL,NULL,0,NULL,NULL
2506,MO24,NULL,NULL,NULL,0.0443875,NULL,NULL
2506,DP24,NULL,NULL,NULL,0.019365925,NULL,NULL
2506,SM24,NULL,NULL,NULL,0.001596774,NULL,NULL
2506,MORT,NULL,NULL,NULL,0.058453125,NULL,NULL
2509,AXIS,NULL,NULL,NULL,0.155172414,NULL,NULL
2509,NC__,NULL,NULL,NULL,0,NULL,NULL
2509,MO24,logistic,0.001,0.002,0.5528125,0,0
2509,DP24,logistic,0,0.001,0.869892473,-1,0
2509,SM24,NULL,NULL,NULL,0,NULL,NULL
2509,MORT,log_logistic,0,0,0.943225806,-1,-1
2532,AXIS,NULL,NULL,NULL,0,NULL,NULL
2532,NC__,NULL,NULL,NULL,0,NULL,NULL
2532,MO24,logistic,27.706,60.32,0.215588723,0,0
2532,DP24,NULL,NULL,NULL,0,NULL,NULL
2532,SM24,NULL,NULL,NULL,0,NULL,NULL
2532,MORT,log_logistic,22.997,33.343,0.476289359,0,0
2573,AXIS,NULL,NULL,NULL,0.158378788,NULL,NULL
2573,NC__,NULL,NULL,NULL,0,NULL,NULL
2573,MO24,logistic,7.129,16.078,0.515329688,0,0
2573,DP24,probit,1.008,3.081,0.503435468,0,0
2573,SM24,NULL,NULL,NULL,0,NULL,NULL
2573,MORT,logistic,0.568,1.585,0.957853125,0,0
2596,AXIS,logistic,99.846,154.844,0.036346154,1,1
2596,NC__,NULL,NULL,NULL,0,NULL,NULL
2596,MO24,NULL,NULL,NULL,0.1713875,NULL,NULL
2596,DP24,NULL,NULL,NULL,0.000341379,NULL,NULL
2596,SM24,NULL,NULL,NULL,0,NULL,NULL
2596,MORT,NULL,NULL,NULL,0.186085938,NULL,NULL
2601,AXIS,log_logistic,6.036,7.748,0.304209184,0,0
2601,NC__,logistic,16.007,24.211,0.026147959,1,1
2601,MO24,log_logistic,37.707,51.494,0.178125,0,1
2601,DP24,NULL,NULL,NULL,0,NULL,NULL
2601,SM24,NULL,NULL,NULL,0,NULL,NULL
2601,MORT,log_logistic,12.117,13.556,0.542896552,0,0
2635,AXIS,NULL,NULL,NULL,0.01337931,NULL,NULL
2635,NC__,NULL,NULL,NULL,0.01337931,NULL,NULL
2635,MO24,logistic,71.699,133.01,0.043125,1,1
2635,DP24,NULL,NULL,NULL,0,NULL,NULL
2635,SM24,NULL,NULL,NULL,0,NULL,NULL
2635,MORT,probit,55.334,132.41,0.053512278,1,1
2637,AXIS,NULL,NULL,NULL,0.022107098,NULL,NULL
2637,NC__,NULL,NULL,NULL,0,NULL,NULL
2637,MO24,NULL,NULL,NULL,0.060116086,NULL,NULL
2637,DP24,NULL,NULL,NULL,0,NULL,NULL
2637,SM24,NULL,NULL,NULL,0,NULL,NULL
2637,MORT,NULL,NULL,NULL,0.057901589,NULL,NULL
2638,AXIS,NULL,NULL,NULL,0.00198,NULL,NULL
2638,NC__,NULL,NULL,NULL,0,NULL,NULL
2638,MO24,log_logistic,10.963,46426980.58,0.11085625,0,1
2638,DP24,NULL,NULL,NULL,0.051379199,NULL,NULL
2638,SM24,NULL,NULL,NULL,0,NULL,NULL
2638,MORT,NULL,NULL,NULL,0.220984375,NULL,NULL
2655,AXIS,NULL,NULL,NULL,0.005305296,NULL,NULL
2655,NC__,NULL,NULL,NULL,0,NULL,NULL
2655,MO24,NULL,NULL,NULL,0.1093125,NULL,NULL
2655,DP24,NULL,NULL,NULL,0.005305296,NULL,NULL
2655,SM24,NULL,NULL,NULL,0,NULL,NULL
2655,MORT,NULL,NULL,NULL,0.12478125,NULL,NULL
2657,AXIS,NULL,NULL,NULL,0.002272727,NULL,NULL
2657,NC__,NULL,NULL,NULL,0,NULL,NULL
2657,MO24,probit,26.525,95.799,0.2621125,0,1
2657,DP24,log_logistic,3.13,21.795,0.470960291,0,0
2657,SM24,NULL,NULL,NULL,0,NULL,NULL
2657,MORT,log_probit,1.835,14.944,0.651798438,0,0
2661,AXIS,NULL,NULL,NULL,0.00019416,NULL,NULL
2661,NC__,NULL,NULL,NULL,1.72E-05,NULL,NULL
2661,MO24,NULL,NULL,NULL,0.077829688,NULL,NULL
2661,DP24,NULL,NULL,NULL,0.03431485,NULL,NULL
2661,SM24,NULL,NULL,NULL,0,NULL,NULL
2661,MORT,NULL,NULL,NULL,0.108767188,NULL,NULL
2686,AXIS,NULL,NULL,NULL,0.020218801,NULL,NULL
2686,NC__,NULL,NULL,NULL,0,NULL,NULL
2686,MO24,NULL,NULL,NULL,0.081375,NULL,NULL
2686,DP24,NULL,NULL,NULL,0.001833333,NULL,NULL
2686,SM24,NULL,NULL,NULL,0,NULL,NULL
2686,MORT,probit,7.727,28.038,0.537015625,0,0
2688,AXIS,NULL,NULL,NULL,0.014517796,NULL,NULL
2688,NC__,NULL,NULL,NULL,0,NULL,NULL
2688,MO24,NULL,NULL,NULL,0.049690625,NULL,NULL
2688,DP24,NULL,NULL,NULL,0.001706897,NULL,NULL
2688,SM24,NULL,NULL,NULL,0,NULL,NULL
2688,MORT,NULL,NULL,NULL,0.049845313,NULL,NULL
2691,AXIS,logistic,63.813,66.374,0.05,0,1
2691,NC__,NULL,NULL,NULL,0,NULL,NULL
2691,MO24,probit,100.354,322.253,0.1062625,1,1
2691,DP24,logistic,64.602,67.236,0.032142857,1,1
2691,SM24,NULL,NULL,NULL,0,NULL,NULL
2691,MORT,weibull,6.289,95104300.35,0.1512625,0,1
2706,AXIS,log_logistic,41.356,5887.501,0.073490934,0,1
2706,NC__,NULL,NULL,NULL,0.0198,NULL,NULL
2706,MO24,NULL,NULL,NULL,0.141630141,NULL,NULL
2706,DP24,NULL,NULL,NULL,0.000154688,NULL,NULL
2706,SM24,NULL,NULL,NULL,0,NULL,NULL
2706,MORT,NULL,NULL,NULL,0.187085333,NULL,NULL
2723,AXIS,NULL,NULL,NULL,0.034108984,NULL,NULL
2723,NC__,logistic,65.731,68.357,0.016666667,1,1
2723,MO24,logistic,94.88,229.76,0.122179385,1,1
2723,DP24,NULL,NULL,NULL,0.016862418,NULL,NULL
2723,SM24,NULL,NULL,NULL,0,NULL,NULL
2723,MORT,NULL,NULL,NULL,0.125393246,NULL,NULL
2726,AXIS,NULL,NULL,NULL,0,NULL,NULL
2726,NC__,NULL,NULL,NULL,0,NULL,NULL
2726,MO24,NULL,NULL,NULL,0.062614063,NULL,NULL
2726,DP24,logistic,82.974,138.641,0.034070392,1,1
2726,SM24,NULL,NULL,NULL,0,NULL,NULL
2726,MORT,logistic,19.752,46.2,0.2766625,0,0
2739,AXIS,log_logistic,38.327,54.677,0.082418902,0,1
2739,NC__,NULL,NULL,NULL,0,NULL,NULL
2739,MO24,NULL,NULL,NULL,0.0305,NULL,NULL
2739,DP24,logistic,42.98,57.075,0.052032258,0,1
2739,SM24,NULL,NULL,NULL,0,NULL,NULL
2739,MORT,log_logistic,32.389,147.05,0.082127016,0,1
2740,AXIS,logistic,0.682,1.167,0.125205255,0,1
2740,NC__,logistic,1.139,1.168,0.010251323,1,1
2740,MO24,log_logistic,1.53,3.206,0.384875,0,0
2740,DP24,NULL,NULL,NULL,0,NULL,NULL
2740,SM24,NULL,NULL,NULL,0,NULL,NULL
2740,MORT,logistic,1.471,3.18,0.082373272,1,1
2743,AXIS,NULL,NULL,NULL,0.017857972,NULL,NULL
2743,NC__,NULL,NULL,NULL,0,NULL,NULL
2743,MO24,NULL,NULL,NULL,0.04720625,NULL,NULL
2743,DP24,NULL,NULL,NULL,0.015969594,NULL,NULL
2743,SM24,NULL,NULL,NULL,0,NULL,NULL
2743,MORT,NULL,NULL,NULL,0.07720625,NULL,NULL
2752,AXIS,NULL,NULL,NULL,0.059524725,NULL,NULL
2752,NC__,NULL,NULL,NULL,0,NULL,NULL
2752,MO24,NULL,NULL,NULL,0.150314063,NULL,NULL
2752,DP24,logistic,88.78,166.572,0.054196495,1,1
2752,SM24,NULL,NULL,NULL,0,NULL,NULL
2752,MORT,logistic,39.621,108.221,0.25966875,0,1
2770,AXIS,NULL,NULL,NULL,0.036738796,NULL,NULL
2770,NC__,logistic,34.545,35.237,0.007130125,1,1
2770,MO24,NULL,NULL,NULL,0.045512372,NULL,NULL
2770,DP24,logistic,34.981,51.315,0.035231205,1,1
2770,SM24,NULL,NULL,NULL,0,NULL,NULL
2770,MORT,NULL,NULL,NULL,0.002388723,NULL,NULL
2772,AXIS,NULL,NULL,NULL,0.020623878,NULL,NULL
2772,NC__,NULL,NULL,NULL,0,NULL,NULL
2772,MO24,NULL,NULL,NULL,0.183434375,NULL,NULL
2772,DP24,NULL,NULL,NULL,0.053243887,NULL,NULL
2772,SM24,NULL,NULL,NULL,0,NULL,NULL
2772,MORT,NULL,NULL,NULL,0.230014063,NULL,NULL
2774,AXIS,logistic,11.069,11.329,0.055357143,0,1
2774,NC__,NULL,NULL,NULL,0,NULL,NULL
2774,MO24,logistic,34.787,44.653,0.1295,0,0
2774,DP24,logistic,34.419,35.498,0.134630819,0,0
2774,SM24,logistic,35.107,36.289,0.061195827,0,1
2774,MORT,logistic,15.344,21.997,0.345079254,0,0
2778,AXIS,logistic,0.006,0.01,0.142615516,0,0
2778,NC__,NULL,NULL,NULL,0,NULL,NULL
2778,MO24,NULL,NULL,NULL,0.016358333,NULL,NULL
2778,DP24,logistic,0.007,0.011,0.110165873,0,1
2778,SM24,NULL,NULL,NULL,0,NULL,NULL
2778,MORT,NULL,NULL,NULL,0.006290278,NULL,NULL
2813,AXIS,quantal_linear,0.333,2.189,0.016229565,1,1
2813,NC__,NULL,NULL,NULL,0,NULL,NULL
2813,MO24,log_logistic,0.048,0.391,0.490666667,0,0
2813,DP24,NULL,NULL,NULL,0,NULL,NULL
2813,SM24,NULL,NULL,NULL,0,NULL,NULL
2813,MORT,log_logistic,0.119,0.135,0.480711765,0,0
2827,AXIS,NULL,NULL,NULL,0.033871677,NULL,NULL
2827,NC__,NULL,NULL,NULL,0,NULL,NULL
2827,MO24,NULL,NULL,NULL,0.07628125,NULL,NULL
2827,DP24,NULL,NULL,NULL,0.050755172,NULL,NULL
2827,SM24,NULL,NULL,NULL,1.61E-06,NULL,NULL
2827,MORT,NULL,NULL,NULL,0.216470312,NULL,NULL
2849,AXIS,NULL,NULL,NULL,0,NULL,NULL
2849,NC__,NULL,NULL,NULL,0,NULL,NULL
2849,MO24,NULL,NULL,NULL,0.015814063,NULL,NULL
2849,DP24,NULL,NULL,NULL,0.000176919,NULL,NULL
2849,SM24,NULL,NULL,NULL,0,NULL,NULL
2849,MORT,NULL,NULL,NULL,0.016,NULL,NULL
2877,AXIS,NULL,NULL,NULL,0.019038462,NULL,NULL
2877,NC__,NULL,NULL,NULL,0,NULL,NULL
2877,MO24,NULL,NULL,NULL,0.075242188,NULL,NULL
2877,DP24,NULL,NULL,NULL,0.057287901,NULL,NULL
2877,SM24,NULL,NULL,NULL,0,NULL,NULL
2877,MORT,NULL,NULL,NULL,0.245645313,NULL,NULL
2886,AXIS,NULL,NULL,NULL,0.020154023,NULL,NULL
2886,NC__,NULL,NULL,NULL,0,NULL,NULL
2886,MO24,NULL,NULL,NULL,0.106110938,NULL,NULL
2886,DP24,NULL,NULL,NULL,0.035970172,NULL,NULL
2886,SM24,NULL,NULL,NULL,0,NULL,NULL
2886,MORT,probit,69.312,248.238,0.165359375,1,1
2893,AXIS,NULL,NULL,NULL,2.00E-06,NULL,NULL
2893,NC__,NULL,NULL,NULL,2.00E-06,NULL,NULL
2893,MO24,NULL,NULL,NULL,0.036064063,NULL,NULL
2893,DP24,NULL,NULL,NULL,0.030650595,NULL,NULL
2893,SM24,NULL,NULL,NULL,0,NULL,NULL
2893,MORT,NULL,NULL,NULL,0.12514375,NULL,NULL
2896,AXIS,logistic,63.439,66.01,0.061363636,0,1
2896,NC__,logistic,64.163,66.646,0.040909091,1,1
2896,MO24,logistic,63.949,152.637,0.1205125,0,1
2896,DP24,logistic,37.892,70.272,0.155322149,0,1
2896,SM24,NULL,NULL,NULL,0,NULL,NULL
2896,MORT,logistic,36.139,91.266,0.178482813,0,1
2915,AXIS,logistic,60.785,98.278,0.130425347,0,0
2915,NC__,NULL,NULL,NULL,0,NULL,NULL
2915,MO24,NULL,NULL,NULL,0.043945313,NULL,NULL
2915,DP24,probit,31.29,83.669,0.302088041,0,0
2915,SM24,NULL,NULL,NULL,0,NULL,NULL
2915,MORT,logistic,49.467,86.612,0.179431791,0,0
2960,AXIS,NULL,NULL,NULL,0.026804765,NULL,NULL
2960,NC__,NULL,NULL,NULL,0.003096847,NULL,NULL
2960,MO24,NULL,NULL,NULL,0.23847631,NULL,NULL
2960,DP24,NULL,NULL,NULL,0.139233106,NULL,NULL
2960,SM24,NULL,NULL,NULL,0,NULL,NULL
2960,MORT,NULL,NULL,NULL,0.440671875,NULL,NULL
2973,AXIS,log_probit,53.763,61.963,0.194077997,0,0
2973,NC__,NULL,NULL,NULL,0,NULL,NULL
2973,MO24,NULL,NULL,NULL,0.085820896,NULL,NULL
2973,DP24,NULL,NULL,NULL,0,NULL,NULL
2973,SM24,NULL,NULL,NULL,0,NULL,NULL
2973,MORT,logistic,37.053,71.366,0.12785047,0,1
2989,AXIS,logistic,11.858,18.698,0.017064116,1,1
2989,NC__,NULL,NULL,NULL,0,NULL,NULL
2989,MO24,logistic,7.986,17.059,0.502628125,0,0
2989,DP24,NULL,NULL,NULL,0,NULL,NULL
2989,SM24,NULL,NULL,NULL,0,NULL,NULL
2989,MORT,logistic,7.986,17.059,0.502628125,0,0
3002,AXIS,gamma,0.591,4.726,0.080953571,0,1
3002,NC__,log_logistic,0.072,0.173,0.765332291,0,0
3002,MO24,NULL,NULL,NULL,0.019113889,NULL,NULL
3002,DP24,NULL,NULL,NULL,0,NULL,NULL
3002,SM24,NULL,NULL,NULL,0,NULL,NULL
3002,MORT,logistic,1.362,2.501,0.045282302,1,1
3004,AXIS,log_logistic,35.99,53.56,0.320655151,0,0
3004,NC__,NULL,NULL,NULL,0.011579533,NULL,NULL
3004,MO24,NULL,NULL,NULL,0.037246094,NULL,NULL
3004,DP24,NULL,NULL,NULL,0.090390196,NULL,NULL
3004,SM24,NULL,NULL,NULL,0,NULL,NULL
3004,MORT,log_logistic,67.186,84.83,0.062872407,0,1
3005,AXIS,probit,30.158,80.602,0.214515938,0,1
3005,NC__,NULL,NULL,NULL,0.006897258,NULL,NULL
3005,MO24,NULL,NULL,NULL,0.007685547,NULL,NULL
3005,DP24,log_probit,27.699,48.156,0.395199303,0,0
3005,SM24,NULL,NULL,NULL,0,NULL,NULL
3005,MORT,NULL,NULL,NULL,0.037738675,NULL,NULL
3009,AXIS,NULL,NULL,NULL,0.01905898,NULL,NULL
3009,NC__,NULL,NULL,NULL,0,NULL,NULL
3009,MO24,NULL,NULL,NULL,0.015470313,NULL,NULL
3009,DP24,log_probit,7.824,528.364,0.224324294,0,1
3009,SM24,NULL,NULL,NULL,0,NULL,NULL
3009,MORT,NULL,NULL,NULL,0.236620313,NULL,NULL
3012,AXIS,NULL,NULL,NULL,0.034520424,NULL,NULL
3012,NC__,NULL,NULL,NULL,0,NULL,NULL
3012,MO24,logistic,46.661,115.501,0.152010938,0,1
3012,DP24,NULL,NULL,NULL,0.035616667,NULL,NULL
3012,SM24,NULL,NULL,NULL,0,NULL,NULL
3012,MORT,logistic,41.973,106.947,0.181698438,0,1
3015,AXIS,NULL,NULL,NULL,0.004206897,NULL,NULL
3015,NC__,NULL,NULL,NULL,0,NULL,NULL
3015,MO24,NULL,NULL,NULL,0.057,NULL,NULL
3015,DP24,NULL,NULL,NULL,0.012675369,NULL,NULL
3015,SM24,NULL,NULL,NULL,0,NULL,NULL
3015,MORT,NULL,NULL,NULL,0.006585714,NULL,NULL
3022,AXIS,log_logistic,0.032,23.87,0.493722222,0,0
3022,NC__,weibull,0.003,38.775,0.474739316,-1,0
3022,MO24,NULL,NULL,NULL,0.064207813,NULL,NULL
3022,DP24,log_probit,0.023,9.711,0.535268391,0,0
3022,SM24,NULL,NULL,NULL,0,NULL,NULL
3022,MORT,NULL,NULL,NULL,0.171876563,NULL,NULL
3055,AXIS,NULL,NULL,NULL,0.014517981,NULL,NULL
3055,NC__,NULL,NULL,NULL,0,NULL,NULL
3055,MO24,NULL,NULL,NULL,0.045332813,NULL,NULL
3055,DP24,NULL,NULL,NULL,0.035674735,NULL,NULL
3055,SM24,NULL,NULL,NULL,0,NULL,NULL
3055,MORT,NULL,NULL,NULL,0.080910938,NULL,NULL
3091,AXIS,NULL,NULL,NULL,0.0136,NULL,NULL
3091,NC__,NULL,NULL,NULL,0,NULL,NULL
3091,MO24,NULL,NULL,NULL,0.0570625,NULL,NULL
3091,DP24,NULL,NULL,NULL,0.064437746,NULL,NULL
3091,SM24,NULL,NULL,NULL,0,NULL,NULL
3091,MORT,NULL,NULL,NULL,0.017473118,NULL,NULL
3102,AXIS,NULL,NULL,NULL,0.012126453,NULL,NULL
3102,NC__,NULL,NULL,NULL,0.007607759,NULL,NULL
3102,MO24,logistic,112.7,183.966,0.027246094,1,1
3102,DP24,logistic,62.955,96.568,0.063239541,0,1
3102,SM24,NULL,NULL,NULL,0,NULL,NULL
3102,MORT,logistic,97.892,152.682,0.026849756,1,1
3104,AXIS,logistic,0.611,0.636,0.185294118,0,0
3104,NC__,logistic,0.619,0.644,0.132352941,0,1
3104,MO24,log_logistic,0.723,1.927,0.934203125,0,0
3104,DP24,log_logistic,0.115,0.329,0.894759677,0,0
3104,SM24,NULL,NULL,NULL,0,NULL,NULL
3104,MORT,log_logistic,0.505,0.672,0.969026563,0,0
3114,AXIS,log_logistic,9.065,56.067,0.187277873,0,1
3114,NC__,logistic,41.594,59.833,0.020707642,1,1
3114,MO24,log_probit,12.215,156.303,0.240049751,0,1
3114,DP24,NULL,NULL,NULL,0,NULL,NULL
3114,SM24,NULL,NULL,NULL,0,NULL,NULL
3114,MORT,weibull,8.239,63.327,0.301630411,0,0
3127,AXIS,NULL,NULL,NULL,0.002826657,NULL,NULL
3127,NC__,NULL,NULL,NULL,0.000244514,NULL,NULL
3127,MO24,NULL,NULL,NULL,0.158435534,NULL,NULL
3127,DP24,NULL,NULL,NULL,0.043324153,NULL,NULL
3127,SM24,NULL,NULL,NULL,0,NULL,NULL
3127,MORT,NULL,NULL,NULL,0.194296472,NULL,NULL
3138,AXIS,NULL,NULL,NULL,0.177857648,NULL,NULL
3138,NC__,NULL,NULL,NULL,0.029151119,NULL,NULL
3138,MO24,log_probit,18.49,57.495,0.293635987,0,0
3138,DP24,NULL,NULL,NULL,0,NULL,NULL
3138,SM24,NULL,NULL,NULL,0,NULL,NULL
3138,MORT,log_probit,7.104,15.553,0.7341216,0,0
3139,AXIS,NULL,NULL,NULL,0.055391273,NULL,NULL
3139,NC__,NULL,NULL,NULL,0,NULL,NULL
3139,MO24,NULL,NULL,NULL,0.183939063,NULL,NULL
3139,DP24,NULL,NULL,NULL,0.017723352,NULL,NULL
3139,SM24,NULL,NULL,NULL,0,NULL,NULL
3139,MORT,NULL,NULL,NULL,0.200954688,NULL,NULL
3140,AXIS,NULL,NULL,NULL,0.019463849,NULL,NULL
3140,NC__,NULL,NULL,NULL,0,NULL,NULL
3140,MO24,NULL,NULL,NULL,0.007,NULL,NULL
3140,DP24,logistic,568.773,969.002,0.009445565,1,1
3140,SM24,NULL,NULL,NULL,0,NULL,NULL
3140,MORT,NULL,NULL,NULL,0.0185,NULL,NULL
3144,AXIS,NULL,NULL,NULL,0.017328629,NULL,NULL
3144,NC__,NULL,NULL,NULL,0,NULL,NULL
3144,MO24,log_logistic,9.049,24.64,0.620966797,0,0
3144,DP24,NULL,NULL,NULL,0.000175439,NULL,NULL
3144,SM24,NULL,NULL,NULL,0,NULL,NULL
3144,MORT,NULL,NULL,NULL,0.001590909,NULL,NULL
3147,AXIS,NULL,NULL,NULL,0.010755048,NULL,NULL
3147,NC__,NULL,NULL,NULL,0,NULL,NULL
3147,MO24,NULL,NULL,NULL,0.023631841,NULL,NULL
3147,DP24,NULL,NULL,NULL,0,NULL,NULL
3147,SM24,NULL,NULL,NULL,0,NULL,NULL
3147,MORT,NULL,NULL,NULL,0.016593507,NULL,NULL
3151,AXIS,logistic,132.219,213.404,0.022736284,1,1
3151,NC__,NULL,NULL,NULL,0,NULL,NULL
3151,MO24,NULL,NULL,NULL,0.056695688,NULL,NULL
3151,DP24,NULL,NULL,NULL,0,NULL,NULL
3151,SM24,NULL,NULL,NULL,0,NULL,NULL
3151,MORT,NULL,NULL,NULL,0.01252727,NULL,NULL
3160,AXIS,logistic,124.163,241.221,0.049056978,1,1
3160,NC__,NULL,NULL,NULL,0,NULL,NULL
3160,MO24,NULL,NULL,NULL,0.047170313,NULL,NULL
3160,DP24,logistic,154.328,258.235,0.015698908,1,1
3160,SM24,NULL,NULL,NULL,0,NULL,NULL
3160,MORT,NULL,NULL,NULL,0.062673438,NULL,NULL
3168,AXIS,NULL,NULL,NULL,0.016722643,NULL,NULL
3168,NC__,NULL,NULL,NULL,0.000206514,NULL,NULL
3168,MO24,NULL,NULL,NULL,0.078710988,NULL,NULL
3168,DP24,NULL,NULL,NULL,0.000222643,NULL,NULL
3168,SM24,NULL,NULL,NULL,0,NULL,NULL
3168,MORT,NULL,NULL,NULL,0.078710988,NULL,NULL
3169,AXIS,NULL,NULL,NULL,0,NULL,NULL
3169,NC__,NULL,NULL,NULL,0,NULL,NULL
3169,MO24,NULL,NULL,NULL,0.059825,NULL,NULL
3169,DP24,NULL,NULL,NULL,0.00165,NULL,NULL
3169,SM24,NULL,NULL,NULL,0,NULL,NULL
3169,MORT,NULL,NULL,NULL,0.106682813,NULL,NULL
3272,AXIS,NULL,NULL,NULL,0.010109524,NULL,NULL
3272,NC__,NULL,NULL,NULL,0.001666667,NULL,NULL
3272,MO24,NULL,NULL,NULL,0.06025,NULL,NULL
3272,DP24,logistic,96.562,192.299,0.045484904,1,1
3272,SM24,NULL,NULL,NULL,0,NULL,NULL
3272,MORT,NULL,NULL,NULL,0.016809789,NULL,NULL
3273,AXIS,logistic,36.304,56.053,0.094187192,0,1
3273,NC__,logistic,50.495,51.196,0.004965517,1,1
3273,MO24,NULL,NULL,NULL,0.1201875,NULL,NULL
3273,DP24,NULL,NULL,NULL,0,NULL,NULL
3273,SM24,NULL,NULL,NULL,0,NULL,NULL
3273,MORT,NULL,NULL,NULL,0.077204652,NULL,NULL
3411,AXIS,logistic,37.281,58.454,0.208998821,0,0
3411,NC__,NULL,NULL,NULL,0.007904165,NULL,NULL
3411,MO24,NULL,NULL,NULL,0.099594156,NULL,NULL
3411,DP24,NULL,NULL,NULL,0.042803403,NULL,NULL
3411,SM24,NULL,NULL,NULL,0,NULL,NULL
3411,MORT,logistic,91.562,134.682,0.023737374,1,1
3412,AXIS,logistic,7.29,12.658,0.167796969,0,0
3412,NC__,logistic,18.63,29.672,0.031039219,1,1
3412,MO24,NULL,NULL,NULL,0.087934444,NULL,NULL
3412,DP24,weibull,3.688,27.662,0.275671615,0,1
3412,SM24,NULL,NULL,NULL,0,NULL,NULL
3412,MORT,probit,7.458,18.845,0.310022509,0,0
3413,AXIS,NULL,NULL,NULL,0.001880403,NULL,NULL
3413,NC__,NULL,NULL,NULL,0.001363636,NULL,NULL
3413,MO24,NULL,NULL,NULL,0.049907937,NULL,NULL
3413,DP24,log_logistic,32.287,36.804,0.108467484,0,1
3413,SM24,NULL,NULL,NULL,0,NULL,NULL
3413,MORT,log_logistic,25.59,28.924,0.336699685,0,0
3689,AXIS,NULL,NULL,NULL,0.0253125,NULL,NULL
3689,NC__,logistic,134.358,192.644,0.021553513,1,1
3689,MO24,NULL,NULL,NULL,0.037329167,NULL,NULL
3689,DP24,logistic,293.832,497.368,0.019756094,1,1
3689,SM24,NULL,NULL,NULL,0,NULL,NULL
3689,MORT,NULL,NULL,NULL,0.011856753,NULL,NULL
3690,AXIS,NULL,NULL,NULL,0.044532337,NULL,NULL
3690,NC__,NULL,NULL,NULL,0.000973214,NULL,NULL
3690,MO24,NULL,NULL,NULL,0.040680556,NULL,NULL
3690,DP24,NULL,NULL,NULL,0.053108992,NULL,NULL
3690,SM24,NULL,NULL,NULL,0,NULL,NULL
3690,MORT,NULL,NULL,NULL,0.015481513,NULL,NULL
3757,AXIS,NULL,NULL,NULL,0.032385569,NULL,NULL
3757,NC__,NULL,NULL,NULL,0.008764177,NULL,NULL
3757,MO24,logistic,20.54,35.151,0.085928397,0,1
3757,DP24,logistic,22.701,42.463,0.086809806,0,1
3757,SM24,NULL,NULL,NULL,0,NULL,NULL
3757,MORT,probit,22.662,73.164,0.131583405,0,1
3758,AXIS,logistic,107.506,154.941,0.022938369,1,1
3758,NC__,NULL,NULL,NULL,0.003965278,NULL,NULL
3758,MO24,NULL,NULL,NULL,0.017895833,NULL,NULL
3758,DP24,logistic,192.068,276.774,0.007465278,1,1
3758,SM24,NULL,NULL,NULL,0,NULL,NULL
3758,MORT,logistic,102.006,127.411,0.019785714,1,1
3759,AXIS,NULL,NULL,NULL,0.011636438,NULL,NULL
3759,NC__,NULL,NULL,NULL,0,NULL,NULL
3759,MO24,logistic,234.472,344.135,0.004256944,1,1
3759,DP24,NULL,NULL,NULL,0.038425357,NULL,NULL
3759,SM24,NULL,NULL,NULL,0,NULL,NULL
3759,MORT,NULL,NULL,NULL,0.024999603,NULL,NULL
3760,AXIS,logistic,205.194,303.211,0.006365625,1,1
3760,NC__,NULL,NULL,NULL,0.002165625,NULL,NULL
3760,MO24,NULL,NULL,NULL,0.096855556,NULL,NULL
3760,DP24,NULL,NULL,NULL,0,NULL,NULL
3760,SM24,NULL,NULL,NULL,0,NULL,NULL
3760,MORT,NULL,NULL,NULL,0.059164406,NULL,NULL