Chemical_ID,End_Point,Model,BMD10,BMDL,BMD50,AUC,Min_Dose,Max_Dose,AUC_Norm,DataQC_Flag,BMD_Analysis_Flag,BMD_Flag,BMD50_Flag
1515,AXIS,NULL,NULL,NULL,NULL,1.6129032258064516e-06,0.0,0.0001,0.016129032258064516,0,NULL,NULL,NULL
1515,BRN_,NULL,NULL,NULL,NULL,4.838709677419355e-06,0.0,0.0001,0.04838709677419355,0,NULL,NULL,NULL
1515,CRAN,NULL,NULL,NULL,NULL,4.838709677419355e-06,0.0,0.0001,0.04838709677419355,0,NULL,NULL,NULL
1515,EDEM,NULL,NULL,NULL,NULL,4.838709677419355e-06,0.0,0.0001,0.04838709677419355,0,NULL,NULL,NULL
1515,LTRK,NULL,NULL,NULL,NULL,8.064516129032258e-06,0.0,0.0001,0.08064516129032258,0,NULL,NULL,NULL
1515,MUSC,NULL,NULL,NULL,NULL,1.6129032258064516e-06,0.0,0.0001,0.016129032258064516,0,NULL,NULL,NULL
1515,NC__,NULL,NULL,NULL,NULL,0.0,0.0,0.0001,0.0,0,NULL,NULL,NULL
1515,SKIN,NULL,NULL,NULL,NULL,0.0,0.0,0.0001,0.0,0,NULL,NULL,NULL
1515,TCHR,NULL,NULL,NULL,NULL,1.6129032258064516e-06,0.0,0.0001,0.016129032258064516,0,NULL,NULL,NULL
1519,AXIS,NULL,NULL,NULL,NULL,0.0,0.0,0.0001,0.0,0,NULL,NULL,NULL
1519,BRN_,NULL,NULL,NULL,NULL,4.6875000000000004e-06,0.0,0.0001,0.046875,0,NULL,NULL,NULL
1519,CRAN,NULL,NULL,NULL,NULL,1.5625e-06,0.0,0.0001,0.015625,0,NULL,NULL,NULL
1519,EDEM,NULL,NULL,NULL,NULL,3.125e-06,0.0,0.0001,0.03125,0,NULL,NULL,NULL
1519,LTRK,NULL,NULL,NULL,NULL,2.96875e-05,0.0,0.0001,0.296875,0,NULL,NULL,NULL
1519,MUSC,NULL,NULL,NULL,NULL,1.5625e-06,0.0,0.0001,0.015625,0,NULL,NULL,NULL
1519,NC__,NULL,NULL,NULL,NULL,0.0,0.0,0.0001,0.0,0,NULL,NULL,NULL
1519,SKIN,NULL,NULL,NULL,NULL,0.0,0.0,0.0001,0.0,0,NULL,NULL,NULL
1519,TCHR,NULL,NULL,NULL,NULL,0.0,0.0,0.0001,0.0,0,NULL,NULL,NULL
101,ANY120,NULL,NULL,NULL,NULL,0.0007609375,0.0,0.01,0.07609375,1,NULL,NULL,NULL
101,AXIS,NULL,NULL,NULL,NULL,3.225806451612903e-05,0.0,0.01,0.003225806451612903,1,NULL,NULL,NULL
101,ALL_BUT_MORT,NULL,NULL,NULL,NULL,0.0001346947997775306,0.0,0.01,0.013469479977753059,1,NULL,NULL,NULL
101,BRN_,NULL,NULL,NULL,NULL,0.00012013162773451985,0.0,0.01,0.012013162773451984,1,NULL,NULL,NULL
101,CRAN,NULL,NULL,NULL,NULL,3.3924731182795696e-05,0.0,0.01,0.0033924731182795693,1,NULL,NULL,NULL
101,DP24,NULL,NULL,NULL,NULL,0.00011745689655172415,0.0,0.01,0.011745689655172415,1,NULL,NULL,NULL
101,EDEM,NULL,NULL,NULL,NULL,0.00012013162773451985,0.0,0.01,0.012013162773451984,1,NULL,NULL,NULL
101,MORT,NULL,NULL,NULL,NULL,8.175403225806451e-05,0.0,0.01,0.008175403225806451,1,NULL,NULL,NULL
101,MUSC,NULL,NULL,NULL,NULL,0.0,0.0,0.01,0.0,1,NULL,NULL,NULL
101,NC__,NULL,NULL,NULL,NULL,1.6129032258064513e-05,0.0,0.01,0.0016129032258064514,1,NULL,NULL,NULL
101,NC24,NULL,NULL,NULL,NULL,0.0,0.0,0.01,0.0,1,NULL,NULL,NULL
101,SKIN,NULL,NULL,NULL,NULL,0.0,0.0,0.01,0.0,1,NULL,NULL,NULL
101,SM24,NULL,NULL,NULL,NULL,0.0,0.0,0.01,0.0,1,NULL,NULL,NULL
101,TCHR,NULL,NULL,NULL,NULL,0.0,0.0,0.01,0.0,1,NULL,NULL,NULL
102,NC__,NULL,NULL,NULL,NULL,0.0,0.0,0.001,0.0,1,NULL,NULL,NULL
102,NC24,NULL,NULL,NULL,NULL,0.0,0.0,0.01,0.0,1,NULL,NULL,NULL
102,SKIN,NULL,NULL,NULL,NULL,0.0,0.0,0.001,0.0,1,NULL,NULL,NULL
102,SM24,NULL,NULL,NULL,NULL,0.0,0.0,0.01,0.0,1,NULL,NULL,NULL
103,MO24,NULL,NULL,NULL,NULL,0.000284375,0.0,0.01,0.0284375,1,NULL,NULL,NULL
103,NC__,NULL,NULL,NULL,NULL,0.0,0.0,0.01,0.0,1,NULL,NULL,NULL
103,NC24,NULL,NULL,NULL,NULL,0.0,0.0,0.01,0.0,1,NULL,NULL,NULL
103,SKIN,NULL,NULL,NULL,NULL,0.0,0.0,0.01,0.0,1,NULL,NULL,NULL
103,SM24,NULL,NULL,NULL,NULL,0.0,0.0,0.01,0.0,1,NULL,NULL,NULL
792,ANY24,NULL,NULL,NULL,NULL,2.9125,0.0,10.0,0.29125,1,NULL,NULL,NULL
792,BRN_,NULL,NULL,NULL,NULL,0.0,0.0,10.0,0.0,1,NULL,NULL,NULL
792,CRAN,NULL,NULL,NULL,NULL,0.0,0.0,10.0,0.0,1,NULL,NULL,NULL
792,DP24,NULL,NULL,NULL,NULL,0.2518433179723502,0.0,10.0,0.025184331797235022,1,NULL,NULL,NULL
792,EDEM,NULL,NULL,NULL,NULL,0.05346459096459097,0.0,10.0,0.005346459096459097,1,NULL,NULL,NULL
792,LTRK,NULL,NULL,NULL,NULL,0.8533653846153846,0.0,10.0,0.08533653846153846,1,NULL,NULL,NULL
792,MO24,NULL,NULL,NULL,NULL,0.571875,0.0,10.0,0.0571875,1,NULL,NULL,NULL
792,MUSC,NULL,NULL,NULL,NULL,0.0,0.0,10.0,0.0,1,NULL,NULL,NULL
792,SKIN,NULL,NULL,NULL,NULL,0.0,0.0,10.0,0.0,1,NULL,NULL,NULL
792,SM24,NULL,NULL,NULL,NULL,0.0,0.0,10.0,0.0,1,NULL,NULL,NULL
792,TCHR,NULL,NULL,NULL,NULL,0.0,0.0,10.0,0.0,1,NULL,NULL,NULL
793,BRN_,NULL,NULL,NULL,NULL,0.0,0.0,2.0,0.0,1,NULL,NULL,NULL
793,CRAN,NULL,NULL,NULL,NULL,0.0,0.0,2.0,0.0,1,NULL,NULL,NULL
793,MUSC,NULL,NULL,NULL,NULL,0.0,0.0,2.0,0.0,1,NULL,NULL,NULL
793,SKIN,NULL,NULL,NULL,NULL,0.0,0.0,2.0,0.0,1,NULL,NULL,NULL
793,SM24,NULL,NULL,NULL,NULL,0.0,0.0,10.0,0.0,1,NULL,NULL,NULL
793,TCHR,NULL,NULL,NULL,NULL,0.008928571428571428,0.0,2.0,0.004464285714285714,1,NULL,NULL,NULL
794,ANY24,NULL,NULL,NULL,NULL,3.559375,0.0,10.0,0.3559375,1,NULL,NULL,NULL
794,BRN_,NULL,NULL,NULL,NULL,0.0,0.0,2.0,0.0,1,NULL,NULL,NULL
794,CRAN,NULL,NULL,NULL,NULL,0.0,0.0,2.0,0.0,1,NULL,NULL,NULL
794,DP24,NULL,NULL,NULL,NULL,1.2936592741935484,0.0,10.0,0.12936592741935485,1,NULL,NULL,NULL
794,EDEM,NULL,NULL,NULL,NULL,0.0,0.0,2.0,0.0,1,NULL,NULL,NULL
794,MO24,NULL,NULL,NULL,NULL,0.059375000000000004,0.0,10.0,0.0059375,1,NULL,NULL,NULL
794,MUSC,NULL,NULL,NULL,NULL,0.0,0.0,2.0,0.0,1,NULL,NULL,NULL
794,SKIN,NULL,NULL,NULL,NULL,0.0,0.0,2.0,0.0,1,NULL,NULL,NULL
794,SM24,NULL,NULL,NULL,NULL,0.0,0.0,10.0,0.0,1,NULL,NULL,NULL
794,TCHR,NULL,NULL,NULL,NULL,0.0,0.0,2.0,0.0,1,NULL,NULL,NULL
795,AXIS,NULL,NULL,NULL,NULL,0.04086206896551724,0.0,2.0,0.02043103448275862,1,NULL,NULL,NULL
795,ALL_BUT_MORT,NULL,NULL,NULL,NULL,0.6273185483870968,0.0,10.0,0.06273185483870967,1,NULL,NULL,NULL
795,BRN_,NULL,NULL,NULL,NULL,0.0,0.0,2.0,0.0,1,NULL,NULL,NULL
795,CRAN,NULL,NULL,NULL,NULL,0.0,0.0,2.0,0.0,1,NULL,NULL,NULL
795,EDEM,NULL,NULL,NULL,NULL,0.023620689655172417,0.0,2.0,0.011810344827586208,1,NULL,NULL,NULL
795,LTRK,NULL,NULL,NULL,NULL,0.03,0.0,2.0,0.015,1,NULL,NULL,NULL
795,MO24,NULL,NULL,NULL,NULL,0.7109375,0.0,10.0,0.07109375,1,NULL,NULL,NULL
795,MUSC,NULL,NULL,NULL,NULL,0.0,0.0,2.0,0.0,1,NULL,NULL,NULL
795,NC__,NULL,NULL,NULL,NULL,0.0,0.0,2.0,0.0,1,NULL,NULL,NULL
795,NC24,NULL,NULL,NULL,NULL,0.0,0.0,10.0,0.0,1,NULL,NULL,NULL
795,SKIN,NULL,NULL,NULL,NULL,0.0,0.0,2.0,0.0,1,NULL,NULL,NULL
795,SM24,NULL,NULL,NULL,NULL,0.0,0.0,10.0,0.0,1,NULL,NULL,NULL
795,TCHR,NULL,NULL,NULL,NULL,0.015,0.0,2.0,0.0075,1,NULL,NULL,NULL
796,BRN_,NULL,NULL,NULL,NULL,0.0,0.0,2.0,0.0,1,NULL,NULL,NULL
796,CRAN,NULL,NULL,NULL,NULL,0.0,0.0,2.0,0.0,1,NULL,NULL,NULL
796,EDEM,NULL,NULL,NULL,NULL,0.1276073944594523,0.0,2.0,0.06380369722972615,1,NULL,NULL,NULL
796,MO24,NULL,NULL,NULL,NULL,0.30625,0.0,10.0,0.030625000000000003,1,NULL,NULL,NULL
796,MUSC,NULL,NULL,NULL,NULL,0.0,0.0,2.0,0.0,1,NULL,NULL,NULL
796,SKIN,NULL,NULL,NULL,NULL,0.0,0.0,2.0,0.0,1,NULL,NULL,NULL
796,SM24,NULL,NULL,NULL,NULL,0.0,0.0,10.0,0.0,1,NULL,NULL,NULL
796,TCHR,NULL,NULL,NULL,NULL,0.016129032258064516,0.0,2.0,0.008064516129032258,1,NULL,NULL,NULL
1035,ANY24,NULL,NULL,NULL,NULL,0.00023906250000000002,0.0,0.01,0.02390625,1,NULL,NULL,NULL
1035,ANY120,NULL,NULL,NULL,NULL,0.0005046875,0.0,0.01,0.05046875,1,NULL,NULL,NULL
1035,AXIS,NULL,NULL,NULL,NULL,7.979166666666666e-05,0.0,0.01,0.007979166666666666,1,NULL,NULL,NULL
1035,ALL_BUT_MORT,NULL,NULL,NULL,NULL,0.00020479166666666665,0.0,0.01,0.020479166666666666,1,NULL,NULL,NULL
1035,BRN_,NULL,NULL,NULL,NULL,0.0001306989247311828,0.0,0.01,0.013069892473118279,1,NULL,NULL,NULL
1035,CRAN,NULL,NULL,NULL,NULL,0.0001306989247311828,0.0,0.01,0.013069892473118279,1,NULL,NULL,NULL
1035,DP24,NULL,NULL,NULL,NULL,1.6666666666666667e-06,0.0,0.01,0.00016666666666666666,1,NULL,NULL,NULL
1035,EDEM,NULL,NULL,NULL,NULL,0.0001306989247311828,0.0,0.01,0.013069892473118279,1,NULL,NULL,NULL
1035,LTRK,NULL,NULL,NULL,NULL,1.6666666666666667e-06,0.0,0.01,0.00016666666666666666,1,NULL,NULL,NULL
1035,MO24,NULL,NULL,NULL,NULL,0.0002375,0.0,0.01,0.02375,1,NULL,NULL,NULL
1035,MORT,NULL,NULL,NULL,NULL,6.25e-05,0.0,0.01,0.00625,1,NULL,NULL,NULL
1035,MUSC,NULL,NULL,NULL,NULL,1.6666666666666667e-06,0.0,0.01,0.00016666666666666666,1,NULL,NULL,NULL
1035,NC__,NULL,NULL,NULL,NULL,0.0,0.0,0.01,0.0,1,NULL,NULL,NULL
1035,NC24,NULL,NULL,NULL,NULL,0.0,0.0,0.01,0.0,1,NULL,NULL,NULL
1035,SKIN,NULL,NULL,NULL,NULL,0.0,0.0,0.01,0.0,1,NULL,NULL,NULL
1035,SM24,NULL,NULL,NULL,NULL,0.0,0.0,0.01,0.0,1,NULL,NULL,NULL
1035,TCHR,NULL,NULL,NULL,NULL,1.6666666666666667e-06,0.0,0.01,0.00016666666666666666,1,NULL,NULL,NULL
1035,TOT_MORT,NULL,NULL,NULL,NULL,0.00030000000000000003,0.0,0.01,0.030000000000000002,1,NULL,NULL,NULL
1036,NC24,NULL,NULL,NULL,NULL,0.0,0.0,0.01,0.0,1,NULL,NULL,NULL
1036,SKIN,NULL,NULL,NULL,NULL,0.0,0.0,0.01,0.0,1,NULL,NULL,NULL
1036,SM24,NULL,NULL,NULL,NULL,0.0,0.0,0.01,0.0,1,NULL,NULL,NULL
1037,MO24,NULL,NULL,NULL,NULL,0.0007890624999999999,0.0,0.01,0.07890625,1,NULL,NULL,NULL
1037,NC__,NULL,NULL,NULL,NULL,0.0,0.0,0.01,0.0,1,NULL,NULL,NULL
1037,NC24,NULL,NULL,NULL,NULL,0.0,0.0,0.01,0.0,1,NULL,NULL,NULL
1037,SKIN,NULL,NULL,NULL,NULL,0.0,0.0,0.01,0.0,1,NULL,NULL,NULL
1037,SM24,NULL,NULL,NULL,NULL,0.0,0.0,0.01,0.0,1,NULL,NULL,NULL
1037,TOT_MORT,NULL,NULL,NULL,NULL,0.001259375,0.0,0.01,0.1259375,1,NULL,NULL,NULL
1038,MORT,NULL,NULL,NULL,NULL,4.15625e-05,0.0,0.01,0.00415625,1,NULL,NULL,NULL
1038,MUSC,NULL,NULL,NULL,NULL,0.0,0.0,0.01,0.0,1,NULL,NULL,NULL
1038,NC__,NULL,NULL,NULL,NULL,1.6129032258064516e-06,0.0,0.01,0.00016129032258064516,1,NULL,NULL,NULL
1038,NC24,NULL,NULL,NULL,NULL,0.0,0.0,0.01,0.0,1,NULL,NULL,NULL
1038,SKIN,NULL,NULL,NULL,NULL,0.0,0.0,0.01,0.0,1,NULL,NULL,NULL
1038,SM24,NULL,NULL,NULL,NULL,0.0,0.0,0.01,0.0,1,NULL,NULL,NULL
1038,TOT_MORT,NULL,NULL,NULL,NULL,0.0011453125,0.0,0.01,0.11453125,1,NULL,NULL,NULL
1514,ANY120,NULL,NULL,NULL,NULL,0.0008375,0.0,0.01,0.08375,1,NULL,NULL,NULL
1514,AXIS,NULL,NULL,NULL,NULL,0.00014569892473118278,0.0,0.01,0.014569892473118278,1,NULL,NULL,NULL
1514,ALL_BUT_MORT,NULL,NULL,NULL,NULL,0.00024354838709677418,0.0,0.01,0.024354838709677418,1,NULL,NULL,NULL
1514,BRN_,NULL,NULL,NULL,NULL,0.00016403225806451612,0.0,0.01,0.01640322580645161,1,NULL,NULL,NULL
1514,CRAN,NULL,NULL,NULL,NULL,0.00016236559139784946,0.0,0.01,0.016236559139784945,1,NULL,NULL,NULL
1514,EDEM,NULL,NULL,NULL,NULL,0.00016403225806451612,0.0,0.01,0.01640322580645161,1,NULL,NULL,NULL
1514,LTRK,NULL,NULL,NULL,NULL,8.118279569892473e-05,0.0,0.01,0.008118279569892473,1,NULL,NULL,NULL
1514,MORT,NULL,NULL,NULL,NULL,0.00014274193548387097,0.0,0.01,0.014274193548387097,1,NULL,NULL,NULL
1514,MUSC,NULL,NULL,NULL,NULL,0.00014569892473118278,0.0,0.01,0.014569892473118278,1,NULL,NULL,NULL
1514,NC__,NULL,NULL,NULL,NULL,0.0,0.0,0.01,0.0,1,NULL,NULL,NULL
1514,NC24,NULL,NULL,NULL,NULL,0.0,0.0,0.01,0.0,1,NULL,NULL,NULL
1514,SKIN,NULL,NULL,NULL,NULL,0.0,0.0,0.01,0.0,1,NULL,NULL,NULL
1514,SM24,NULL,NULL,NULL,NULL,0.0,0.0,0.01,0.0,1,NULL,NULL,NULL
1514,TCHR,NULL,NULL,NULL,NULL,0.00016236559139784946,0.0,0.01,0.016236559139784945,1,NULL,NULL,NULL
1514,TOT_MORT,NULL,NULL,NULL,NULL,0.0006015625000000001,0.0,0.01,0.06015625000000001,1,NULL,NULL,NULL
1515,NC24,NULL,NULL,NULL,NULL,0.0,0.0,0.01,0.0,1,NULL,NULL,NULL
1515,SM24,NULL,NULL,NULL,NULL,0.0,0.0,0.01,0.0,1,NULL,NULL,NULL
1516,NC__,NULL,NULL,NULL,NULL,0.0,0.0,0.0025,0.0,1,NULL,NULL,NULL
1516,NC24,NULL,NULL,NULL,NULL,0.0,0.0,0.01,0.0,1,NULL,NULL,NULL
1516,SKIN,NULL,NULL,NULL,NULL,0.0,0.0,0.0025,0.0,1,NULL,NULL,NULL
1516,SM24,NULL,NULL,NULL,NULL,0.0,0.0,0.01,0.0,1,NULL,NULL,NULL
1516,TCHR,NULL,NULL,NULL,NULL,0.0,0.0,0.0025,0.0,1,NULL,NULL,NULL
1517,MO24,NULL,NULL,NULL,NULL,0.00035625,0.0,0.01,0.035625000000000004,1,NULL,NULL,NULL
1517,NC__,NULL,NULL,NULL,NULL,0.0,0.0,0.01,0.0,1,NULL,NULL,NULL
1517,NC24,NULL,NULL,NULL,NULL,0.0,0.0,0.01,0.0,1,NULL,NULL,NULL
1517,SKIN,NULL,NULL,NULL,NULL,0.0,0.0,0.01,0.0,1,NULL,NULL,NULL
1517,SM24,NULL,NULL,NULL,NULL,0.0,0.0,0.01,0.0,1,NULL,NULL,NULL
1518,ANY24,NULL,NULL,NULL,NULL,0.0002578125,0.0,0.01,0.025781250000000002,1,NULL,NULL,NULL
1518,ANY120,NULL,NULL,NULL,NULL,0.0005,0.0,0.01,0.05,1,NULL,NULL,NULL
1518,AXIS,NULL,NULL,NULL,NULL,6.643920595533499e-05,0.0,0.01,0.006643920595533499,1,NULL,NULL,NULL
1518,ALL_BUT_MORT,NULL,NULL,NULL,NULL,0.0002218488649940263,0.0,0.01,0.022184886499402628,1,NULL,NULL,NULL
1518,BRN_,NULL,NULL,NULL,NULL,0.00012127791563275433,0.0,0.01,0.012127791563275434,1,NULL,NULL,NULL
1518,CRAN,NULL,NULL,NULL,NULL,0.00012127791563275433,0.0,0.01,0.012127791563275434,1,NULL,NULL,NULL
1518,DP24,NULL,NULL,NULL,NULL,3.935185185185185e-05,0.0,0.01,0.003935185185185185,1,NULL,NULL,NULL
1518,EDEM,NULL,NULL,NULL,NULL,0.00012127791563275433,0.0,0.01,0.012127791563275434,1,NULL,NULL,NULL
1518,LTRK,NULL,NULL,NULL,NULL,0.0,0.0,0.01,0.0,1,NULL,NULL,NULL
1518,MO24,NULL,NULL,NULL,NULL,0.00021875,0.0,0.01,0.021875,1,NULL,NULL,NULL
1518,MORT,NULL,NULL,NULL,NULL,0.00010185185185185186,0.0,0.01,0.010185185185185186,1,NULL,NULL,NULL
1518,MUSC,NULL,NULL,NULL,NULL,1.9230769230769234e-06,0.0,0.01,0.00019230769230769233,1,NULL,NULL,NULL
1518,NC__,NULL,NULL,NULL,NULL,0.0,0.0,0.01,0.0,1,NULL,NULL,NULL
1518,NC24,NULL,NULL,NULL,NULL,0.0,0.0,0.01,0.0,1,NULL,NULL,NULL
1518,SKIN,NULL,NULL,NULL,NULL,0.0,0.0,0.01,0.0,1,NULL,NULL,NULL
1518,SM24,NULL,NULL,NULL,NULL,0.0,0.0,0.01,0.0,1,NULL,NULL,NULL
1518,TOT_MORT,NULL,NULL,NULL,NULL,0.00032031249999999996,0.0,0.01,0.03203125,1,NULL,NULL,NULL
1519,NC24,NULL,NULL,NULL,NULL,0.0,0.0,0.01,0.0,1,NULL,NULL,NULL
1519,SM24,NULL,NULL,NULL,NULL,0.0,0.0,0.01,0.0,1,NULL,NULL,NULL
1520,NC__,NULL,NULL,NULL,NULL,0.0,0.0,0.001,0.0,1,NULL,NULL,NULL
1520,NC24,NULL,NULL,NULL,NULL,0.0,0.0,0.01,0.0,1,NULL,NULL,NULL
1520,SKIN,NULL,NULL,NULL,NULL,0.0,0.0,0.001,0.0,1,NULL,NULL,NULL
1520,SM24,NULL,NULL,NULL,NULL,0.0,0.0,0.01,0.0,1,NULL,NULL,NULL
1521,MUSC,NULL,NULL,NULL,NULL,0.0,0.0,0.005,0.0,1,NULL,NULL,NULL
1521,NC__,NULL,NULL,NULL,NULL,0.0,0.0,0.005,0.0,1,NULL,NULL,NULL
1521,NC24,NULL,NULL,NULL,NULL,0.0,0.0,0.01,0.0,1,NULL,NULL,NULL
1521,SKIN,NULL,NULL,NULL,NULL,0.0,0.0,0.005,0.0,1,NULL,NULL,NULL
1521,SM24,NULL,NULL,NULL,NULL,0.0,0.0,0.01,0.0,1,NULL,NULL,NULL
1521,TCHR,NULL,NULL,NULL,NULL,0.0,0.0,0.005,0.0,1,NULL,NULL,NULL
2677,ANY24,NULL,NULL,NULL,NULL,24998.430636,0.0,100000.0,0.24998430636000002,1,NULL,NULL,NULL
2677,ANY120,NULL,NULL,NULL,NULL,50015.770844,0.0,100000.0,0.50015770844,1,NULL,NULL,NULL
2677,AXIS,NULL,NULL,NULL,NULL,0.004241483870967741,0.0,100000.0,4.241483870967742e-08,1,NULL,NULL,NULL
2677,ALL_BUT_MORT,NULL,NULL,NULL,NULL,25822.99159496774,0.0,100000.0,0.2582299159496774,1,NULL,NULL,NULL
2677,BRN_,NULL,NULL,NULL,NULL,3333.2708701505376,0.0,100000.0,0.03333270870150538,1,NULL,NULL,NULL
2677,CRAN,NULL,NULL,NULL,NULL,6666.727536817204,0.0,100000.0,0.06666727536817205,1,NULL,NULL,NULL
2677,DP24,NULL,NULL,NULL,NULL,8063.86003316129,0.0,100000.0,0.0806386003316129,1,NULL,NULL,NULL
2677,EDEM,NULL,NULL,NULL,NULL,8333.337175892473,0.0,100000.0,0.08333337175892473,1,NULL,NULL,NULL
2677,LTRK,NULL,NULL,NULL,NULL,41665.8375488172,0.0,100000.0,0.41665837548817203,1,NULL,NULL,NULL
2677,MO24,NULL,NULL,NULL,NULL,1562.34399,0.0,100000.0,0.015623439900000001,1,NULL,NULL,NULL
2677,MUSC,NULL,NULL,NULL,NULL,1666.6363268172042,0.0,100000.0,0.016666363268172044,1,NULL,NULL,NULL
2677,NC__,NULL,NULL,NULL,NULL,0.00030774193548387097,0.0,100000.0,3.0774193548387097e-09,1,NULL,NULL,NULL
2677,NC24,NULL,NULL,NULL,NULL,19353.683571548387,0.0,100000.0,0.19353683571548386,1,NULL,NULL,NULL
2677,SKIN,NULL,NULL,NULL,NULL,29999.406096,0.0,100000.0,0.29999406096,1,NULL,NULL,NULL
2677,SM24,NULL,NULL,NULL,NULL,3225.484118709677,0.0,100000.0,0.032254841187096775,1,NULL,NULL,NULL
2678,ANY24,NULL,NULL,NULL,NULL,9375.86285,0.0,100000.0,0.0937586285,1,NULL,NULL,NULL
2678,ANY120,NULL,NULL,NULL,NULL,46884.855706,0.0,100000.0,0.46884855706,1,NULL,NULL,NULL
2678,AXIS,NULL,NULL,NULL,NULL,7502.1642309195195,0.0,100000.0,0.0750216423091952,1,NULL,NULL,NULL
2678,BRN_,NULL,NULL,NULL,NULL,2499.7948242665184,0.0,100000.0,0.024997948242665186,1,NULL,NULL,NULL
2678,CRAN,NULL,NULL,NULL,NULL,5000.495648639278,0.0,100000.0,0.05000495648639278,1,NULL,NULL,NULL
2678,DP24,NULL,NULL,NULL,NULL,3333.000242064516,0.0,100000.0,0.03333000242064516,1,NULL,NULL,NULL
2678,EDEM,NULL,NULL,NULL,NULL,15001.618176650014,0.0,100000.0,0.15001618176650014,1,NULL,NULL,NULL
2678,MO24,NULL,NULL,NULL,NULL,3125.737598,0.0,100000.0,0.03125737598,1,NULL,NULL,NULL
2678,MUSC,NULL,NULL,NULL,NULL,0.09470251820541342,0.0,100000.0,9.470251820541343e-07,1,NULL,NULL,NULL
2678,NC__,NULL,NULL,NULL,NULL,0.03246632688172043,0.0,100000.0,3.246632688172043e-07,1,NULL,NULL,NULL
2678,NC24,NULL,NULL,NULL,NULL,5000.274445612903,0.0,100000.0,0.05000274445612903,1,NULL,NULL,NULL
2678,SM24,NULL,NULL,NULL,NULL,0.0,0.0,100000.0,0.0,1,NULL,NULL,NULL
2678,TCHR,NULL,NULL,NULL,NULL,10000.987725641606,0.0,100000.0,0.10000987725641605,1,NULL,NULL,NULL
2679,ANY24,NULL,NULL,NULL,NULL,3.21751,0.0,100000.0,3.2175099999999996e-05,1,NULL,NULL,NULL
2679,DP24,NULL,NULL,NULL,NULL,1.08625,0.0,100000.0,1.08625e-05,1,NULL,NULL,NULL
2679,MO24,NULL,NULL,NULL,NULL,0.0012000000000000001,0.0,100000.0,1.2000000000000002e-08,1,NULL,NULL,NULL
2679,MUSC,NULL,NULL,NULL,NULL,1615.2707454193549,0.0,100000.0,0.01615270745419355,1,NULL,NULL,NULL
2679,NC__,NULL,NULL,NULL,NULL,0.0,0.0,100000.0,0.0,1,NULL,NULL,NULL
2679,NC24,NULL,NULL,NULL,NULL,2.13006,0.0,100000.0,2.1300599999999997e-05,1,NULL,NULL,NULL
2679,SM24,NULL,NULL,NULL,NULL,0.0,0.0,100000.0,0.0,1,NULL,NULL,NULL
2680,ANY24,NULL,NULL,NULL,NULL,6249.39444,0.0,100000.0,0.0624939444,1,NULL,NULL,NULL
2680,ANY120,NULL,NULL,NULL,NULL,40625.841354,0.0,100000.0,0.40625841354,1,NULL,NULL,NULL
2680,AXIS,NULL,NULL,NULL,NULL,12499.837582645161,0.0,100000.0,0.12499837582645161,1,NULL,NULL,NULL
2680,ALL_BUT_MORT,NULL,NULL,NULL,NULL,26563.931556,0.0,100000.0,0.26563931556,1,NULL,NULL,NULL
2680,DP24,NULL,NULL,NULL,NULL,4687.05069,0.0,100000.0,0.0468705069,1,NULL,NULL,NULL
2680,MO24,NULL,NULL,NULL,NULL,0.0,0.0,100000.0,0.0,1,NULL,NULL,NULL
2680,MUSC,NULL,NULL,NULL,NULL,7499.413099548387,0.0,100000.0,0.07499413099548387,1,NULL,NULL,NULL
2680,NC__,NULL,NULL,NULL,NULL,0.0,0.0,100000.0,0.0,1,NULL,NULL,NULL
2680,SM24,NULL,NULL,NULL,NULL,0.0,0.0,100000.0,0.0,1,NULL,NULL,NULL
2681,ANY120,NULL,NULL,NULL,NULL,26561.875768,0.0,100000.0,0.26561875768000004,1,NULL,NULL,NULL
2681,AXIS,NULL,NULL,NULL,NULL,11538.242425727049,0.0,100000.0,0.11538242425727048,1,NULL,NULL,NULL
2681,ALL_BUT_MORT,NULL,NULL,NULL,NULL,18332.50938045161,0.0,100000.0,0.18332509380451611,1,NULL,NULL,NULL
2681,BRN_,NULL,NULL,NULL,NULL,15383.23918165757,0.0,100000.0,0.15383239181657568,1,NULL,NULL,NULL
2681,CRAN,NULL,NULL,NULL,NULL,17306.123567364764,0.0,100000.0,0.17306123567364765,1,NULL,NULL,NULL
2681,EDEM,NULL,NULL,NULL,NULL,17306.15975059057,0.0,100000.0,0.1730615975059057,1,NULL,NULL,NULL
2681,LTRK,NULL,NULL,NULL,NULL,19229.81232674938,0.0,100000.0,0.1922981232674938,1,NULL,NULL,NULL
2681,MORT,NULL,NULL,NULL,NULL,6666.0000119999995,0.0,100000.0,0.06666000012,1,NULL,NULL,NULL
2681,MUSC,NULL,NULL,NULL,NULL,9614.591781439207,0.0,100000.0,0.09614591781439207,1,NULL,NULL,NULL
2681,NC24,NULL,NULL,NULL,NULL,0.0002995483870967742,0.0,100000.0,2.995483870967742e-09,1,NULL,NULL,NULL
2681,SM24,NULL,NULL,NULL,NULL,0.0,0.0,100000.0,0.0,1,NULL,NULL,NULL
2681,TCHR,NULL,NULL,NULL,NULL,0.16073032258064515,0.0,100000.0,1.6073032258064516e-06,1,NULL,NULL,NULL
2681,TOT_MORT,NULL,NULL,NULL,NULL,9375.11976,0.0,100000.0,0.0937511976,1,NULL,NULL,NULL
2682,ANY24,NULL,NULL,NULL,NULL,21874.34736,0.0,100000.0,0.2187434736,1,NULL,NULL,NULL
2682,ANY120,NULL,NULL,NULL,NULL,31249.227642,0.0,100000.0,0.31249227642,1,NULL,NULL,NULL
2682,AXIS,NULL,NULL,NULL,NULL,0.06167078341013825,0.0,100000.0,6.167078341013825e-07,1,NULL,NULL,NULL
2682,ALL_BUT_MORT,NULL,NULL,NULL,NULL,24136.386779959957,0.0,100000.0,0.24136386779959956,1,NULL,NULL,NULL
2682,BRN_,NULL,NULL,NULL,NULL,0.06167078341013825,0.0,100000.0,6.167078341013825e-07,1,NULL,NULL,NULL
2682,CRAN,NULL,NULL,NULL,NULL,3124.7491749124424,0.0,100000.0,0.031247491749124424,1,NULL,NULL,NULL
2682,EDEM,NULL,NULL,NULL,NULL,9374.124174912442,0.0,100000.0,0.09374124174912442,1,NULL,NULL,NULL
2682,LTRK,NULL,NULL,NULL,NULL,0.8616707834101383,0.0,100000.0,8.616707834101382e-06,1,NULL,NULL,NULL
2682,MO24,NULL,NULL,NULL,NULL,4687.782462,0.0,100000.0,0.04687782462,1,NULL,NULL,NULL
2682,MUSC,NULL,NULL,NULL,NULL,3124.7492203317975,0.0,100000.0,0.031247492203317975,1,NULL,NULL,NULL
2682,SKIN,NULL,NULL,NULL,NULL,0.0,0.0,100000.0,0.0,1,NULL,NULL,NULL
2682,SM24,NULL,NULL,NULL,NULL,0.00247741935483871,0.0,100000.0,2.47741935483871e-08,1,NULL,NULL,NULL
2682,TCHR,NULL,NULL,NULL,NULL,0.0,0.0,100000.0,0.0,1,NULL,NULL,NULL
2682,TOT_MORT,NULL,NULL,NULL,NULL,24999.0111,0.0,100000.0,0.249990111,1,NULL,NULL,NULL
2695,AXIS,NULL,NULL,NULL,NULL,893.1791013875738,0.0,100000.0,0.008931791013875739,1,NULL,NULL,NULL
2695,BRN_,NULL,NULL,NULL,NULL,1786.0035878259512,0.0,100000.0,0.01786003587825951,1,NULL,NULL,NULL
2695,MUSC,NULL,NULL,NULL,NULL,893.2211460593767,0.0,100000.0,0.008932211460593767,1,NULL,NULL,NULL
2695,NC__,NULL,NULL,NULL,NULL,0.0072491155069956716,0.0,100000.0,7.249115506995672e-08,1,NULL,NULL,NULL
2695,SKIN,NULL,NULL,NULL,NULL,19642.649073036264,0.0,100000.0,0.19642649073036264,1,NULL,NULL,NULL
2695,TCHR,NULL,NULL,NULL,NULL,0.23714674469855182,0.0,100000.0,2.371467446985518e-06,1,NULL,NULL,NULL
2696,MO24,NULL,NULL,NULL,NULL,6251.212924,0.0,100000.0,0.06251212924,1,NULL,NULL,NULL
2696,MUSC,NULL,NULL,NULL,NULL,33330.97497051612,0.0,100000.0,0.33330974970516125,1,NULL,NULL,NULL
2696,NC__,NULL,NULL,NULL,NULL,1.9224774193548388,0.0,100000.0,1.922477419354839e-05,1,NULL,NULL,NULL
2697,ANY24,NULL,NULL,NULL,NULL,3128.71361,0.0,100000.0,0.031287136099999995,1,NULL,NULL,NULL
2697,DP24,NULL,NULL,NULL,NULL,0.006050064516129033,0.0,100000.0,6.050064516129032e-08,1,NULL,NULL,NULL
2697,MO24,NULL,NULL,NULL,NULL,1563.873762,0.0,100000.0,0.01563873762,1,NULL,NULL,NULL
2697,MORT,NULL,NULL,NULL,NULL,30642.133792,0.0,100000.0,0.30642133792,1,NULL,NULL,NULL
2697,MUSC,NULL,NULL,NULL,NULL,20835.73280884301,0.0,100000.0,0.2083573280884301,1,NULL,NULL,NULL
2697,NC__,NULL,NULL,NULL,NULL,0.006193548387096774,0.0,100000.0,6.193548387096774e-08,1,NULL,NULL,NULL
2697,SM24,NULL,NULL,NULL,NULL,0.0,0.0,100000.0,0.0,1,NULL,NULL,NULL
2697,TOT_MORT,NULL,NULL,NULL,NULL,31248.441062,0.0,100000.0,0.31248441062000004,1,NULL,NULL,NULL
2698,ANY120,NULL,NULL,NULL,NULL,45313.732000129035,0.0,100000.0,0.45313732000129037,1,NULL,NULL,NULL
2698,AXIS,NULL,NULL,NULL,NULL,13333.810951359386,0.0,100000.0,0.13333810951359387,1,NULL,NULL,NULL
2698,ALL_BUT_MORT,NULL,NULL,NULL,NULL,21428.49770939505,0.0,100000.0,0.2142849770939505,1,NULL,NULL,NULL
2698,BRN_,NULL,NULL,NULL,NULL,13333.784293777777,0.0,100000.0,0.13333784293777776,1,NULL,NULL,NULL
2698,DP24,NULL,NULL,NULL,NULL,0.0063999999999999994,0.0,100000.0,6.399999999999999e-08,1,NULL,NULL,NULL
2698,LTRK,NULL,NULL,NULL,NULL,13333.784293777777,0.0,100000.0,0.13333784293777776,1,NULL,NULL,NULL
2698,NC__,NULL,NULL,NULL,NULL,0.0,0.0,100000.0,0.0,1,NULL,NULL,NULL
2698,NC24,NULL,NULL,NULL,NULL,0.000247741935483871,0.0,100000.0,2.4774193548387097e-09,1,NULL,NULL,NULL
2698,SKIN,NULL,NULL,NULL,NULL,1e-05,0.0,100000.0,1e-10,1,NULL,NULL,NULL
2698,SM24,NULL,NULL,NULL,NULL,0.0,0.0,100000.0,0.0,1,NULL,NULL,NULL
2698,TCHR,NULL,NULL,NULL,NULL,0.03955358160919541,0.0,100000.0,3.955358160919541e-07,1,NULL,NULL,NULL
2699,ANY24,NULL,NULL,NULL,NULL,6251.077496,0.0,100000.0,0.06251077496,1,NULL,NULL,NULL
2699,ANY120,NULL,NULL,NULL,NULL,40624.328464,0.0,100000.0,0.40624328464,1,NULL,NULL,NULL
2699,AXIS,NULL,NULL,NULL,NULL,21998.580418064517,0.0,100000.0,0.21998580418064517,1,NULL,NULL,NULL
2699,ALL_BUT_MORT,NULL,NULL,NULL,NULL,35483.02783941936,0.0,100000.0,0.35483027839419357,1,NULL,NULL,NULL
2699,BRN_,NULL,NULL,NULL,NULL,19998.780418064514,0.0,100000.0,0.19998780418064516,1,NULL,NULL,NULL
2699,DP24,NULL,NULL,NULL,NULL,3226.4101492258064,0.0,100000.0,0.032264101492258064,1,NULL,NULL,NULL
2699,EDEM,NULL,NULL,NULL,NULL,29999.358854709677,0.0,100000.0,0.2999935885470968,1,NULL,NULL,NULL
2699,LTRK,NULL,NULL,NULL,NULL,31997.624426589544,0.0,100000.0,0.31997624426589544,1,NULL,NULL,NULL
2699,MO24,NULL,NULL,NULL,NULL,1563.094952,0.0,100000.0,0.01563094952,1,NULL,NULL,NULL
2699,MORT,NULL,NULL,NULL,NULL,9676.61038832258,0.0,100000.0,0.0967661038832258,1,NULL,NULL,NULL
2699,MUSC,NULL,NULL,NULL,NULL,9999.930397686318,0.0,100000.0,0.09999930397686317,1,NULL,NULL,NULL
2699,NC__,NULL,NULL,NULL,NULL,1999.8075383314795,0.0,100000.0,0.019998075383314794,1,NULL,NULL,NULL
2699,NC24,NULL,NULL,NULL,NULL,1612.7912221935483,0.0,100000.0,0.01612791222193548,1,NULL,NULL,NULL
2699,SM24,NULL,NULL,NULL,NULL,0.0,0.0,100000.0,0.0,1,NULL,NULL,NULL
2699,TCHR,NULL,NULL,NULL,NULL,2000.574224516129,0.0,100000.0,0.02000574224516129,1,NULL,NULL,NULL
2699,TOT_MORT,NULL,NULL,NULL,NULL,10937.31615,0.0,100000.0,0.10937316150000001,1,NULL,NULL,NULL
2700,ANY24,NULL,NULL,NULL,NULL,10937.203348,0.0,100000.0,0.10937203347999999,1,NULL,NULL,NULL
2700,ANY120,NULL,NULL,NULL,NULL,34374.674026,0.0,100000.0,0.34374674026,1,NULL,NULL,NULL
2700,AXIS,NULL,NULL,NULL,NULL,1.6047279621802002,0.0,100000.0,1.6047279621802e-05,1,NULL,NULL,NULL
2700,ALL_BUT_MORT,NULL,NULL,NULL,NULL,16129.706433906562,0.0,100000.0,0.16129706433906563,1,NULL,NULL,NULL
2700,BRN_,NULL,NULL,NULL,NULL,9999.80477916218,0.0,100000.0,0.09999804779162179,1,NULL,NULL,NULL
2700,CRAN,NULL,NULL,NULL,NULL,13332.83677916218,0.0,100000.0,0.1333283677916218,1,NULL,NULL,NULL
2700,EDEM,NULL,NULL,NULL,NULL,16665.83677916218,0.0,100000.0,0.1666583677916218,1,NULL,NULL,NULL
2700,LTRK,NULL,NULL,NULL,NULL,9999.80610330011,0.0,100000.0,0.0999980610330011,1,NULL,NULL,NULL
2700,MO24,NULL,NULL,NULL,NULL,1562.389638,0.0,100000.0,0.01562389638,1,NULL,NULL,NULL
2700,MUSC,NULL,NULL,NULL,NULL,9999.838103300111,0.0,100000.0,0.09999838103300111,1,NULL,NULL,NULL
2700,NC__,NULL,NULL,NULL,NULL,0.0013241379310344828,0.0,100000.0,1.3241379310344828e-08,1,NULL,NULL,NULL
2700,NC24,NULL,NULL,NULL,NULL,1612.741945483871,0.0,100000.0,0.01612741945483871,1,NULL,NULL,NULL
2700,SKIN,NULL,NULL,NULL,NULL,0.0,0.0,100000.0,0.0,1,NULL,NULL,NULL
2700,TCHR,NULL,NULL,NULL,NULL,0.0,0.0,100000.0,0.0,1,NULL,NULL,NULL
2700,TOT_MORT,NULL,NULL,NULL,NULL,26561.419696,0.0,100000.0,0.26561419696,1,NULL,NULL,NULL
3322,AXIS,NULL,NULL,NULL,NULL,134.6213054187192,0.0,7500.0,0.01794950738916256,1,NULL,NULL,NULL
3322,ALL_BUT_MORT,NULL,NULL,NULL,NULL,442.3308737580362,0.0,7500.0,0.058977449834404824,1,NULL,NULL,NULL
3322,BRN_,NULL,NULL,NULL,NULL,165.64039408866995,0.0,7500.0,0.022085385878489325,1,NULL,NULL,NULL
3322,CRAN,NULL,NULL,NULL,NULL,43.103448275862064,0.0,7500.0,0.005747126436781608,1,NULL,NULL,NULL
3322,DP24,NULL,NULL,NULL,NULL,131.81862458601208,0.0,7500.0,0.017575816611468276,1,NULL,NULL,NULL
3322,EDEM,NULL,NULL,NULL,NULL,234.60591133004925,0.0,7500.0,0.031280788177339904,1,NULL,NULL,NULL
3322,LTRK,NULL,NULL,NULL,NULL,68.96551724137932,0.0,7500.0,0.009195402298850576,1,NULL,NULL,NULL
3322,MUSC,NULL,NULL,NULL,NULL,0.0,0.0,7500.0,0.0,1,NULL,NULL,NULL
3322,NC__,NULL,NULL,NULL,NULL,0.0,0.0,7500.0,0.0,1,NULL,NULL,NULL
3322,NC24,NULL,NULL,NULL,NULL,0.0,0.0,7500.0,0.0,1,NULL,NULL,NULL
3322,SKIN,NULL,NULL,NULL,NULL,0.0,0.0,7500.0,0.0,1,NULL,NULL,NULL
3322,SM24,NULL,NULL,NULL,NULL,0.0,0.0,7500.0,0.0,1,NULL,NULL,NULL
3322,TCHR,NULL,NULL,NULL,NULL,86.20689655172413,0.0,7500.0,0.011494252873563216,1,NULL,NULL,NULL
3324,MO24,NULL,NULL,NULL,NULL,917.96875,0.0,7500.0,0.12239583333333333,1,NULL,NULL,NULL
3324,SKIN,NULL,NULL,NULL,NULL,0.0,0.0,7500.0,0.0,1,NULL,NULL,NULL
3324,SM24,NULL,NULL,NULL,NULL,0.0,0.0,7500.0,0.0,1,NULL,NULL,NULL
3324,TCHR,NULL,NULL,NULL,NULL,141.005291005291,0.0,7500.0,0.018800705467372135,1,NULL,NULL,NULL
3325,ANY24,NULL,NULL,NULL,NULL,1072.7926587301588,0.0,7500.0,0.14303902116402117,1,NULL,NULL,NULL
3325,ANY120,NULL,NULL,NULL,NULL,1257.3164682539682,0.0,7500.0,0.16764219576719577,1,NULL,NULL,NULL
3325,ALL_BUT_MORT,NULL,NULL,NULL,NULL,361.8077324973877,0.0,7500.0,0.04824103099965169,1,NULL,NULL,NULL
3325,BRN_,NULL,NULL,NULL,NULL,0.0,0.0,7500.0,0.0,1,NULL,NULL,NULL
3325,CRAN,NULL,NULL,NULL,NULL,0.0,0.0,7500.0,0.0,1,NULL,NULL,NULL
3325,DP24,NULL,NULL,NULL,NULL,190.9323116219668,0.0,7500.0,0.025457641549595574,1,NULL,NULL,NULL
3325,EDEM,NULL,NULL,NULL,NULL,0.0,0.0,7500.0,0.0,1,NULL,NULL,NULL
3325,LTRK,NULL,NULL,NULL,NULL,0.0,0.0,7500.0,0.0,1,NULL,NULL,NULL
3325,MO24,NULL,NULL,NULL,NULL,900.9176587301588,0.0,7500.0,0.1201223544973545,1,NULL,NULL,NULL
3325,MORT,NULL,NULL,NULL,NULL,150.1799605247881,0.0,7500.0,0.020023994736638413,1,NULL,NULL,NULL
3325,MUSC,NULL,NULL,NULL,NULL,0.0,0.0,7500.0,0.0,1,NULL,NULL,NULL
3325,NC__,NULL,NULL,NULL,NULL,0.0,0.0,7500.0,0.0,1,NULL,NULL,NULL
3325,NC24,NULL,NULL,NULL,NULL,0.0,0.0,7500.0,0.0,1,NULL,NULL,NULL
3325,SKIN,NULL,NULL,NULL,NULL,0.0,0.0,7500.0,0.0,1,NULL,NULL,NULL
3325,SM24,NULL,NULL,NULL,NULL,0.0,0.0,7500.0,0.0,1,NULL,NULL,NULL
3325,TCHR,NULL,NULL,NULL,NULL,0.0,0.0,7500.0,0.0,1,NULL,NULL,NULL
3325,TOT_MORT,NULL,NULL,NULL,NULL,1034.3501984126983,0.0,7500.0,0.13791335978835978,1,NULL,NULL,NULL
3326,ANY24,NULL,NULL,NULL,NULL,355.46875,0.0,7500.0,0.04739583333333333,1,NULL,NULL,NULL
3326,ANY120,NULL,NULL,NULL,NULL,531.25,0.0,7500.0,0.07083333333333333,1,NULL,NULL,NULL
3326,AXIS,NULL,NULL,NULL,NULL,106.12398718673451,0.0,7500.0,0.014149864958231268,1,NULL,NULL,NULL
3326,ALL_BUT_MORT,NULL,NULL,NULL,NULL,103.28750220341969,0.0,7500.0,0.01377166696045596,1,NULL,NULL,NULL
3326,BRN_,NULL,NULL,NULL,NULL,85.63218390804599,0.0,7500.0,0.011417624521072799,1,NULL,NULL,NULL
3326,CRAN,NULL,NULL,NULL,NULL,85.63218390804599,0.0,7500.0,0.011417624521072799,1,NULL,NULL,NULL
3326,DP24,NULL,NULL,NULL,NULL,0.0,0.0,7500.0,0.0,1,NULL,NULL,NULL
3326,EDEM,NULL,NULL,NULL,NULL,85.63218390804599,0.0,7500.0,0.011417624521072799,1,NULL,NULL,NULL
3326,LTRK,NULL,NULL,NULL,NULL,106.12398718673451,0.0,7500.0,0.014149864958231268,1,NULL,NULL,NULL
3326,MO24,NULL,NULL,NULL,NULL,355.46875,0.0,7500.0,0.04739583333333333,1,NULL,NULL,NULL
3326,MORT,NULL,NULL,NULL,NULL,82.79569892473117,0.0,7500.0,0.011039426523297488,1,NULL,NULL,NULL
3326,MUSC,NULL,NULL,NULL,NULL,0.0,0.0,7500.0,0.0,1,NULL,NULL,NULL
3326,NC__,NULL,NULL,NULL,NULL,0.0,0.0,7500.0,0.0,1,NULL,NULL,NULL
3326,NC24,NULL,NULL,NULL,NULL,0.0,0.0,7500.0,0.0,1,NULL,NULL,NULL
3326,SKIN,NULL,NULL,NULL,NULL,0.0,0.0,7500.0,0.0,1,NULL,NULL,NULL
3326,SM24,NULL,NULL,NULL,NULL,0.0,0.0,7500.0,0.0,1,NULL,NULL,NULL
3326,TCHR,NULL,NULL,NULL,NULL,16.666666666666668,0.0,7500.0,0.0022222222222222222,1,NULL,NULL,NULL
3326,TOT_MORT,NULL,NULL,NULL,NULL,433.59375,0.0,7500.0,0.0578125,1,NULL,NULL,NULL
3328,ANY24,NULL,NULL,NULL,NULL,562.5,0.0,7500.0,0.075,1,NULL,NULL,NULL
3328,ANY120,NULL,NULL,NULL,NULL,796.875,0.0,7500.0,0.10625,1,NULL,NULL,NULL
3328,MO24,NULL,NULL,NULL,NULL,425.78125,0.0,7500.0,0.05677083333333333,1,NULL,NULL,NULL
3328,MUSC,NULL,NULL,NULL,NULL,0.0,0.0,7500.0,0.0,1,NULL,NULL,NULL
3328,NC__,NULL,NULL,NULL,NULL,0.0,0.0,7500.0,0.0,1,NULL,NULL,NULL
3328,SKIN,NULL,NULL,NULL,NULL,0.0,0.0,7500.0,0.0,1,NULL,NULL,NULL
3328,SM24,NULL,NULL,NULL,NULL,0.0,0.0,7500.0,0.0,1,NULL,NULL,NULL
3328,TOT_MORT,NULL,NULL,NULL,NULL,582.03125,0.0,7500.0,0.07760416666666667,1,NULL,NULL,NULL
3329,ANY120,NULL,NULL,NULL,NULL,355.46875,0.0,7500.0,0.04739583333333333,1,NULL,NULL,NULL
3329,AXIS,NULL,NULL,NULL,NULL,58.33333333333333,0.0,7500.0,0.0077777777777777776,1,NULL,NULL,NULL
3329,ALL_BUT_MORT,NULL,NULL,NULL,NULL,94.80874316939891,0.0,7500.0,0.012641165755919854,1,NULL,NULL,NULL
3329,EDEM,NULL,NULL,NULL,NULL,58.33333333333333,0.0,7500.0,0.0077777777777777776,1,NULL,NULL,NULL
3329,MO24,NULL,NULL,NULL,NULL,246.09375,0.0,7500.0,0.0328125,1,NULL,NULL,NULL
3329,MUSC,NULL,NULL,NULL,NULL,0.0,0.0,7500.0,0.0,1,NULL,NULL,NULL
3329,NC__,NULL,NULL,NULL,NULL,0.0,0.0,7500.0,0.0,1,NULL,NULL,NULL
3329,NC24,NULL,NULL,NULL,NULL,0.0,0.0,7500.0,0.0,1,NULL,NULL,NULL
3329,SKIN,NULL,NULL,NULL,NULL,0.0,0.0,7500.0,0.0,1,NULL,NULL,NULL
3329,SM24,NULL,NULL,NULL,NULL,0.0,0.0,7500.0,0.0,1,NULL,NULL,NULL
3330,MORT,NULL,NULL,NULL,NULL,101.5625,0.0,7500.0,0.013541666666666667,1,NULL,NULL,NULL
3330,NC__,NULL,NULL,NULL,NULL,0.0,0.0,7500.0,0.0,1,NULL,NULL,NULL
3330,NC24,NULL,NULL,NULL,NULL,0.0,0.0,7500.0,0.0,1,NULL,NULL,NULL
3330,SKIN,NULL,NULL,NULL,NULL,0.0,0.0,7500.0,0.0,1,NULL,NULL,NULL
3330,SM24,NULL,NULL,NULL,NULL,0.0,0.0,7500.0,0.0,1,NULL,NULL,NULL
3331,ANY24,NULL,NULL,NULL,NULL,183.59375,0.0,7500.0,0.024479166666666666,1,NULL,NULL,NULL
3331,ANY120,NULL,NULL,NULL,NULL,203.125,0.0,7500.0,0.027083333333333334,1,NULL,NULL,NULL
3331,AXIS,NULL,NULL,NULL,NULL,0.0,0.0,7500.0,0.0,1,NULL,NULL,NULL
3331,ALL_BUT_MORT,NULL,NULL,NULL,NULL,57.563959955506114,0.0,7500.0,0.007675194660734149,1,NULL,NULL,NULL
3331,BRN_,NULL,NULL,NULL,NULL,0.0,0.0,7500.0,0.0,1,NULL,NULL,NULL
3331,CRAN,NULL,NULL,NULL,NULL,0.0,0.0,7500.0,0.0,1,NULL,NULL,NULL
3331,DP24,NULL,NULL,NULL,NULL,37.402669632925466,0.0,7500.0,0.004987022617723396,1,NULL,NULL,NULL
3331,LTRK,NULL,NULL,NULL,NULL,0.0,0.0,7500.0,0.0,1,NULL,NULL,NULL
3331,MO24,NULL,NULL,NULL,NULL,148.4375,0.0,7500.0,0.019791666666666666,1,NULL,NULL,NULL
3331,MORT,NULL,NULL,NULL,NULL,37.402669632925466,0.0,7500.0,0.004987022617723396,1,NULL,NULL,NULL
3331,MUSC,NULL,NULL,NULL,NULL,0.0,0.0,7500.0,0.0,1,NULL,NULL,NULL
3331,NC__,NULL,NULL,NULL,NULL,0.0,0.0,7500.0,0.0,1,NULL,NULL,NULL
3331,NC24,NULL,NULL,NULL,NULL,0.0,0.0,7500.0,0.0,1,NULL,NULL,NULL
3331,SKIN,NULL,NULL,NULL,NULL,0.0,0.0,7500.0,0.0,1,NULL,NULL,NULL
3331,SM24,NULL,NULL,NULL,NULL,0.0,0.0,7500.0,0.0,1,NULL,NULL,NULL
3331,TCHR,NULL,NULL,NULL,NULL,0.0,0.0,7500.0,0.0,1,NULL,NULL,NULL
3331,TOT_MORT,NULL,NULL,NULL,NULL,183.59375,0.0,7500.0,0.024479166666666666,1,NULL,NULL,NULL
3332,ANY24,NULL,NULL,NULL,NULL,187.5,0.0,7500.0,0.025,1,NULL,NULL,NULL
3332,ANY120,NULL,NULL,NULL,NULL,343.75,0.0,7500.0,0.04583333333333333,1,NULL,NULL,NULL
3332,AXIS,NULL,NULL,NULL,NULL,16.666666666666668,0.0,7500.0,0.0022222222222222222,1,NULL,NULL,NULL
3332,BRN_,NULL,NULL,NULL,NULL,0.0,0.0,7500.0,0.0,1,NULL,NULL,NULL
3332,DP24,NULL,NULL,NULL,NULL,0.0,0.0,7500.0,0.0,1,NULL,NULL,NULL
3332,LTRK,NULL,NULL,NULL,NULL,57.650273224043715,0.0,7500.0,0.007686703096539162,1,NULL,NULL,NULL
3332,MO24,NULL,NULL,NULL,NULL,187.5,0.0,7500.0,0.025,1,NULL,NULL,NULL
3332,MUSC,NULL,NULL,NULL,NULL,0.0,0.0,7500.0,0.0,1,NULL,NULL,NULL
3332,NC__,NULL,NULL,NULL,NULL,0.0,0.0,7500.0,0.0,1,NULL,NULL,NULL
3332,NC24,NULL,NULL,NULL,NULL,0.0,0.0,7500.0,0.0,1,NULL,NULL,NULL
3332,SKIN,NULL,NULL,NULL,NULL,0.0,0.0,7500.0,0.0,1,NULL,NULL,NULL
3332,SM24,NULL,NULL,NULL,NULL,0.0,0.0,7500.0,0.0,1,NULL,NULL,NULL
3332,TCHR,NULL,NULL,NULL,NULL,0.0,0.0,7500.0,0.0,1,NULL,NULL,NULL
3332,TOT_MORT,NULL,NULL,NULL,NULL,269.53125,0.0,7500.0,0.0359375,1,NULL,NULL,NULL
3334,ANY24,NULL,NULL,NULL,NULL,324.21875,0.0,7500.0,0.043229166666666666,1,NULL,NULL,NULL
3334,ANY120,NULL,NULL,NULL,NULL,597.65625,0.0,7500.0,0.0796875,1,NULL,NULL,NULL
3334,AXIS,NULL,NULL,NULL,NULL,147.8494623655914,0.0,7500.0,0.01971326164874552,1,NULL,NULL,NULL
3334,ALL_BUT_MORT,NULL,NULL,NULL,NULL,232.5268817204301,0.0,7500.0,0.03100358422939068,1,NULL,NULL,NULL
3334,BRN_,NULL,NULL,NULL,NULL,129.03225806451613,0.0,7500.0,0.017204301075268817,1,NULL,NULL,NULL
3334,CRAN,NULL,NULL,NULL,NULL,64.51612903225806,0.0,7500.0,0.008602150537634409,1,NULL,NULL,NULL
3334,EDEM,NULL,NULL,NULL,NULL,129.03225806451613,0.0,7500.0,0.017204301075268817,1,NULL,NULL,NULL
3334,LTRK,NULL,NULL,NULL,NULL,147.8494623655914,0.0,7500.0,0.01971326164874552,1,NULL,NULL,NULL
3334,MO24,NULL,NULL,NULL,NULL,304.6875,0.0,7500.0,0.040625,1,NULL,NULL,NULL
3334,MORT,NULL,NULL,NULL,NULL,94.96662958843159,0.0,7500.0,0.012662217278457545,1,NULL,NULL,NULL
3334,MUSC,NULL,NULL,NULL,NULL,0.0,0.0,7500.0,0.0,1,NULL,NULL,NULL
3334,NC__,NULL,NULL,NULL,NULL,0.0,0.0,7500.0,0.0,1,NULL,NULL,NULL
3334,NC24,NULL,NULL,NULL,NULL,0.0,0.0,7500.0,0.0,1,NULL,NULL,NULL
3334,SKIN,NULL,NULL,NULL,NULL,0.0,0.0,7500.0,0.0,1,NULL,NULL,NULL
3334,SM24,NULL,NULL,NULL,NULL,0.0,0.0,7500.0,0.0,1,NULL,NULL,NULL
3334,TCHR,NULL,NULL,NULL,NULL,64.51612903225806,0.0,7500.0,0.008602150537634409,1,NULL,NULL,NULL
3334,TOT_MORT,NULL,NULL,NULL,NULL,394.53125,0.0,7500.0,0.05260416666666667,1,NULL,NULL,NULL
101,ANY24,logistic,0.011,0.007,0.021,0.0006796875,0.0,0.01,0.06796875,3,0,1,1
102,ANY24,probit,0.002,0.001,0.005,0.004824999999999999,0.0,0.01,0.48249999999999993,3,0,0,0
102,DP24,probit,0.002,0.002,0.006,0.004240983398322108,0.0,0.01,0.4240983398322108,3,0,0,0
102,LTRK,probit,0.001,0.0,0.002,0.00015593611638203665,0.0,0.001,0.15593611638203664,3,0,0,1
102,MORT,log_logistic,0.001,NULL,0.001,0.008791935483870968,0.0,0.01,0.8791935483870968,3,0,0,0
102,TOT_MORT,logistic,0.0,NULL,0.001,0.00883125,0.0,0.01,0.883125,3,0,-1,0
103,ANY120,log_logistic,0.002,NULL,0.002,0.007384375,0.0,0.01,0.7384375,3,0,0,0
103,AXIS,gamma,0.005,0.004,0.008,0.0025,0.0,0.01,0.25,3,0,0,0
103,BRN_,logistic,0.002,0.002,0.003,0.0065541666666666665,0.0,0.01,0.6554166666666666,3,0,0,0
103,CRAN,logistic,0.002,0.002,0.003,0.0066875,0.0,0.01,0.66875,3,0,0,0
103,DP24,logistic,0.01,0.008,0.014,0.0003671875,0.0,0.01,0.03671875,3,0,0,1
103,EDEM,logistic,0.002,0.002,0.003,0.006820833333333333,0.0,0.01,0.6820833333333333,3,0,0,0
103,LTRK,log_logistic,0.002,0.001,0.005,0.003966666666666667,0.0,0.01,0.39666666666666667,3,2,0,0
103,TCHR,gamma,0.005,0.004,0.012,0.001125,0.0,0.01,0.11249999999999999,3,0,0,1
792,MORT,gamma,0.15,0.04,3.862,5.14233150921659,0.0,10.0,0.514233150921659,3,0,0,0
792,TOT_MORT,quantal_linear,0.688,0.501,4.524,5.471875,0.0,10.0,0.5471874999999999,3,2,0,0
793,ANY120,log_logistic,0.966,0.728,1.302,8.8078125,0.0,10.0,0.8807812500000001,3,2,0,0
793,MORT,logistic,0.833,0.622,2.088,6.08963373655914,0.0,10.0,0.608963373655914,3,0,0,0
793,NC__,logistic,0.898,0.727,1.232,0.6076388888888888,0.0,2.0,0.3038194444444444,3,0,0,0
793,TOT_MORT,logistic,0.7,0.545,1.759,6.5171875,0.0,10.0,0.65171875,3,0,0,0
794,ANY120,log_logistic,0.406,0.303,0.586,9.5015625,0.0,10.0,0.95015625,3,0,0,0
794,LTRK,quantal_linear,1.039,0.539,6.836,0.22282608695652176,0.0,2.0,0.11141304347826088,3,0,0,1
794,MORT,log_logistic,0.57,0.285,1.804,7.4878125,0.0,10.0,0.7487812500000001,3,0,0,0
794,TOT_MORT,log_logistic,0.523,0.232,1.788,7.5328125,0.0,10.0,0.75328125,3,0,0,0
795,ANY120,logistic,0.553,0.447,1.33,7.2609375,0.0,10.0,0.72609375,3,0,0,0
795,MORT,logistic,0.723,0.581,1.497,6.878108198924731,0.0,10.0,0.6878108198924731,3,0,0,0
795,TOT_MORT,logistic,0.666,0.538,1.399,7.171875,0.0,10.0,0.7171875,3,0,0,0
796,ANY120,log_logistic,0.81,NULL,0.938,9.1203125,0.0,10.0,0.9120312500000001,3,0,0,0
796,AXIS,log_logistic,0.642,0.498,0.993,0.9142883627310768,0.0,2.0,0.4571441813655384,3,0,0,0
796,MORT,log_logistic,1.213,0.905,2.751,5.296979166666667,0.0,10.0,0.5296979166666667,3,0,0,0
796,NC__,logistic,0.893,NULL,0.948,1.043103448275862,0.0,2.0,0.521551724137931,3,0,0,0
796,TOT_MORT,log_probit,1.234,NULL,2.87,5.51875,0.0,10.0,0.551875,3,0,0,0
1037,ANY120,log_logistic,0.003,0.002,0.005,0.005332812500000001,0.0,0.01,0.53328125,3,0,0,0
1037,AXIS,quantal_linear,0.008,0.004,0.05,0.0006374327956989247,0.0,0.01,0.06374327956989247,3,0,0,1
1037,ALL_BUT_MORT,log_probit,0.003,0.002,0.005,0.004937158006759647,0.0,0.01,0.4937158006759647,3,0,0,0
1037,CRAN,logistic,0.005,0.004,0.007,0.002467789938556068,0.0,0.01,0.2467789938556068,3,0,0,0
1037,DP24,quantal_linear,0.003,0.002,0.02,0.001835371031915804,0.0,0.01,0.1835371031915804,3,0,0,1
1037,EDEM,log_logistic,0.005,0.004,0.007,0.0030423732718894013,0.0,0.01,0.30423732718894014,3,0,0,0
1037,LTRK,log_probit,0.003,0.003,0.008,0.002584389400921659,0.0,0.01,0.2584389400921659,3,0,0,0
1037,MUSC,logistic,0.009,0.007,0.015,0.0005719566052227342,0.0,0.01,0.05719566052227342,3,0,0,1
1038,BRN_,quantal_linear,0.009,0.005,0.062,0.000556703629032258,0.0,0.01,0.0556703629032258,3,0,0,1
1515,ANY24,quantal_linear,0.0,0.0,0.003,0.006128125,0.0,0.01,0.6128125,3,0,-1,0
1515,ANY120,log_logistic,0.0,NULL,0.0,0.009578125,0.0,0.01,0.9578125,3,0,-1,-1
1515,ALL_BUT_MORT,logistic,0.001,0.001,0.003,0.0056745931920846445,0.0,0.01,0.5674593192084645,3,0,0,0
1515,DP24,quantal_linear,0.001,0.0,0.004,0.005523838881739817,0.0,0.01,0.5523838881739817,3,0,0,0
1515,MO24,quantal_linear,0.002,0.001,0.013,0.002184375,0.0,0.01,0.2184375,3,0,0,1
1516,DP24,logistic,0.007,0.006,0.01,0.0011322244623655914,0.0,0.01,0.11322244623655914,3,0,0,0
1516,MORT,gamma,0.002,0.001,0.003,0.00642641129032258,0.0,0.01,0.642641129032258,3,0,0,0
1516,TOT_MORT,gamma,0.002,0.001,0.003,0.006475,0.0,0.01,0.6475,3,2,0,0
1517,ANY120,log_logistic,0.002,NULL,0.003,0.0070640625,0.0,0.01,0.70640625,3,0,0,0
1517,BRN_,logistic,0.002,0.002,0.003,0.00619,0.0,0.01,0.619,3,0,0,0
1517,EDEM,logistic,0.002,0.002,0.003,0.00619,0.0,0.01,0.619,3,0,0,0
1517,LTRK,log_logistic,0.002,0.001,0.005,0.0042196875,0.0,0.01,0.42196875,3,0,0,0
1517,MUSC,logistic,0.006,0.005,0.009,0.0014868750000000001,0.0,0.01,0.1486875,3,0,0,0
1519,ANY24,gamma,0.001,0.0,0.002,0.008103125,0.0,0.01,0.8103124999999999,3,0,0,0
1519,ANY120,log_logistic,0.0,NULL,0.0,0.009765625,0.0,0.01,0.9765625,3,0,-1,-1
1519,ALL_BUT_MORT,gamma,0.0,NULL,0.0,0.008195833333333333,0.0,0.01,0.8195833333333332,3,2,-1,-1
1519,DP24,gamma,0.001,0.0,0.002,0.007883333333333332,0.0,0.01,0.7883333333333332,3,0,0,0
1520,ANY24,probit,0.002,0.002,0.005,0.004359375,0.0,0.01,0.43593750000000003,3,0,0,0
1520,DP24,gamma,0.003,0.002,0.005,0.004122125723738627,0.0,0.01,0.4122125723738627,3,0,0,0
1520,MORT,logistic,0.001,NULL,0.002,0.007823655913978496,0.0,0.01,0.7823655913978496,3,0,0,0
1520,TOT_MORT,gamma,0.001,NULL,0.002,0.007890625,0.0,0.01,0.7890625,3,0,0,0
1521,ANY24,logistic,0.004,0.003,0.007,0.0026546875000000004,0.0,0.01,0.26546875000000003,3,0,0,0
1521,ANY120,gamma,0.001,NULL,0.002,0.0077953125,0.0,0.01,0.77953125,3,0,0,0
1521,AXIS,logistic,0.003,0.003,0.005,0.0007,0.0,0.005,0.13999999999999999,3,0,0,0
1521,BRN_,logistic,0.002,0.002,0.003,0.0015333333333333336,0.0,0.005,0.3066666666666667,3,0,0,0
1521,CRAN,logistic,0.002,NULL,0.003,0.0017833333333333334,0.0,0.005,0.3566666666666667,3,0,0,0
1521,DP24,logistic,0.006,0.005,0.009,0.0015439068100358423,0.0,0.01,0.15439068100358422,3,0,0,0
1521,EDEM,logistic,0.002,0.001,0.002,0.0025833333333333333,0.0,0.005,0.5166666666666666,3,0,0,0
1521,MO24,quantal_linear,0.003,0.002,0.021,0.0015453125,0.0,0.01,0.15453125,3,0,0,1
1521,TOT_MORT,log_logistic,0.005,NULL,0.005,0.003553125,0.0,0.01,0.3553125,3,0,0,0
3322,TOT_MORT,weibull,2553.957,NULL,491067092.443,695.3125,0.0,7500.0,0.09270833333333334,3,0,0,1
3324,ANY120,log_logistic,4178.266,3422.861,5474.537,2632.8125,0.0,7500.0,0.35104166666666664,3,0,0,0
3324,ALL_BUT_MORT,log_logistic,4350.358,3600.583,5799.123,1881.9146954740177,0.0,7500.0,0.25092195939653567,3,0,0,0
3324,CRAN,log_logistic,4615.405,3949.821,5994.904,1623.6772486772488,0.0,7500.0,0.2164902998236332,3,0,0,0
3324,DP24,quantal_linear,9611.674,5584.468,63233.409,348.4820264481281,0.0,7500.0,0.04646427019308375,3,0,1,1
3324,EDEM,log_logistic,4444.918,3759.481,5889.845,1723.6772486772488,0.0,7500.0,0.22982363315696652,3,0,0,0
3324,MORT,quantal_linear,9581.313,5573.276,63033.67,273.51462097224805,0.0,7500.0,0.03646861612963307,3,0,1,1
3328,MORT,logistic,8123.498,6971.983,10837.222,162.87076271186442,0.0,7500.0,0.021716101694915255,3,0,1,1
101,LTRK,logistic,0.021,0.01,0.032,0.00010233592880978866,0.0,0.01,0.010233592880978866,4,0,1,1
101,MO24,probit,0.011,0.007,0.027,0.0005703125000000001,0.0,0.01,0.057031250000000006,4,0,1,1
101,TOT_MORT,logistic,0.015,0.008,0.031,0.00065,0.0,0.01,0.065,4,0,1,1
102,ANY120,log_logistic,0.0,NULL,0.0,0.0095171875,0.0,0.01,0.95171875,4,0,-1,-1
102,AXIS,logistic,0.001,NULL,0.001,0.0003705882352941176,0.0,0.001,0.3705882352941176,4,0,0,0
102,ALL_BUT_MORT,gamma,0.0,0.0,0.003,0.004870015656386624,0.0,0.01,0.48700156563866237,4,2,-1,0
102,BRN_,logistic,0.001,NULL,0.001,0.00045,0.0,0.001,0.44999999999999996,4,0,0,0
102,CRAN,logistic,0.001,NULL,0.001,0.00045,0.0,0.001,0.44999999999999996,4,0,0,0
102,EDEM,logistic,0.0,0.0,0.0,0.0004516666666666667,0.0,0.001,0.45166666666666666,4,0,-1,-1
102,MO24,quantal_linear,0.006,0.003,0.039,0.00124375,0.0,0.01,0.124375,4,0,0,1
102,MUSC,logistic,0.001,0.001,0.001,0.00015882352941176472,0.0,0.001,0.15882352941176472,4,0,0,0
102,TCHR,logistic,0.001,0.001,0.001,7.941176470588236e-05,0.0,0.001,0.07941176470588236,4,0,0,0
103,ANY24,logistic,0.009,0.007,0.016,0.0006359375,0.0,0.01,0.06359375,4,0,0,1
103,ALL_BUT_MORT,log_logistic,0.0,0.0,0.004,0.005503645833333333,0.0,0.01,0.5503645833333333,4,2,-1,0
103,MORT,log_probit,0.006,0.005,0.008,0.0020989583333333333,0.0,0.01,0.20989583333333334,4,0,0,0
103,MUSC,gamma,0.003,0.002,0.007,0.0027250000000000004,0.0,0.01,0.2725,4,2,0,0
103,TOT_MORT,log_logistic,0.006,0.005,0.009,0.00226875,0.0,0.01,0.226875,4,0,0,0
792,ANY120,log_logistic,0.048,0.011,0.901,7.8921875,0.0,10.0,0.7892187500000001,4,2,-1,0
792,AXIS,log_logistic,0.152,NULL,7.764,4.151175213675214,0.0,10.0,0.4151175213675214,4,2,0,0
792,ALL_BUT_MORT,weibull,0.0,NULL,561671.44,3.769506048387097,0.0,10.0,0.3769506048387097,4,2,-1,1
792,NC__,log_logistic,0.18,0.033,4.443,4.478365384615385,0.0,10.0,0.4478365384615385,4,2,0,0
792,NC24,log_logistic,0.405,NULL,2177.579,2.390625,0.0,10.0,0.2390625,4,2,0,1
793,ANY24,weibull,0.001,NULL,480586573.102,2.25,0.0,10.0,0.225,4,2,-1,1
793,AXIS,logistic,0.928,0.727,1.426,0.48948412698412697,0.0,2.0,0.24474206349206348,4,0,0,0
793,ALL_BUT_MORT,weibull,0.0,NULL,752114.628,3.7329301075268813,0.0,10.0,0.3732930107526881,4,2,-1,1
793,DP24,log_probit,0.835,NULL,349032538.813,1.2690020161290323,0.0,10.0,0.12690020161290322,4,2,0,1
793,EDEM,weibull,inf,NULL,inf,0.09642857142857142,0.0,2.0,0.04821428571428571,4,0,1,1
793,LTRK,logistic,1.697,1.326,2.467,0.1125,0.0,2.0,0.05625,4,0,0,1
793,MO24,log_logistic,127.006,NULL,1933591.48,0.7171875,0.0,10.0,0.07171875,4,2,1,1
793,NC24,logistic,206547.483,NULL,355537.007,0.5,0.0,10.0,0.05,4,2,1,1
794,AXIS,log_logistic,0.521,0.393,0.806,1.0766304347826088,0.0,2.0,0.5383152173913044,4,2,0,0
794,ALL_BUT_MORT,weibull,0.0,NULL,198931.835,4.449304435483871,0.0,10.0,0.44493044354838707,4,2,-1,1
794,NC__,logistic,0.574,0.459,0.703,1.2369565217391305,0.0,2.0,0.6184782608695653,4,0,0,0
794,NC24,log_logistic,0.004,NULL,319.513,3.1189717741935485,0.0,10.0,0.31189717741935485,4,2,-1,1
795,ANY24,weibull,28.048,NULL,16737717685.174,1.19375,0.0,10.0,0.11937500000000001,4,2,1,1
795,DP24,log_logistic,515.073,NULL,261658607.847,0.5609375,0.0,10.0,0.05609375,4,2,1,1
796,ANY24,quantal_linear,251.48,NULL,1654.441,1.7515625,0.0,10.0,0.17515624999999999,4,2,1,1
796,ALL_BUT_MORT,log_probit,0.005,NULL,31.059,4.52293682795699,0.0,10.0,0.452293682795699,4,2,-1,1
796,DP24,log_logistic,10.679,2.901,1336.349,0.7468750000000001,0.0,10.0,0.0746875,4,0,1,1
796,LTRK,logistic,1.152,0.932,1.521,0.45648604269293924,0.0,2.0,0.22824302134646962,4,0,0,0
796,NC24,log_logistic,30.77,3.213,89616.51,0.9234375,0.0,10.0,0.09234375,4,2,1,1
1036,ANY24,quantal_linear,0.009,0.004,0.058,0.001590625,0.0,0.01,0.1590625,4,0,0,1
1036,ANY120,quantal_linear,0.016,0.004,0.104,0.001684375,0.0,0.01,0.16843750000000002,4,0,1,1
1036,AXIS,quantal_linear,0.011,0.006,0.075,0.0005833333333333333,0.0,0.01,0.05833333333333333,4,0,1,1
1036,ALL_BUT_MORT,quantal_linear,0.016,0.005,0.107,0.0012011575361512792,0.0,0.01,0.12011575361512791,4,0,1,1
1036,BRN_,quantal_linear,0.02,0.007,0.13,0.0006145833333333333,0.0,0.01,0.06145833333333333,4,2,1,1
1036,CRAN,quantal_linear,0.02,0.007,0.13,0.0006145833333333333,0.0,0.01,0.06145833333333333,4,2,1,1
1036,DP24,quantal_linear,0.009,0.004,0.06,0.0011032408694846125,0.0,0.01,0.11032408694846124,4,0,0,1
1036,EDEM,weibull,3019.28,NULL,4.149952666194092e+25,0.0007249281609195402,0.0,0.01,0.07249281609195402,4,0,1,1
1036,LTRK,quantal_linear,0.008,0.005,0.053,0.0006936781609195402,0.0,0.01,0.06936781609195401,4,0,0,1
1036,MO24,quantal_linear,1.671,NULL,10.996,0.0005515625,0.0,0.01,0.05515625,4,0,1,1
1036,MORT,quantal_linear,0.03,0.011,0.195,0.00014731182795698925,0.0,0.01,0.014731182795698924,4,0,1,1
1036,MUSC,quantal_linear,0.058,0.016,0.383,0.000125,0.0,0.01,0.0125,4,0,1,1
1036,NC__,quantal_linear,0.058,0.016,0.383,0.000125,0.0,0.01,0.0125,4,0,1,1
1036,TCHR,quantal_linear,0.028,0.008,0.185,0.0004895833333333333,0.0,0.01,0.048958333333333326,4,2,1,1
1036,TOT_MORT,probit,0.026,0.008,0.075,0.0006921875000000001,0.0,0.01,0.06921875000000001,4,0,1,1
1037,ANY24,quantal_linear,0.003,0.002,0.019,0.0024875,0.0,0.01,0.24875,4,0,0,1
1037,BRN_,log_probit,0.005,0.004,0.007,0.0026377899385560677,0.0,0.01,0.26377899385560677,4,0,0,0
1037,MORT,quantal_linear,0.021,0.007,0.139,0.0005260658209976898,0.0,0.01,0.05260658209976898,4,0,1,1
1037,TCHR,logistic,0.01,0.01,0.011,8.333333333333333e-05,0.0,0.01,0.008333333333333333,4,0,0,1
1038,ANY24,log_probit,0.008,0.008,0.01,0.0020203125,0.0,0.01,0.20203125,4,0,0,0
1038,ANY120,log_probit,0.008,0.008,0.01,0.0021765624999999997,0.0,0.01,0.21765624999999997,4,0,0,0
1038,AXIS,logistic,0.011,0.008,0.017,0.00035589543937708567,0.0,0.01,0.035589543937708565,4,0,1,1
1038,ALL_BUT_MORT,logistic,0.005,0.004,0.01,0.0014583770161290324,0.0,0.01,0.14583770161290324,4,0,0,0
1038,CRAN,quantal_linear,0.008,0.004,0.052,0.0005454115684093437,0.0,0.01,0.054541156840934364,4,0,0,1
1038,DP24,logistic,0.006,0.005,0.013,0.0012083770161290322,0.0,0.01,0.12083770161290322,4,0,0,1
1038,EDEM,logistic,0.007,0.006,0.011,0.0009204115684093438,0.0,0.01,0.09204115684093438,4,0,0,1
1038,LTRK,logistic,0.01,0.008,0.015,0.00031451612903225806,0.0,0.01,0.031451612903225803,4,0,0,1
1038,MO24,log_probit,0.009,0.008,0.01,0.00110625,0.0,0.01,0.110625,4,0,0,0
1038,TCHR,logistic,0.01,0.009,0.011,0.000125,0.0,0.01,0.0125,4,0,0,1
1514,ANY24,quantal_linear,0.072,0.009,0.471,0.0006234375000000001,0.0,0.01,0.06234375,4,0,1,1
1514,DP24,logistic,0.029,0.01,0.048,0.00016129032258064516,0.0,0.01,0.016129032258064516,4,0,1,1
1514,MO24,logistic,129928.578,NULL,263109.284,0.0004671875,0.0,0.01,0.046718749999999996,4,0,1,1
1515,MORT,log_logistic,0.001,NULL,0.001,0.00942585859288098,0.0,0.01,0.9425858592880979,4,0,0,0
1515,TOT_MORT,log_logistic,0.001,NULL,0.001,0.00943125,0.0,0.01,0.943125,4,0,0,0
1516,ANY24,log_logistic,0.007,0.005,0.011,0.001459375,0.0,0.01,0.1459375,4,2,0,1
1516,ANY120,log_logistic,0.001,NULL,0.001,0.008368750000000001,0.0,0.01,0.8368750000000001,4,0,0,0
1516,AXIS,logistic,0.002,NULL,0.003,0.00017857142857142857,0.0,0.0025,0.07142857142857142,4,0,0,1
1516,ALL_BUT_MORT,log_logistic,0.0,0.0,0.014,0.0030683131720430105,0.0,0.01,0.30683131720430107,4,2,-1,1
1516,BRN_,logistic,0.001,NULL,0.001,0.0008250000000000001,0.0,0.0025,0.33,4,0,0,0
1516,CRAN,logistic,0.001,NULL,0.001,0.0007875,0.0,0.0025,0.315,4,0,0,0
1516,EDEM,logistic,0.001,NULL,0.001,0.0008250000000000001,0.0,0.0025,0.33,4,0,0,0
1516,LTRK,logistic,0.002,0.002,0.002,0.0003214285714285714,0.0,0.0025,0.12857142857142856,4,0,0,0
1516,MO24,log_logistic,0.01,0.009,0.011,0.00045937500000000004,0.0,0.01,0.045937500000000006,4,2,0,1
1516,MUSC,logistic,0.002,0.002,0.003,0.00021428571428571427,0.0,0.0025,0.0857142857142857,4,0,0,1
1517,ANY24,log_probit,0.009,0.008,0.011,0.0014062500000000002,0.0,0.01,0.140625,4,2,0,1
1517,AXIS,logistic,0.007,0.005,0.009,0.0012734375,0.0,0.01,0.12734375,4,0,0,0
1517,ALL_BUT_MORT,log_logistic,0.001,0.001,0.003,0.006158200431034483,0.0,0.01,0.6158200431034483,4,2,0,0
1517,CRAN,log_logistic,0.003,0.003,0.004,0.0061196875,0.0,0.01,0.61196875,4,0,0,0
1517,DP24,logistic,0.006,0.005,0.011,0.0011302370689655172,0.0,0.01,0.11302370689655172,4,2,0,1
1517,MORT,log_logistic,0.009,0.008,0.01,0.0011379310344827585,0.0,0.01,0.11379310344827584,4,0,0,0
1517,TCHR,logistic,0.013,0.008,0.021,0.00027499999999999996,0.0,0.01,0.027499999999999997,4,0,1,1
1517,TOT_MORT,log_probit,0.009,0.008,0.01,0.0013875,0.0,0.01,0.13875,4,2,0,0
1518,TCHR,logistic,0.01,0.01,0.011,8.064516129032258e-05,0.0,0.01,0.008064516129032258,4,0,0,1
1519,MO24,logistic,0.003,0.003,0.007,0.002653125,0.0,0.01,0.2653125,4,0,0,0
1519,MORT,log_logistic,0.0,NULL,0.0,0.00945,0.0,0.01,0.945,4,0,-1,-1
1519,TOT_MORT,log_logistic,0.0,NULL,0.0,0.009453125,0.0,0.01,0.9453125,4,0,-1,-1
1520,ANY120,log_logistic,0.0,NULL,0.0,0.009468750000000001,0.0,0.01,0.9468750000000001,4,0,-1,-1
1520,AXIS,logistic,0.001,0.001,0.001,0.000135,0.0,0.001,0.135,4,0,0,0
1520,ALL_BUT_MORT,log_probit,0.0,0.0,0.001,0.0056990410463192715,0.0,0.01,0.5699041046319271,4,2,-1,0
1520,BRN_,logistic,0.001,0.0,0.001,0.0003,0.0,0.001,0.3,4,0,0,0
1520,CRAN,logistic,0.001,NULL,0.001,0.00045,0.0,0.001,0.44999999999999996,4,0,0,0
1520,EDEM,logistic,0.0,NULL,0.0,0.000465625,0.0,0.001,0.465625,4,0,-1,-1
1520,LTRK,logistic,0.001,0.001,0.001,9e-05,0.0,0.001,0.09000000000000001,4,0,0,0
1520,MO24,logistic,0.008,0.006,0.014,0.00075,0.0,0.01,0.075,4,0,0,1
1520,MUSC,logistic,0.001,0.001,0.001,2.9999999999999997e-05,0.0,0.001,0.029999999999999995,4,0,0,0
1520,TCHR,logistic,0.001,0.001,0.001,4.5e-05,0.0,0.001,0.045000000000000005,4,0,0,0
1521,ALL_BUT_MORT,log_logistic,0.0,0.0,0.003,0.006138351254480288,0.0,0.01,0.6138351254480288,4,2,-1,0
1521,LTRK,logistic,0.004,0.003,0.005,0.0005666666666666667,0.0,0.005,0.11333333333333334,4,0,0,0
1521,MORT,log_logistic,0.005,0.005,0.006,0.0028341789874551967,0.0,0.01,0.28341789874551965,4,0,0,0
2677,MORT,log_logistic,28.533,NULL,757072430938.635,43545.83225806451,0.0,100000.0,0.4354583225806451,4,2,0,1
2677,TCHR,logistic,327009.844,160917.724,484517.246,1666.633581075269,0.0,100000.0,0.016666335810752688,4,0,1,1
2677,TOT_MORT,log_logistic,13.709,NULL,1360434193732.136,43747.42524,0.0,100000.0,0.4374742524,4,2,0,1
2678,ALL_BUT_MORT,log_logistic,0.0,NULL,8.027998010668321e+53,35007.7963903871,0.0,100000.0,0.35007796390387097,4,2,-1,1
2678,LTRK,log_logistic,0.0,NULL,1.2425878580396165e+53,40007.80805294448,0.0,100000.0,0.40007808052944477,4,2,-1,1
2678,MORT,log_logistic,85545035.051,NULL,3.3040076552227717e+36,16668.448267458065,0.0,100000.0,0.16668448267458064,4,2,1,1
2678,SKIN,log_logistic,125923068.659,NULL,1.067490810121065e+22,12502.648412698412,0.0,100000.0,0.1250264841269841,4,2,1,1
2678,TOT_MORT,log_logistic,3192613.993,NULL,2.6385018708510253e+56,18752.506588,0.0,100000.0,0.18752506588,4,2,1,1
2679,ANY120,log_logistic,0.0,NULL,5465683626340.048,50013.357538,0.0,100000.0,0.5001335753799999,4,2,-1,1
2679,AXIS,log_logistic,151.273,NULL,18214843949677.344,40318.70347354838,0.0,100000.0,0.40318703473548384,4,2,0,1
2679,ALL_BUT_MORT,weibull,0.0,NULL,1.6980588010283517e+21,48451.01262670968,0.0,100000.0,0.4845101262670968,4,2,-1,1
2679,BRN_,log_logistic,88.39,NULL,3348646328055.006,41931.47612903226,0.0,100000.0,0.4193147612903226,4,2,0,1
2679,CRAN,log_logistic,11.365,NULL,286047139385.792,46771.374193548385,0.0,100000.0,0.4677137419354839,4,2,0,1
2679,EDEM,log_logistic,2.602,NULL,100540009722.676,49997.66322580645,0.0,100000.0,0.4999766322580645,4,2,0,1
2679,LTRK,log_logistic,0.001,NULL,20116676664.633,50011.50590445162,0.0,100000.0,0.5001150590445161,4,2,0,1
2679,MORT,log_logistic,4.1845041581635287e+46,NULL,1.7506503739337533e+94,1563.27999,0.0,100000.0,0.0156327999,4,0,1,1
2679,SKIN,log_logistic,6.641,NULL,6700206386325340.0,17755.67622503226,0.0,100000.0,0.1775567622503226,4,2,0,1
2679,TCHR,log_logistic,115967097.26,NULL,1.2406449882867905e+19,12902.709677419354,0.0,100000.0,0.12902709677419355,4,2,1,1
2679,TOT_MORT,log_logistic,7.125242163483872e+68,NULL,1.2206859748246414e+154,1563.28119,0.0,100000.0,0.015632811899999998,4,0,1,1
2680,BRN_,log_logistic,92696672812.721,NULL,1.6281127638387893e+33,15000.35507664516,0.0,100000.0,0.1500035507664516,4,2,1,1
2680,CRAN,log_logistic,228674.914,NULL,1.3501138114976401e+22,27499.879270193553,0.0,100000.0,0.2749987927019355,4,2,1,1
2680,EDEM,log_logistic,2155958.634,NULL,3.486789930359363e+26,27499.105086645166,0.0,100000.0,0.27499105086645165,4,2,1,1
2680,LTRK,log_logistic,5456273.062,NULL,2.0389344944227552e+30,22501.153753290324,0.0,100000.0,0.22501153753290323,4,2,1,1
2680,MORT,log_logistic,1967567.017,NULL,4.2480519922602464e+24,18748.948248,0.0,100000.0,0.18748948248,4,2,1,1
2680,NC24,logistic,334557.634,160538.248,492318.879,1562.34975,0.0,100000.0,0.015623497500000002,4,0,1,1
2680,SKIN,log_logistic,2507534303354794.0,NULL,1.985224748930334e+26,4999.5,0.0,100000.0,0.049995,4,2,1,1
2680,TCHR,log_logistic,2507534303354794.0,NULL,1.985224748930334e+26,4999.5,0.0,100000.0,0.049995,4,2,1,1
2680,TOT_MORT,log_logistic,1967567.017,NULL,4.2480519922602464e+24,18748.948248,0.0,100000.0,0.18748948248,4,2,1,1
2681,ANY24,weibull,inf,NULL,inf,3126.645046,0.0,100000.0,0.03126645046,4,0,1,1
2681,DP24,logistic,332974.957,160638.468,490684.603,0.9341935483870967,0.0,100000.0,9.341935483870966e-06,4,0,1,1
2681,MO24,log_logistic,9.14705432527822e+40,NULL,6.976589459746477e+93,3125.744748,0.0,100000.0,0.03125744748,4,0,1,1
2681,NC__,log_logistic,3.5049971503914575e+46,NULL,1.5325624105154818e+74,0.16,0.0,100000.0,1.6e-06,4,0,1,1
2681,SKIN,log_logistic,1.1249053827156486e+19,NULL,1.0052554544837874e+30,1922.8846153846155,0.0,100000.0,0.019228846153846155,4,0,1,1
2682,DP24,log_logistic,2382146742.302,NULL,8.844034044447595e+28,15516.496374140157,0.0,100000.0,0.15516496374140157,4,2,1,1
2682,MORT,log_logistic,2587619.89,NULL,2.2259373436903165e+27,22412.33592181535,0.0,100000.0,0.2241233592181535,4,2,1,1
2682,NC__,logistic,396671.882,154412.471,555918.195,0.7999999999999999,0.0,100000.0,8e-06,4,0,1,1
2682,NC24,log_logistic,1.3592497239940892e+26,NULL,3.387711082566567e+53,5171.899029143493,0.0,100000.0,0.05171899029143493,4,2,1,1
2695,ANY24,log_logistic,691019365872.453,NULL,7.148454706287297e+54,11718.735696380953,0.0,100000.0,0.11718735696380952,4,2,1,1
2695,ANY120,log_logistic,0.0,NULL,1113760278124.691,52356.59737542857,0.0,100000.0,0.5235659737542857,4,2,-1,1
2695,ALL_BUT_MORT,log_logistic,0.0,NULL,2.033670890385301e+38,18163.587810925837,0.0,100000.0,0.18163587810925838,4,2,-1,1
2695,CRAN,log_logistic,0.0,NULL,0.0,8929.297911026708,0.0,100000.0,0.08929297911026708,4,2,-1,-1
2695,DP24,log_logistic,3.5984507008598966e+25,NULL,6.158682119779382e+61,5883.9647509072265,0.0,100000.0,0.058839647509072265,4,2,1,1
2695,EDEM,weibull,inf,NULL,inf,3571.845523186726,0.0,100000.0,0.03571845523186726,4,0,1,1
2695,LTRK,weibull,508758471352416.06,NULL,6.437051737151522e+102,31250.128254746007,0.0,100000.0,0.31250128254746007,4,2,1,1
2695,MO24,log_logistic,5420021909415491.0,NULL,1.8790321486053648e+34,5077.163752595238,0.0,100000.0,0.05077163752595238,4,2,1,1
2695,MORT,log_logistic,0.234,NULL,5.516824399690685e+18,38982.651231989046,0.0,100000.0,0.38982651231989046,4,2,0,1
2695,NC24,log_logistic,7.678605185101237e+251,NULL,inf,5038.529412860654,0.0,100000.0,0.05038529412860654,4,2,1,1
2695,SM24,log_logistic,8.218331950783482e+47,NULL,1.9447481504093854e+88,1695.1987677912296,0.0,100000.0,0.016951987677912294,4,0,1,1
2695,TOT_MORT,log_logistic,0.012,NULL,1.0093199717140102e+17,41014.566969261905,0.0,100000.0,0.41014566969261906,4,2,0,1
2696,ANY24,log_logistic,3.605043950766994e+31,NULL,9.617782504082356e+182,14063.714074,0.0,100000.0,0.14063714074,4,2,1,1
2696,ANY120,log_logistic,0.0,NULL,333310462236627.7,50010.532912,0.0,100000.0,0.50010532912,4,2,-1,1
2696,AXIS,weibull,inf,NULL,inf,24999.949785885587,0.0,100000.0,0.24999949785885586,4,2,1,1
2696,ALL_BUT_MORT,weibull,0.0,NULL,1.608791677975147e+29,30365.193610770377,0.0,100000.0,0.30365193610770375,4,2,-1,1
2696,BRN_,weibull,inf,NULL,inf,33333.40978588558,0.0,100000.0,0.3333340978588558,4,2,1,1
2696,CRAN,weibull,124923.115,NULL,3.1045715661128846e+84,45834.07978588559,0.0,100000.0,0.4583407978588559,4,2,1,1
2696,DP24,log_logistic,1.605166575924987e+27,NULL,8.366607796412264e+58,5356.640588018433,0.0,100000.0,0.05356640588018433,4,2,1,1
2696,EDEM,log_logistic,26.131,NULL,6.386815493519398e+27,50001.28978588559,0.0,100000.0,0.5000128978588558,4,2,0,1
2696,LTRK,weibull,0.026,NULL,5.889546711017668e+36,45840.010949629424,0.0,100000.0,0.45840010949629423,4,2,0,1
2696,MORT,log_logistic,1212.335,NULL,5.81655166087383e+18,28572.922398446695,0.0,100000.0,0.28572922398446693,4,2,0,1
2696,NC24,log_logistic,8.425456188392943e+21,NULL,5.999533970124982e+49,5357.440588018433,0.0,100000.0,0.053574405880184334,4,2,1,1
2696,SKIN,log_logistic,90512820368.432,NULL,2.932008741544268e+29,4173.142667281106,0.0,100000.0,0.04173142667281106,4,2,1,1
2696,SM24,log_logistic,1.549279403206549e+19,NULL,1.704615131101807e+30,1785.5357142857142,0.0,100000.0,0.01785535714285714,4,0,1,1
2696,TCHR,log_logistic,inf,NULL,inf,4167.212525419354,0.0,100000.0,0.041672125254193546,4,2,1,1
2696,TOT_MORT,log_logistic,0.041,NULL,2.6004166537601086e+29,31252.792926,0.0,100000.0,0.31252792926,4,2,0,1
2697,ANY120,log_logistic,0.0,NULL,7.214835946494707e+21,46880.286446,0.0,100000.0,0.46880286445999997,4,2,-1,1
2697,AXIS,log_logistic,1.1238409783650939e+19,NULL,3.786121446479146e+39,8333.338193548387,0.0,100000.0,0.08333338193548387,4,2,1,1
2697,ALL_BUT_MORT,weibull,inf,NULL,inf,17749.073095741936,0.0,100000.0,0.17749073095741935,4,2,1,1
2697,BRN_,log_logistic,34427760488289.914,NULL,7.080194050331276e+27,16665.006193548386,0.0,100000.0,0.16665006193548387,4,2,1,1
2697,CRAN,log_logistic,5.279125630984603e+16,NULL,2.6685457737966728e+38,16665.806243096773,0.0,100000.0,0.16665806243096773,4,2,1,1
2697,EDEM,log_logistic,91134273.683,NULL,3.4501887291338116e+20,33330.806193548386,0.0,100000.0,0.33330806193548385,4,2,1,1
2697,LTRK,log_logistic,685983.226,NULL,2.0994120399529804e+19,33334.156193548384,0.0,100000.0,0.33334156193548387,4,2,1,1
2697,NC24,log_logistic,2.818866174155989e+26,NULL,2.086325110325462e+68,1615.3908867096773,0.0,100000.0,0.01615390886709677,4,2,1,1
2697,SKIN,log_logistic,6150214138960.647,NULL,1.4935506358638373e+29,8335.706193548387,0.0,100000.0,0.08335706193548387,4,2,1,1
2697,TCHR,logistic,328694.962,160830.621,486260.766,4166.256193548386,0.0,100000.0,0.041662561935483865,4,2,1,1
2698,ANY24,log_logistic,9.569189332248429e+182,NULL,inf,6251.674682064516,0.0,100000.0,0.06251674682064516,4,2,1,1
2698,CRAN,log_logistic,10817401.764,NULL,2.6959570848507584e+25,33331.81737722605,0.0,100000.0,0.3333181737722605,4,2,1,1
2698,EDEM,log_logistic,12752107.46,NULL,2.0022405213016734e+31,36664.817634967985,0.0,100000.0,0.36664817634967983,4,2,1,1
2698,MO24,log_logistic,1.5338210495153314e+59,NULL,1.7666547930864392e+173,6251.668442064516,0.0,100000.0,0.06251668442064516,4,2,1,1
2698,MORT,log_logistic,98913.844,NULL,2.0029567539416173e+17,23213.68139361195,0.0,100000.0,0.2321368139361195,4,2,0,1
2698,MUSC,log_logistic,1.429570826936177e+25,NULL,6.25548274818436e+86,13334.125025935731,0.0,100000.0,0.1333412502593573,4,2,1,1
2698,TOT_MORT,log_logistic,205.42,NULL,1.4716256161924836e+22,26563.697192064516,0.0,100000.0,0.26563697192064517,4,2,0,1
2699,CRAN,log_logistic,3132651.083,NULL,7.359543606847566e+26,25998.954611612902,0.0,100000.0,0.259989546116129,4,2,1,1
2699,SKIN,log_logistic,1.387899660437473e+19,NULL,1.4770794237734743e+30,1999.8,0.0,100000.0,0.019998,4,0,1,1
2700,DP24,log_logistic,126980238950825.73,NULL,1.1228227677138319e+30,6451.719066073415,0.0,100000.0,0.06451719066073415,4,2,1,1
2700,MORT,log_logistic,24672.808,NULL,1.990683299775581e+19,25805.401995032258,0.0,100000.0,0.25805401995032257,4,2,0,1
2700,SM24,logistic,400404.375,153979.359,559713.389,1612.741935483871,0.0,100000.0,0.01612741935483871,4,0,1,1
3322,ANY24,weibull,inf,NULL,inf,640.625,0.0,7500.0,0.08541666666666667,4,0,1,1
3322,ANY120,logistic,29477.974,5966.123,75236.817,1046.875,0.0,7500.0,0.13958333333333334,4,0,1,1
3322,MO24,weibull,2718467.822,NULL,2.061409652026862e+24,519.53125,0.0,7500.0,0.06927083333333334,4,0,1,1
3322,MORT,logistic,10958.12,7400.761,17507.906,188.5593220338983,0.0,7500.0,0.025141242937853105,4,0,1,1
3324,ANY24,quantal_linear,7988.208,3449.863,52552.928,1292.96875,0.0,7500.0,0.17239583333333333,4,2,1,1
3324,AXIS,gamma,5542.678,4300.295,8240.492,721.8253968253969,0.0,7500.0,0.09624338624338624,4,0,0,1
3324,BRN_,gamma,5005.775,4066.803,6897.784,1145.899470899471,0.0,7500.0,0.15278659611992948,4,0,0,0
3324,LTRK,gamma,4741.014,3816.091,6684.073,1292.1957671957673,0.0,7500.0,0.17229276895943563,4,0,0,0
3324,MUSC,probit,15393.321,7685.01,35492.179,264.1534391534392,0.0,7500.0,0.03522045855379189,4,0,1,1
3324,NC__,logistic,25700.363,8892.441,37185.025,100.0,0.0,7500.0,0.013333333333333334,4,0,1,1
3324,NC24,logistic,28179.921,9041.603,40791.806,96.15384615384616,0.0,7500.0,0.012820512820512822,4,0,1,1
3324,TOT_MORT,quantal_linear,7983.125,3537.895,52519.49,1156.25,0.0,7500.0,0.15416666666666667,4,0,1,1
3325,AXIS,logistic,63354.381,9327.071,109105.305,171.73305380852548,0.0,7500.0,0.022897740507803396,4,2,1,1
3328,AXIS,log_probit,7426.057,NULL,8374.583,200.75757575757575,0.0,7500.0,0.026767676767676767,4,0,0,1
3328,ALL_BUT_MORT,logistic,6313.819,5398.885,9338.592,352.8425141242938,0.0,7500.0,0.04704566854990584,4,0,0,1
3328,BRN_,logistic,7862.083,NULL,8187.321,22.727272727272727,0.0,7500.0,0.0030303030303030303,4,0,1,1
3328,CRAN,logistic,7862.083,NULL,8187.321,22.727272727272727,0.0,7500.0,0.0030303030303030303,4,0,1,1
3328,DP24,logistic,12227.459,8090.448,17086.289,99.31144067796609,0.0,7500.0,0.013241525423728811,4,0,1,1
3328,EDEM,logistic,7862.083,NULL,8187.321,22.727272727272727,0.0,7500.0,0.0030303030303030303,4,0,1,1
3328,LTRK,logistic,7717.145,NULL,8040.763,45.45454545454545,0.0,7500.0,0.006060606060606061,4,0,1,1
3328,NC24,logistic,7732.437,NULL,8056.978,42.3728813559322,0.0,7500.0,0.005649717514124294,4,0,1,1
3328,TCHR,logistic,7717.145,NULL,8040.763,45.45454545454545,0.0,7500.0,0.006060606060606061,4,0,1,1
3329,ANY24,logistic,13143.119,7353.436,23999.714,265.625,0.0,7500.0,0.035416666666666666,4,0,1,1
3329,BRN_,logistic,7737.321,NULL,8063.758,41.666666666666664,0.0,7500.0,0.005555555555555555,4,0,1,1
3329,CRAN,logistic,7737.321,NULL,8063.758,41.666666666666664,0.0,7500.0,0.005555555555555555,4,0,1,1
3329,DP24,logistic,7887.78,NULL,8216.755,20.491803278688526,0.0,7500.0,0.00273224043715847,4,0,1,1
3329,LTRK,logistic,12282.944,7807.848,19207.799,79.16666666666667,0.0,7500.0,0.010555555555555556,4,0,1,1
3329,MORT,logistic,7887.78,NULL,8216.755,20.491803278688526,0.0,7500.0,0.00273224043715847,4,0,1,1
3329,TCHR,logistic,7737.321,NULL,8063.758,41.666666666666664,0.0,7500.0,0.005555555555555555,4,0,1,1
3329,TOT_MORT,logistic,13143.119,7353.436,23999.714,265.625,0.0,7500.0,0.035416666666666666,4,0,1,1
3330,ANY24,logistic,9909.109,7022.017,16378.666,250.0,0.0,7500.0,0.03333333333333333,4,0,1,1
3330,ANY120,logistic,24946.443,7300.801,54812.09,671.875,0.0,7500.0,0.08958333333333333,4,0,1,1
3330,AXIS,logistic,208987.453,NULL,358282.591,212.36559139784944,0.0,7500.0,0.028315412186379927,4,2,1,1
3330,ALL_BUT_MORT,weibull,inf,NULL,inf,351.2209699453552,0.0,7500.0,0.04682946265938069,4,0,1,1
3330,BRN_,logistic,146742.04,NULL,262411.345,208.6638462894412,0.0,7500.0,0.027821846171925495,4,0,1,1
3330,CRAN,logistic,32737.652,9251.424,54195.592,144.14771725718313,0.0,7500.0,0.019219695634291083,4,0,1,1
3330,DP24,logistic,7887.865,NULL,8216.913,20.491803278688526,0.0,7500.0,0.00273224043715847,4,0,1,1
3330,EDEM,logistic,32737.652,9251.424,54195.592,144.14771725718313,0.0,7500.0,0.019219695634291083,4,0,1,1
3330,LTRK,weibull,inf,NULL,inf,356.51330865503263,0.0,7500.0,0.04753510782067102,4,0,1,1
3330,MO24,logistic,11911.687,7511.655,19938.824,230.46875,0.0,7500.0,0.030729166666666665,4,0,1,1
3330,MUSC,logistic,27784.517,9074.611,39943.436,83.33333333333333,0.0,7500.0,0.01111111111111111,4,0,1,1
3330,TCHR,logistic,32737.652,9251.424,54195.592,144.14771725718313,0.0,7500.0,0.019219695634291083,4,0,1,1
3330,TOT_MORT,logistic,21669.398,8072.195,41608.338,332.03125,0.0,7500.0,0.044270833333333336,4,0,1,1
3331,EDEM,logistic,7886.091,NULL,8213.634,20.491803278688526,0.0,7500.0,0.00273224043715847,4,0,1,1
3332,ALL_BUT_MORT,logistic,12607.17,7895.006,19747.443,77.15053763440861,0.0,7500.0,0.01028673835125448,4,0,1,1
3332,CRAN,logistic,7740.689,NULL,8066.989,40.98360655737705,0.0,7500.0,0.00546448087431694,4,0,1,1
3332,EDEM,logistic,7740.689,NULL,8066.989,40.98360655737705,0.0,7500.0,0.00546448087431694,4,0,1,1
3332,MORT,logistic,23102.022,9013.546,35311.027,82.66129032258064,0.0,7500.0,0.011021505376344085,4,0,1,1
3334,DP24,logistic,7890.749,NULL,8219.38,20.161290322580644,0.0,7500.0,0.0026881720430107525,4,0,1,1
