Chemical_ID,End_Point,BMD10_call
53,ALL_BUT_MORT,1
53,ANY120,0
53,ANY24,0
53,AXIS,1
53,BRN_,1
53,CRAN,1
53,DP24,0
53,EDEM,1
53,LTRK,1
53,MO24,0
53,MORT,0
53,MUSC,1
53,NC24,0
53,NC__,0
53,SKIN,0
53,SM24,0
53,TCHR,1
53,TOT_MORT,0
54,ALL_BUT_MORT,1
54,ANY120,1
54,ANY24,1
54,AXIS,1
54,BRN_,0
54,CRAN,0
54,DP24,0
54,EDEM,0
54,LTRK,1
54,MO24,1
54,MORT,1
54,MUSC,1
54,NC24,0
54,NC__,0
54,SKIN,0
54,SM24,0
54,TCHR,1
54,TOT_MORT,1
56,ALL_BUT_MORT,0
56,ANY120,1
56,ANY24,1
56,AXIS,0
56,BRN_,1
56,CRAN,1
56,DP24,0
56,EDEM,1
56,LTRK,0
56,MO24,1
56,MORT,0
56,MUSC,1
56,NC24,0
56,NC__,1
56,SKIN,0
56,SM24,0
56,TCHR,1
56,TOT_MORT,1
57,ALL_BUT_MORT,1
57,ANY120,1
57,ANY24,1
57,AXIS,1
57,BRN_,1
57,CRAN,1
57,DP24,1
57,EDEM,1
57,LTRK,1
57,MO24,1
57,MORT,1
57,MUSC,1
57,NC24,0
57,NC__,0
57,SKIN,0
57,SM24,0
57,TCHR,1
57,TOT_MORT,1
58,ALL_BUT_MORT,1
58,ANY120,1
58,ANY24,1
58,AXIS,1
58,BRN_,1
58,CRAN,1
58,DP24,0
58,EDEM,1
58,LTRK,1
58,MO24,1
58,MORT,1
58,MUSC,0
58,NC24,0
58,NC__,0
58,SKIN,0
58,SM24,0
58,TCHR,0
58,TOT_MORT,1
60,ALL_BUT_MORT,1
60,ANY120,1
60,ANY24,1
60,AXIS,1
60,BRN_,1
60,CRAN,1
60,DP24,0
60,EDEM,1
60,LTRK,0
60,MO24,0
60,MORT,1
60,MUSC,0
60,NC24,0
60,NC__,0
60,SKIN,0
60,SM24,0
60,TCHR,1
60,TOT_MORT,1
61,ALL_BUT_MORT,0
61,ANY120,1
61,ANY24,1
61,AXIS,1
61,BRN_,1
61,CRAN,1
61,DP24,0
61,EDEM,1
61,LTRK,1
61,MO24,1
61,MORT,1
61,MUSC,1
61,NC24,0
61,NC__,1
61,SKIN,1
61,SM24,0
61,TCHR,1
61,TOT_MORT,1
62,ALL_BUT_MORT,0
62,ANY120,1
62,ANY24,1
62,AXIS,1
62,BRN_,0
62,CRAN,0
62,DP24,0
62,EDEM,0
62,LTRK,1
62,MO24,1
62,MORT,1
62,MUSC,0
62,NC24,0
62,NC__,1
62,SKIN,0
62,SM24,0
62,TCHR,1
62,TOT_MORT,1
63,ALL_BUT_MORT,1
63,ANY120,1
63,ANY24,1
63,AXIS,1
63,BRN_,0
63,CRAN,0
63,DP24,1
63,EDEM,1
63,LTRK,0
63,MO24,1
63,MORT,1
63,MUSC,1
63,NC24,0
63,NC__,0
63,SKIN,0
63,SM24,0
63,TCHR,1
63,TOT_MORT,1
64,ALL_BUT_MORT,0
64,ANY120,0
64,ANY24,0
64,AXIS,0
64,BRN_,0
64,CRAN,0
64,DP24,0
64,EDEM,0
64,LTRK,0
64,MO24,0
64,MORT,0
64,MUSC,0
64,NC24,0
64,NC__,0
64,SKIN,0
64,SM24,0
64,TCHR,0
64,TOT_MORT,0
65,ALL_BUT_MORT,1
65,ANY120,0
65,ANY24,0
65,AXIS,0
65,BRN_,0
65,CRAN,0
65,DP24,0
65,EDEM,1
65,LTRK,0
65,MO24,0
65,MORT,0
65,MUSC,0
65,NC24,0
65,NC__,0
65,SKIN,0
65,SM24,0
65,TCHR,0
65,TOT_MORT,0
66,ALL_BUT_MORT,1
66,ANY120,1
66,ANY24,1
66,AXIS,0
66,BRN_,1
66,CRAN,0
66,DP24,1
66,EDEM,1
66,LTRK,0
66,MO24,1
66,MORT,1
66,MUSC,0
66,NC24,0
66,NC__,0
66,SKIN,0
66,SM24,0
66,TCHR,0
66,TOT_MORT,1
67,ALL_BUT_MORT,1
67,ANY120,1
67,ANY24,1
67,AXIS,1
67,BRN_,1
67,CRAN,1
67,DP24,0
67,EDEM,1
67,LTRK,1
67,MO24,1
67,MORT,1
67,MUSC,1
67,NC24,0
67,NC__,0
67,SKIN,0
67,SM24,0
67,TCHR,1
67,TOT_MORT,1
69,ALL_BUT_MORT,1
69,ANY120,1
69,ANY24,0
69,AXIS,1
69,BRN_,1
69,CRAN,1
69,DP24,1
69,EDEM,1
69,LTRK,1
69,MO24,0
69,MORT,0
69,MUSC,1
69,NC24,0
69,NC__,0
69,SKIN,0
69,SM24,0
69,TCHR,1
69,TOT_MORT,0
70,ALL_BUT_MORT,1
70,ANY120,1
70,ANY24,1
70,AXIS,1
70,BRN_,1
70,CRAN,1
70,DP24,0
70,EDEM,1
70,LTRK,0
70,MO24,1
70,MORT,0
70,MUSC,1
70,NC24,0
70,NC__,0
70,SKIN,0
70,SM24,0
70,TCHR,0
70,TOT_MORT,1
129,ALL_BUT_MORT,1
129,ANY120,1
129,ANY24,1
129,AXIS,1
129,BRN_,1
129,CRAN,1
129,DP24,0
129,EDEM,1
129,LTRK,1
129,MO24,1
129,MORT,1
129,MUSC,0
129,NC24,0
129,NC__,0
129,SKIN,0
129,SM24,0
129,TCHR,0
129,TOT_MORT,1
155,ALL_BUT_MORT,1
155,ANY120,1
155,ANY24,1
155,AXIS,1
155,BRN_,1
155,CRAN,1
155,DP24,0
155,EDEM,1
155,LTRK,1
155,MO24,1
155,MORT,1
155,MUSC,1
155,NC24,0
155,NC__,1
155,SKIN,0
155,SM24,0
155,TCHR,1
155,TOT_MORT,1
163,ALL_BUT_MORT,1
163,ANY120,1
163,ANY24,1
163,AXIS,1
163,BRN_,1
163,CRAN,1
163,DP24,0
163,EDEM,1
163,LTRK,1
163,MO24,1
163,MORT,1
163,MUSC,1
163,NC24,0
163,NC__,0
163,SKIN,1
163,SM24,0
163,TCHR,1
163,TOT_MORT,1
165,ALL_BUT_MORT,0
165,ANY120,0
165,ANY24,1
165,AXIS,0
165,BRN_,0
165,CRAN,0
165,DP24,0
165,EDEM,0
165,LTRK,0
165,MO24,1
165,MORT,1
165,MUSC,0
165,NC24,0
165,NC__,0
165,SKIN,0
165,SM24,0
165,TCHR,0
165,TOT_MORT,1
172,ALL_BUT_MORT,0
172,ANY120,0
172,ANY24,0
172,AXIS,0
172,BRN_,0
172,CRAN,0
172,DP24,0
172,EDEM,1
172,LTRK,0
172,MO24,0
172,MORT,0
172,MUSC,0
172,NC24,0
172,NC__,0
172,SKIN,0
172,SM24,1
172,TCHR,0
172,TOT_MORT,0
176,ALL_BUT_MORT,1
176,ANY120,0
176,ANY24,0
176,AXIS,0
176,BRN_,0
176,CRAN,0
176,DP24,1
176,EDEM,0
176,LTRK,0
176,MO24,0
176,MORT,0
176,MUSC,0
176,NC24,0
176,NC__,0
176,SKIN,0
176,SM24,0
176,TCHR,0
176,TOT_MORT,0
197,ALL_BUT_MORT,1
197,ANY120,1
197,ANY24,1
197,AXIS,0
197,BRN_,0
197,CRAN,0
197,DP24,1
197,EDEM,0
197,LTRK,0
197,MO24,0
197,MORT,1
197,MUSC,0
197,NC24,0
197,NC__,0
197,SKIN,0
197,SM24,0
197,TCHR,1
197,TOT_MORT,1
220,ALL_BUT_MORT,1
220,ANY120,1
220,ANY24,1
220,AXIS,1
220,BRN_,0
220,CRAN,0
220,DP24,1
220,EDEM,0
220,LTRK,0
220,MO24,1
220,MORT,1
220,MUSC,0
220,NC24,0
220,NC__,0
220,SKIN,0
220,SM24,0
220,TCHR,1
220,TOT_MORT,1
227,ALL_BUT_MORT,1
227,ANY120,1
227,ANY24,1
227,AXIS,1
227,BRN_,1
227,CRAN,1
227,DP24,1
227,EDEM,1
227,LTRK,1
227,MO24,1
227,MORT,1
227,MUSC,1
227,NC24,0
227,NC__,0
227,SKIN,1
227,SM24,0
227,TCHR,1
227,TOT_MORT,1
246,ALL_BUT_MORT,1
246,ANY120,1
246,ANY24,1
246,AXIS,1
246,BRN_,0
246,CRAN,0
246,DP24,1
246,EDEM,1
246,LTRK,1
246,MO24,1
246,MORT,1
246,MUSC,0
246,NC24,0
246,NC__,0
246,SKIN,0
246,SM24,0
246,TCHR,1
246,TOT_MORT,1
247,ALL_BUT_MORT,1
247,ANY120,1
247,ANY24,1
247,AXIS,1
247,BRN_,1
247,CRAN,1
247,DP24,1
247,EDEM,1
247,LTRK,0
247,MO24,1
247,MORT,1
247,MUSC,0
247,NC24,0
247,NC__,0
247,SKIN,0
247,SM24,0
247,TCHR,1
247,TOT_MORT,1
248,ALL_BUT_MORT,1
248,ANY120,1
248,ANY24,1
248,AXIS,1
248,BRN_,0
248,CRAN,1
248,DP24,0
248,EDEM,1
248,LTRK,0
248,MO24,1
248,MORT,1
248,MUSC,0
248,NC24,0
248,NC__,0
248,SKIN,0
248,SM24,0
248,TCHR,0
248,TOT_MORT,1
250,ALL_BUT_MORT,1
250,ANY120,0
250,ANY24,1
250,AXIS,1
250,BRN_,0
250,CRAN,0
250,DP24,1
250,EDEM,0
250,LTRK,1
250,MO24,1
250,MORT,0
250,MUSC,0
250,NC24,0
250,NC__,0
250,SKIN,0
250,SM24,0
250,TCHR,0
250,TOT_MORT,0
251,ALL_BUT_MORT,0
251,ANY120,0
251,ANY24,0
251,AXIS,0
251,BRN_,0
251,CRAN,0
251,DP24,0
251,EDEM,0
251,LTRK,0
251,MO24,0
251,MORT,0
251,MUSC,0
251,NC24,0
251,NC__,0
251,SKIN,0
251,SM24,0
251,TCHR,0
251,TOT_MORT,0
252,ALL_BUT_MORT,0
252,ANY120,0
252,ANY24,0
252,AXIS,0
252,BRN_,0
252,CRAN,0
252,DP24,0
252,EDEM,0
252,LTRK,0
252,MO24,0
252,MORT,1
252,MUSC,0
252,NC24,0
252,NC__,0
252,SKIN,0
252,SM24,0
252,TCHR,1
252,TOT_MORT,0
281,ALL_BUT_MORT,1
281,ANY120,1
281,ANY24,1
281,AXIS,1
281,BRN_,1
281,CRAN,1
281,DP24,1
281,EDEM,1
281,LTRK,1
281,MO24,0
281,MORT,1
281,MUSC,1
281,NC24,0
281,NC__,0
281,SKIN,0
281,SM24,0
281,TCHR,1
281,TOT_MORT,0
283,ALL_BUT_MORT,0
283,ANY120,1
283,ANY24,0
283,AXIS,1
283,BRN_,0
283,CRAN,1
283,DP24,0
283,EDEM,1
283,LTRK,1
283,MO24,0
283,MORT,1
283,MUSC,1
283,NC24,0
283,NC__,0
283,SKIN,0
283,SM24,0
283,TCHR,1
283,TOT_MORT,1
285,ALL_BUT_MORT,1
285,ANY120,1
285,ANY24,0
285,AXIS,1
285,BRN_,1
285,CRAN,1
285,DP24,0
285,EDEM,1
285,LTRK,1
285,MO24,0
285,MORT,1
285,MUSC,1
285,NC24,0
285,NC__,1
285,SKIN,0
285,SM24,0
285,TCHR,0
285,TOT_MORT,1
286,ALL_BUT_MORT,0
286,ANY120,0
286,ANY24,0
286,AXIS,0
286,BRN_,0
286,CRAN,0
286,DP24,0
286,EDEM,0
286,LTRK,0
286,MO24,0
286,MORT,0
286,MUSC,0
286,NC24,0
286,NC__,0
286,SKIN,0
286,SM24,0
286,TCHR,0
286,TOT_MORT,0
295,ALL_BUT_MORT,1
295,ANY120,1
295,ANY24,0
295,AXIS,0
295,BRN_,0
295,CRAN,0
295,DP24,0
295,EDEM,1
295,LTRK,1
295,MO24,0
295,MORT,1
295,MUSC,0
295,NC24,0
295,NC__,0
295,SKIN,0
295,SM24,0
295,TCHR,0
295,TOT_MORT,0
296,ALL_BUT_MORT,0
296,ANY120,1
296,ANY24,0
296,AXIS,1
296,BRN_,0
296,CRAN,0
296,DP24,0
296,EDEM,0
296,LTRK,0
296,MO24,0
296,MORT,1
296,MUSC,0
296,NC24,0
296,NC__,0
296,SKIN,0
296,SM24,0
296,TCHR,0
296,TOT_MORT,1
297,ALL_BUT_MORT,0
297,ANY120,0
297,ANY24,1
297,AXIS,1
297,BRN_,1
297,CRAN,1
297,DP24,1
297,EDEM,1
297,LTRK,1
297,MO24,0
297,MORT,0
297,MUSC,1
297,NC24,0
297,NC__,0
297,SKIN,0
297,SM24,0
297,TCHR,1
297,TOT_MORT,0
332,ALL_BUT_MORT,0
332,ANY120,0
332,ANY24,0
332,AXIS,0
332,BRN_,1
332,CRAN,1
332,DP24,0
332,EDEM,0
332,LTRK,0
332,MO24,0
332,MORT,0
332,MUSC,1
332,NC24,0
332,NC__,0
332,SKIN,0
332,SM24,0
332,TCHR,0
332,TOT_MORT,0
337,ALL_BUT_MORT,0
337,ANY120,0
337,ANY24,0
337,AXIS,0
337,BRN_,0
337,CRAN,0
337,DP24,1
337,EDEM,0
337,LTRK,0
337,MO24,0
337,MORT,0
337,MUSC,0
337,NC24,0
337,NC__,0
337,SKIN,0
337,SM24,0
337,TCHR,0
337,TOT_MORT,0
338,ALL_BUT_MORT,0
338,ANY120,0
338,ANY24,0
338,AXIS,0
338,BRN_,0
338,CRAN,0
338,DP24,0
338,EDEM,0
338,LTRK,0
338,MO24,1
338,MORT,0
338,MUSC,0
338,NC24,0
338,NC__,0
338,SKIN,0
338,SM24,0
338,TCHR,0
338,TOT_MORT,0
339,ALL_BUT_MORT,0
339,ANY120,0
339,ANY24,0
339,AXIS,0
339,BRN_,0
339,CRAN,1
339,DP24,0
339,EDEM,1
339,LTRK,0
339,MO24,0
339,MORT,0
339,MUSC,1
339,NC24,0
339,NC__,0
339,SKIN,1
339,SM24,0
339,TCHR,1
339,TOT_MORT,0
342,ALL_BUT_MORT,1
342,ANY120,1
342,ANY24,1
342,AXIS,1
342,BRN_,0
342,CRAN,0
342,DP24,1
342,EDEM,1
342,LTRK,1
342,MO24,0
342,MORT,1
342,MUSC,1
342,NC24,0
342,NC__,0
342,SKIN,1
342,SM24,0
342,TCHR,1
342,TOT_MORT,1
355,ALL_BUT_MORT,0
355,ANY120,0
355,ANY24,0
355,AXIS,0
355,BRN_,0
355,CRAN,0
355,DP24,0
355,EDEM,0
355,LTRK,0
355,MO24,0
355,MORT,0
355,MUSC,0
355,NC24,0
355,NC__,0
355,SKIN,0
355,SM24,0
355,TCHR,0
355,TOT_MORT,0
357,ALL_BUT_MORT,1
357,ANY120,0
357,ANY24,0
357,AXIS,1
357,BRN_,1
357,CRAN,0
357,DP24,1
357,EDEM,0
357,LTRK,0
357,MO24,0
357,MORT,0
357,MUSC,0
357,NC24,0
357,NC__,1
357,SKIN,1
357,SM24,0
357,TCHR,0
357,TOT_MORT,0
360,ALL_BUT_MORT,1
360,ANY120,1
360,ANY24,1
360,AXIS,1
360,BRN_,1
360,CRAN,1
360,DP24,0
360,EDEM,1
360,LTRK,1
360,MO24,1
360,MORT,1
360,MUSC,0
360,NC24,0
360,NC__,0
360,SKIN,0
360,SM24,0
360,TCHR,0
360,TOT_MORT,1
362,ALL_BUT_MORT,1
362,ANY120,1
362,ANY24,1
362,AXIS,1
362,BRN_,0
362,CRAN,1
362,DP24,1
362,EDEM,1
362,LTRK,1
362,MO24,0
362,MORT,1
362,MUSC,1
362,NC24,0
362,NC__,0
362,SKIN,1
362,SM24,0
362,TCHR,1
362,TOT_MORT,1
363,ALL_BUT_MORT,1
363,ANY120,1
363,ANY24,1
363,AXIS,0
363,BRN_,0
363,CRAN,1
363,DP24,0
363,EDEM,1
363,LTRK,0
363,MO24,1
363,MORT,0
363,MUSC,0
363,NC24,0
363,NC__,0
363,SKIN,0
363,SM24,0
363,TCHR,0
363,TOT_MORT,0
365,ALL_BUT_MORT,0
365,ANY120,1
365,ANY24,1
365,AXIS,0
365,BRN_,0
365,CRAN,0
365,DP24,0
365,EDEM,0
365,LTRK,0
365,MO24,1
365,MORT,1
365,MUSC,0
365,NC24,0
365,NC__,0
365,SKIN,0
365,SM24,0
365,TCHR,0
365,TOT_MORT,1
370,ALL_BUT_MORT,0
370,ANY120,0
370,ANY24,0
370,AXIS,0
370,BRN_,0
370,CRAN,0
370,DP24,0
370,EDEM,0
370,LTRK,0
370,MO24,0
370,MORT,0
370,MUSC,0
370,NC24,0
370,NC__,0
370,SKIN,0
370,SM24,0
370,TCHR,0
370,TOT_MORT,0
373,ALL_BUT_MORT,1
373,ANY120,1
373,ANY24,1
373,AXIS,0
373,BRN_,0
373,CRAN,0
373,DP24,1
373,EDEM,0
373,LTRK,0
373,MO24,1
373,MORT,1
373,MUSC,0
373,NC24,0
373,NC__,0
373,SKIN,0
373,SM24,1
373,TCHR,0
373,TOT_MORT,1
380,ALL_BUT_MORT,0
380,ANY120,0
380,ANY24,0
380,AXIS,0
380,BRN_,0
380,CRAN,0
380,DP24,0
380,EDEM,0
380,LTRK,0
380,MO24,1
380,MORT,0
380,MUSC,0
380,NC24,0
380,NC__,0
380,SKIN,0
380,SM24,0
380,TCHR,0
380,TOT_MORT,0
381,ALL_BUT_MORT,0
381,ANY120,1
381,ANY24,1
381,AXIS,1
381,BRN_,1
381,CRAN,1
381,DP24,0
381,EDEM,1
381,LTRK,1
381,MO24,1
381,MORT,1
381,MUSC,1
381,NC24,0
381,NC__,1
381,SKIN,0
381,SM24,0
381,TCHR,1
381,TOT_MORT,1
384,ALL_BUT_MORT,1
384,ANY120,1
384,ANY24,1
384,AXIS,1
384,BRN_,1
384,CRAN,1
384,DP24,0
384,EDEM,1
384,LTRK,1
384,MO24,1
384,MORT,1
384,MUSC,0
384,NC24,0
384,NC__,0
384,SKIN,0
384,SM24,0
384,TCHR,1
384,TOT_MORT,1
392,ALL_BUT_MORT,1
392,ANY120,1
392,ANY24,1
392,AXIS,1
392,BRN_,1
392,CRAN,1
392,DP24,0
392,EDEM,1
392,LTRK,1
392,MO24,1
392,MORT,1
392,MUSC,1
392,NC24,0
392,NC__,1
392,SKIN,1
392,SM24,0
392,TCHR,1
392,TOT_MORT,1
395,ALL_BUT_MORT,0
395,ANY120,0
395,ANY24,0
395,AXIS,0
395,BRN_,0
395,CRAN,0
395,DP24,0
395,EDEM,0
395,LTRK,0
395,MO24,0
395,MORT,0
395,MUSC,0
395,NC24,0
395,NC__,0
395,SKIN,0
395,SM24,0
395,TCHR,0
395,TOT_MORT,0
396,ALL_BUT_MORT,1
396,ANY120,1
396,ANY24,1
396,AXIS,1
396,BRN_,0
396,CRAN,1
396,DP24,0
396,EDEM,1
396,LTRK,1
396,MO24,1
396,MORT,1
396,MUSC,1
396,NC24,0
396,NC__,0
396,SKIN,0
396,SM24,0
396,TCHR,1
396,TOT_MORT,1
401,ALL_BUT_MORT,0
401,ANY120,0
401,ANY24,0
401,AXIS,0
401,BRN_,1
401,CRAN,1
401,DP24,0
401,EDEM,1
401,LTRK,0
401,MO24,0
401,MORT,0
401,MUSC,0
401,NC24,0
401,NC__,0
401,SKIN,1
401,SM24,0
401,TCHR,0
401,TOT_MORT,0
403,ALL_BUT_MORT,0
403,ANY120,0
403,ANY24,1
403,AXIS,0
403,BRN_,0
403,CRAN,0
403,DP24,0
403,EDEM,0
403,LTRK,0
403,MO24,1
403,MORT,1
403,MUSC,0
403,NC24,0
403,NC__,0
403,SKIN,0
403,SM24,0
403,TCHR,0
403,TOT_MORT,1
404,ALL_BUT_MORT,0
404,ANY120,1
404,ANY24,0
404,AXIS,0
404,BRN_,1
404,CRAN,0
404,DP24,0
404,EDEM,1
404,LTRK,0
404,MO24,0
404,MORT,1
404,MUSC,0
404,NC24,0
404,NC__,0
404,SKIN,0
404,SM24,0
404,TCHR,0
404,TOT_MORT,1
406,ALL_BUT_MORT,1
406,ANY120,0
406,ANY24,1
406,AXIS,1
406,BRN_,0
406,CRAN,0
406,DP24,1
406,EDEM,0
406,LTRK,1
406,MO24,0
406,MORT,1
406,MUSC,0
406,NC24,0
406,NC__,0
406,SKIN,0
406,SM24,0
406,TCHR,1
406,TOT_MORT,0
409,ALL_BUT_MORT,0
409,ANY120,1
409,ANY24,1
409,AXIS,0
409,BRN_,0
409,CRAN,0
409,DP24,0
409,EDEM,0
409,LTRK,0
409,MO24,1
409,MORT,0
409,MUSC,0
409,NC24,0
409,NC__,0
409,SKIN,0
409,SM24,0
409,TCHR,0
409,TOT_MORT,1
412,ALL_BUT_MORT,1
412,ANY120,1
412,ANY24,0
412,AXIS,1
412,BRN_,1
412,CRAN,1
412,DP24,0
412,EDEM,1
412,LTRK,1
412,MO24,0
412,MORT,1
412,MUSC,1
412,NC24,0
412,NC__,0
412,SKIN,0
412,SM24,0
412,TCHR,0
412,TOT_MORT,1
413,ALL_BUT_MORT,1
413,ANY120,1
413,ANY24,0
413,AXIS,1
413,BRN_,1
413,CRAN,1
413,DP24,0
413,EDEM,1
413,LTRK,0
413,MO24,0
413,MORT,0
413,MUSC,0
413,NC24,0
413,NC__,0
413,SKIN,1
413,SM24,0
413,TCHR,0
413,TOT_MORT,0
414,ALL_BUT_MORT,1
414,ANY120,1
414,ANY24,1
414,AXIS,1
414,BRN_,1
414,CRAN,1
414,DP24,0
414,EDEM,1
414,LTRK,1
414,MO24,1
414,MORT,0
414,MUSC,0
414,NC24,0
414,NC__,0
414,SKIN,0
414,SM24,0
414,TCHR,1
414,TOT_MORT,0
415,ALL_BUT_MORT,0
415,ANY120,0
415,ANY24,0
415,AXIS,0
415,BRN_,0
415,CRAN,0
415,DP24,0
415,EDEM,0
415,LTRK,0
415,MO24,1
415,MORT,0
415,MUSC,0
415,NC24,0
415,NC__,0
415,SKIN,0
415,SM24,0
415,TCHR,0
415,TOT_MORT,0
416,ALL_BUT_MORT,1
416,ANY120,1
416,ANY24,1
416,AXIS,0
416,BRN_,0
416,CRAN,0
416,DP24,1
416,EDEM,0
416,LTRK,1
416,MO24,0
416,MORT,1
416,MUSC,0
416,NC24,0
416,NC__,0
416,SKIN,0
416,SM24,0
416,TCHR,0
416,TOT_MORT,1
417,ALL_BUT_MORT,0
417,ANY120,0
417,ANY24,0
417,AXIS,0
417,BRN_,0
417,CRAN,0
417,DP24,0
417,EDEM,0
417,LTRK,1
417,MO24,0
417,MORT,0
417,MUSC,0
417,NC24,0
417,NC__,0
417,SKIN,0
417,SM24,0
417,TCHR,1
417,TOT_MORT,0
418,ALL_BUT_MORT,1
418,ANY120,1
418,ANY24,1
418,AXIS,1
418,BRN_,0
418,CRAN,1
418,DP24,1
418,EDEM,1
418,LTRK,0
418,MO24,0
418,MORT,0
418,MUSC,0
418,NC24,0
418,NC__,1
418,SKIN,0
418,SM24,0
418,TCHR,0
418,TOT_MORT,0
419,ALL_BUT_MORT,0
419,ANY120,1
419,ANY24,1
419,AXIS,0
419,BRN_,0
419,CRAN,0
419,DP24,0
419,EDEM,0
419,LTRK,0
419,MO24,1
419,MORT,1
419,MUSC,0
419,NC24,0
419,NC__,0
419,SKIN,0
419,SM24,0
419,TCHR,0
419,TOT_MORT,1
420,ALL_BUT_MORT,1
420,ANY120,1
420,ANY24,1
420,AXIS,0
420,BRN_,0
420,CRAN,0
420,DP24,1
420,EDEM,1
420,LTRK,0
420,MO24,0
420,MORT,0
420,MUSC,0
420,NC24,0
420,NC__,0
420,SKIN,0
420,SM24,0
420,TCHR,0
420,TOT_MORT,0
421,ALL_BUT_MORT,0
421,ANY120,0
421,ANY24,0
421,AXIS,1
421,BRN_,0
421,CRAN,0
421,DP24,0
421,EDEM,0
421,LTRK,1
421,MO24,0
421,MORT,0
421,MUSC,0
421,NC24,0
421,NC__,0
421,SKIN,0
421,SM24,0
421,TCHR,0
421,TOT_MORT,0
441,ALL_BUT_MORT,0
441,ANY120,1
441,ANY24,1
441,AXIS,1
441,BRN_,1
441,CRAN,1
441,DP24,0
441,EDEM,1
441,LTRK,1
441,MO24,1
441,MORT,1
441,MUSC,1
441,NC24,0
441,NC__,1
441,SKIN,0
441,SM24,0
441,TCHR,1
441,TOT_MORT,1
447,ALL_BUT_MORT,1
447,ANY120,1
447,ANY24,1
447,AXIS,1
447,BRN_,1
447,CRAN,1
447,DP24,1
447,EDEM,1
447,LTRK,1
447,MO24,0
447,MORT,1
447,MUSC,0
447,NC24,0
447,NC__,0
447,SKIN,0
447,SM24,0
447,TCHR,0
447,TOT_MORT,1
448,ALL_BUT_MORT,1
448,ANY120,1
448,ANY24,1
448,AXIS,1
448,BRN_,1
448,CRAN,1
448,DP24,0
448,EDEM,1
448,LTRK,0
448,MO24,1
448,MORT,0
448,MUSC,0
448,NC24,0
448,NC__,0
448,SKIN,0
448,SM24,0
448,TCHR,1
448,TOT_MORT,1
470,ALL_BUT_MORT,1
470,ANY120,1
470,ANY24,0
470,AXIS,1
470,BRN_,1
470,CRAN,1
470,DP24,1
470,EDEM,1
470,LTRK,1
470,MO24,0
470,MORT,0
470,MUSC,1
470,NC24,0
470,NC__,1
470,SKIN,1
470,SM24,0
470,TCHR,1
470,TOT_MORT,0
471,ALL_BUT_MORT,1
471,ANY120,1
471,ANY24,1
471,AXIS,1
471,BRN_,1
471,CRAN,1
471,DP24,1
471,EDEM,1
471,LTRK,1
471,MO24,1
471,MORT,1
471,MUSC,1
471,NC24,0
471,NC__,0
471,SKIN,1
471,SM24,1
471,TCHR,1
471,TOT_MORT,1
472,ALL_BUT_MORT,1
472,ANY120,1
472,ANY24,1
472,AXIS,1
472,BRN_,1
472,CRAN,1
472,DP24,1
472,EDEM,1
472,LTRK,1
472,MO24,1
472,MORT,1
472,MUSC,0
472,NC24,0
472,NC__,0
472,SKIN,1
472,SM24,0
472,TCHR,0
472,TOT_MORT,1
481,ALL_BUT_MORT,1
481,ANY120,1
481,ANY24,1
481,AXIS,1
481,BRN_,0
481,CRAN,0
481,DP24,1
481,EDEM,0
481,LTRK,1
481,MO24,1
481,MORT,1
481,MUSC,0
481,NC24,0
481,NC__,0
481,SKIN,0
481,SM24,0
481,TCHR,0
481,TOT_MORT,1
500,ALL_BUT_MORT,1
500,ANY120,1
500,ANY24,1
500,AXIS,1
500,BRN_,1
500,CRAN,1
500,DP24,1
500,EDEM,1
500,LTRK,1
500,MO24,1
500,MORT,1
500,MUSC,1
500,NC24,0
500,NC__,1
500,SKIN,1
500,SM24,0
500,TCHR,1
500,TOT_MORT,1
501,ALL_BUT_MORT,1
501,ANY120,1
501,ANY24,1
501,AXIS,0
501,BRN_,1
501,CRAN,0
501,DP24,1
501,EDEM,1
501,LTRK,0
501,MO24,1
501,MORT,1
501,MUSC,0
501,NC24,0
501,NC__,0
501,SKIN,0
501,SM24,0
501,TCHR,1
501,TOT_MORT,1
502,ALL_BUT_MORT,1
502,ANY120,1
502,ANY24,1
502,AXIS,1
502,BRN_,1
502,CRAN,1
502,DP24,1
502,EDEM,1
502,LTRK,1
502,MO24,1
502,MORT,1
502,MUSC,0
502,NC24,0
502,NC__,1
502,SKIN,0
502,SM24,0
502,TCHR,1
502,TOT_MORT,1
503,ALL_BUT_MORT,1
503,ANY120,1
503,ANY24,1
503,AXIS,1
503,BRN_,1
503,CRAN,1
503,DP24,0
503,EDEM,1
503,LTRK,1
503,MO24,1
503,MORT,1
503,MUSC,1
503,NC24,0
503,NC__,1
503,SKIN,1
503,SM24,0
503,TCHR,1
503,TOT_MORT,1
504,ALL_BUT_MORT,1
504,ANY120,1
504,ANY24,1
504,AXIS,1
504,BRN_,1
504,CRAN,1
504,DP24,1
504,EDEM,1
504,LTRK,1
504,MO24,1
504,MORT,1
504,MUSC,0
504,NC24,0
504,NC__,0
504,SKIN,0
504,SM24,0
504,TCHR,0
504,TOT_MORT,1
511,ALL_BUT_MORT,1
511,ANY120,1
511,ANY24,1
511,AXIS,1
511,BRN_,1
511,CRAN,1
511,DP24,1
511,EDEM,1
511,LTRK,1
511,MO24,1
511,MORT,1
511,MUSC,1
511,NC24,0
511,NC__,0
511,SKIN,1
511,SM24,0
511,TCHR,1
511,TOT_MORT,1
512,ALL_BUT_MORT,1
512,ANY120,1
512,ANY24,0
512,AXIS,1
512,BRN_,1
512,CRAN,1
512,DP24,0
512,EDEM,1
512,LTRK,0
512,MO24,1
512,MORT,1
512,MUSC,0
512,NC24,0
512,NC__,0
512,SKIN,0
512,SM24,0
512,TCHR,0
512,TOT_MORT,1
513,ALL_BUT_MORT,1
513,ANY120,1
513,ANY24,1
513,AXIS,1
513,BRN_,0
513,CRAN,0
513,DP24,0
513,EDEM,0
513,LTRK,0
513,MO24,1
513,MORT,0
513,MUSC,0
513,NC24,0
513,NC__,0
513,SKIN,0
513,SM24,0
513,TCHR,1
513,TOT_MORT,1
514,ALL_BUT_MORT,1
514,ANY120,1
514,ANY24,0
514,AXIS,1
514,BRN_,1
514,CRAN,1
514,DP24,0
514,EDEM,1
514,LTRK,1
514,MO24,0
514,MORT,1
514,MUSC,1
514,NC24,0
514,NC__,0
514,SKIN,1
514,SM24,0
514,TCHR,0
514,TOT_MORT,1
515,ALL_BUT_MORT,0
515,ANY120,1
515,ANY24,1
515,AXIS,0
515,BRN_,0
515,CRAN,0
515,DP24,1
515,EDEM,1
515,LTRK,0
515,MO24,0
515,MORT,1
515,MUSC,0
515,NC24,0
515,NC__,0
515,SKIN,0
515,SM24,0
515,TCHR,0
515,TOT_MORT,1
517,ALL_BUT_MORT,0
517,ANY120,0
517,ANY24,0
517,AXIS,0
517,BRN_,0
517,CRAN,0
517,DP24,0
517,EDEM,0
517,LTRK,1
517,MO24,0
517,MORT,0
517,MUSC,1
517,NC24,0
517,NC__,1
517,SKIN,0
517,SM24,0
517,TCHR,1
517,TOT_MORT,0
557,ALL_BUT_MORT,0
557,ANY120,1
557,ANY24,1
557,AXIS,1
557,BRN_,1
557,CRAN,1
557,DP24,0
557,EDEM,0
557,LTRK,1
557,MO24,1
557,MORT,0
557,MUSC,1
557,NC24,0
557,NC__,0
557,SKIN,1
557,SM24,1
557,TCHR,0
557,TOT_MORT,0
560,ALL_BUT_MORT,0
560,ANY120,0
560,ANY24,0
560,AXIS,0
560,BRN_,1
560,CRAN,1
560,DP24,1
560,EDEM,0
560,LTRK,1
560,MO24,0
560,MORT,0
560,MUSC,1
560,NC24,0
560,NC__,0
560,SKIN,1
560,SM24,0
560,TCHR,1
560,TOT_MORT,0
581,ALL_BUT_MORT,0
581,ANY120,0
581,ANY24,0
581,AXIS,1
581,BRN_,1
581,CRAN,1
581,DP24,0
581,EDEM,0
581,LTRK,1
581,MO24,0
581,MORT,0
581,MUSC,1
581,NC24,0
581,NC__,0
581,SKIN,0
581,SM24,1
581,TCHR,1
581,TOT_MORT,0
585,ALL_BUT_MORT,1
585,ANY120,1
585,ANY24,1
585,AXIS,0
585,BRN_,0
585,CRAN,0
585,DP24,0
585,EDEM,0
585,LTRK,0
585,MO24,1
585,MORT,1
585,MUSC,0
585,NC24,0
585,NC__,0
585,SKIN,0
585,SM24,0
585,TCHR,0
585,TOT_MORT,1
596,ALL_BUT_MORT,1
596,ANY120,1
596,ANY24,1
596,AXIS,1
596,BRN_,1
596,CRAN,1
596,DP24,0
596,EDEM,1
596,LTRK,1
596,MO24,1
596,MORT,1
596,MUSC,1
596,NC24,0
596,NC__,1
596,SKIN,0
596,SM24,0
596,TCHR,1
596,TOT_MORT,1
597,ALL_BUT_MORT,0
597,ANY120,1
597,ANY24,1
597,AXIS,1
597,BRN_,1
597,CRAN,1
597,DP24,0
597,EDEM,1
597,LTRK,1
597,MO24,1
597,MORT,1
597,MUSC,1
597,NC24,0
597,NC__,1
597,SKIN,0
597,SM24,0
597,TCHR,1
597,TOT_MORT,1
599,ALL_BUT_MORT,1
599,ANY120,1
599,ANY24,1
599,AXIS,0
599,BRN_,0
599,CRAN,0
599,DP24,1
599,EDEM,0
599,LTRK,0
599,MO24,1
599,MORT,1
599,MUSC,0
599,NC24,0
599,NC__,0
599,SKIN,0
599,SM24,0
599,TCHR,0
599,TOT_MORT,1
601,ALL_BUT_MORT,1
601,ANY120,1
601,ANY24,1
601,AXIS,0
601,BRN_,0
601,CRAN,0
601,DP24,1
601,EDEM,0
601,LTRK,0
601,MO24,1
601,MORT,1
601,MUSC,0
601,NC24,0
601,NC__,0
601,SKIN,0
601,SM24,0
601,TCHR,0
601,TOT_MORT,1
602,ALL_BUT_MORT,1
602,ANY120,1
602,ANY24,1
602,AXIS,1
602,BRN_,1
602,CRAN,1
602,DP24,1
602,EDEM,1
602,LTRK,1
602,MO24,1
602,MORT,1
602,MUSC,1
602,NC24,0
602,NC__,1
602,SKIN,1
602,SM24,0
602,TCHR,1
602,TOT_MORT,1
606,ALL_BUT_MORT,0
606,ANY120,1
606,ANY24,1
606,AXIS,0
606,BRN_,0
606,CRAN,0
606,DP24,0
606,EDEM,0
606,LTRK,0
606,MO24,1
606,MORT,1
606,MUSC,0
606,NC24,0
606,NC__,0
606,SKIN,0
606,SM24,0
606,TCHR,0
606,TOT_MORT,1
607,ALL_BUT_MORT,0
607,ANY120,0
607,ANY24,0
607,AXIS,0
607,BRN_,0
607,CRAN,0
607,DP24,0
607,EDEM,0
607,LTRK,0
607,MO24,1
607,MORT,1
607,MUSC,0
607,NC24,0
607,NC__,0
607,SKIN,0
607,SM24,0
607,TCHR,0
607,TOT_MORT,1
609,ALL_BUT_MORT,1
609,ANY120,1
609,ANY24,1
609,AXIS,0
609,BRN_,1
609,CRAN,1
609,DP24,1
609,EDEM,1
609,LTRK,0
609,MO24,1
609,MORT,0
609,MUSC,0
609,NC24,0
609,NC__,0
609,SKIN,0
609,SM24,0
609,TCHR,0
609,TOT_MORT,1
618,ALL_BUT_MORT,0
618,ANY120,0
618,ANY24,0
618,AXIS,0
618,BRN_,0
618,CRAN,0
618,DP24,0
618,EDEM,0
618,LTRK,0
618,MO24,0
618,MORT,0
618,MUSC,0
618,NC24,0
618,NC__,0
618,SKIN,0
618,SM24,0
618,TCHR,0
618,TOT_MORT,0
628,ALL_BUT_MORT,0
628,ANY120,1
628,ANY24,1
628,AXIS,0
628,BRN_,0
628,CRAN,1
628,DP24,0
628,EDEM,1
628,LTRK,0
628,MO24,1
628,MORT,1
628,MUSC,0
628,NC24,0
628,NC__,0
628,SKIN,0
628,SM24,0
628,TCHR,0
628,TOT_MORT,1
629,ALL_BUT_MORT,1
629,ANY120,1
629,ANY24,1
629,AXIS,1
629,BRN_,1
629,CRAN,1
629,DP24,1
629,EDEM,1
629,LTRK,1
629,MO24,1
629,MORT,1
629,MUSC,1
629,NC24,1
629,NC__,1
629,SKIN,0
629,SM24,1
629,TCHR,1
629,TOT_MORT,1
667,ALL_BUT_MORT,1
667,ANY120,1
667,ANY24,1
667,AXIS,1
667,BRN_,1
667,CRAN,1
667,DP24,1
667,EDEM,1
667,LTRK,1
667,MO24,1
667,MORT,1
667,MUSC,1
667,NC24,0
667,NC__,0
667,SKIN,0
667,SM24,0
667,TCHR,1
667,TOT_MORT,1
674,ALL_BUT_MORT,0
674,ANY120,1
674,ANY24,1
674,AXIS,0
674,BRN_,0
674,CRAN,0
674,DP24,0
674,EDEM,0
674,LTRK,0
674,MO24,1
674,MORT,1
674,MUSC,0
674,NC24,0
674,NC__,0
674,SKIN,0
674,SM24,0
674,TCHR,0
674,TOT_MORT,1
689,ALL_BUT_MORT,1
689,ANY120,1
689,ANY24,0
689,AXIS,1
689,BRN_,1
689,CRAN,1
689,DP24,0
689,EDEM,1
689,LTRK,1
689,MO24,0
689,MORT,1
689,MUSC,1
689,NC24,0
689,NC__,0
689,SKIN,0
689,SM24,0
689,TCHR,0
689,TOT_MORT,0
691,ALL_BUT_MORT,1
691,ANY120,1
691,ANY24,1
691,AXIS,1
691,BRN_,1
691,CRAN,1
691,DP24,0
691,EDEM,1
691,LTRK,1
691,MO24,1
691,MORT,1
691,MUSC,0
691,NC24,0
691,NC__,0
691,SKIN,0
691,SM24,0
691,TCHR,0
691,TOT_MORT,1
694,ALL_BUT_MORT,1
694,ANY120,1
694,ANY24,1
694,AXIS,1
694,BRN_,1
694,CRAN,1
694,DP24,1
694,EDEM,1
694,LTRK,1
694,MO24,1
694,MORT,1
694,MUSC,1
694,NC24,0
694,NC__,0
694,SKIN,0
694,SM24,0
694,TCHR,1
694,TOT_MORT,1
696,ALL_BUT_MORT,1
696,ANY120,0
696,ANY24,0
696,AXIS,0
696,BRN_,0
696,CRAN,0
696,DP24,0
696,EDEM,0
696,LTRK,0
696,MO24,0
696,MORT,0
696,MUSC,0
696,NC24,0
696,NC__,0
696,SKIN,0
696,SM24,0
696,TCHR,1
696,TOT_MORT,0
697,ALL_BUT_MORT,0
697,ANY120,1
697,ANY24,1
697,AXIS,0
697,BRN_,0
697,CRAN,0
697,DP24,0
697,EDEM,0
697,LTRK,0
697,MO24,1
697,MORT,0
697,MUSC,0
697,NC24,0
697,NC__,1
697,SKIN,0
697,SM24,0
697,TCHR,0
697,TOT_MORT,1
702,ALL_BUT_MORT,1
702,ANY120,1
702,ANY24,1
702,AXIS,1
702,BRN_,1
702,CRAN,1
702,DP24,1
702,EDEM,1
702,LTRK,1
702,MO24,1
702,MORT,1
702,MUSC,1
702,NC24,0
702,NC__,0
702,SKIN,1
702,SM24,0
702,TCHR,1
702,TOT_MORT,1
721,ALL_BUT_MORT,1
721,ANY120,1
721,ANY24,1
721,AXIS,1
721,BRN_,1
721,CRAN,1
721,DP24,1
721,EDEM,1
721,LTRK,1
721,MO24,1
721,MORT,1
721,MUSC,0
721,NC24,0
721,NC__,0
721,SKIN,0
721,SM24,0
721,TCHR,1
721,TOT_MORT,1
722,ALL_BUT_MORT,1
722,ANY120,1
722,ANY24,1
722,AXIS,1
722,BRN_,1
722,CRAN,1
722,DP24,1
722,EDEM,1
722,LTRK,1
722,MO24,0
722,MORT,1
722,MUSC,0
722,NC24,0
722,NC__,0
722,SKIN,0
722,SM24,0
722,TCHR,0
722,TOT_MORT,1
740,ALL_BUT_MORT,1
740,ANY120,1
740,ANY24,1
740,AXIS,0
740,BRN_,0
740,CRAN,1
740,DP24,1
740,EDEM,1
740,LTRK,0
740,MO24,1
740,MORT,1
740,MUSC,0
740,NC24,0
740,NC__,0
740,SKIN,0
740,SM24,0
740,TCHR,0
740,TOT_MORT,1
741,ALL_BUT_MORT,1
741,ANY120,1
741,ANY24,1
741,AXIS,0
741,BRN_,0
741,CRAN,0
741,DP24,1
741,EDEM,0
741,LTRK,0
741,MO24,1
741,MORT,1
741,MUSC,0
741,NC24,0
741,NC__,0
741,SKIN,0
741,SM24,0
741,TCHR,0
741,TOT_MORT,1
746,ALL_BUT_MORT,1
746,ANY120,1
746,ANY24,1
746,AXIS,1
746,BRN_,1
746,CRAN,1
746,DP24,0
746,EDEM,1
746,LTRK,1
746,MO24,1
746,MORT,1
746,MUSC,0
746,NC24,0
746,NC__,1
746,SKIN,0
746,SM24,0
746,TCHR,0
746,TOT_MORT,1
747,ALL_BUT_MORT,1
747,ANY120,1
747,ANY24,1
747,AXIS,1
747,BRN_,0
747,CRAN,1
747,DP24,0
747,EDEM,1
747,LTRK,1
747,MO24,1
747,MORT,1
747,MUSC,0
747,NC24,0
747,NC__,0
747,SKIN,0
747,SM24,0
747,TCHR,1
747,TOT_MORT,1
768,ALL_BUT_MORT,1
768,ANY120,1
768,ANY24,1
768,AXIS,1
768,BRN_,0
768,CRAN,1
768,DP24,1
768,EDEM,1
768,LTRK,1
768,MO24,1
768,MORT,1
768,MUSC,0
768,NC24,0
768,NC__,0
768,SKIN,0
768,SM24,0
768,TCHR,1
768,TOT_MORT,1
769,ALL_BUT_MORT,1
769,ANY120,1
769,ANY24,1
769,AXIS,0
769,BRN_,0
769,CRAN,1
769,DP24,0
769,EDEM,1
769,LTRK,0
769,MO24,1
769,MORT,1
769,MUSC,0
769,NC24,0
769,NC__,0
769,SKIN,0
769,SM24,0
769,TCHR,0
769,TOT_MORT,1
770,ALL_BUT_MORT,0
770,ANY120,0
770,ANY24,0
770,AXIS,1
770,BRN_,0
770,CRAN,0
770,DP24,0
770,EDEM,0
770,LTRK,1
770,MO24,0
770,MORT,0
770,MUSC,1
770,NC24,0
770,NC__,1
770,SKIN,0
770,SM24,0
770,TCHR,0
770,TOT_MORT,0
771,ALL_BUT_MORT,1
771,ANY120,1
771,ANY24,1
771,AXIS,1
771,BRN_,1
771,CRAN,1
771,DP24,0
771,EDEM,1
771,LTRK,1
771,MO24,1
771,MORT,1
771,MUSC,1
771,NC24,0
771,NC__,0
771,SKIN,1
771,SM24,0
771,TCHR,1
771,TOT_MORT,1
774,ALL_BUT_MORT,1
774,ANY120,1
774,ANY24,0
774,AXIS,1
774,BRN_,1
774,CRAN,1
774,DP24,0
774,EDEM,1
774,LTRK,1
774,MO24,0
774,MORT,1
774,MUSC,1
774,NC24,0
774,NC__,1
774,SKIN,0
774,SM24,0
774,TCHR,1
774,TOT_MORT,1
775,ALL_BUT_MORT,1
775,ANY120,1
775,ANY24,1
775,AXIS,1
775,BRN_,1
775,CRAN,1
775,DP24,0
775,EDEM,1
775,LTRK,1
775,MO24,1
775,MORT,1
775,MUSC,1
775,NC24,0
775,NC__,0
775,SKIN,0
775,SM24,0
775,TCHR,0
775,TOT_MORT,1
776,ALL_BUT_MORT,0
776,ANY120,0
776,ANY24,0
776,AXIS,0
776,BRN_,0
776,CRAN,0
776,DP24,0
776,EDEM,0
776,LTRK,0
776,MO24,0
776,MORT,0
776,MUSC,0
776,NC24,0
776,NC__,0
776,SKIN,0
776,SM24,0
776,TCHR,0
776,TOT_MORT,0
777,ALL_BUT_MORT,1
777,ANY120,1
777,ANY24,1
777,AXIS,1
777,BRN_,1
777,CRAN,1
777,DP24,1
777,EDEM,1
777,LTRK,1
777,MO24,0
777,MORT,1
777,MUSC,0
777,NC24,0
777,NC__,0
777,SKIN,0
777,SM24,0
777,TCHR,1
777,TOT_MORT,1
778,ALL_BUT_MORT,1
778,ANY120,1
778,ANY24,1
778,AXIS,1
778,BRN_,1
778,CRAN,1
778,DP24,1
778,EDEM,1
778,LTRK,1
778,MO24,1
778,MORT,1
778,MUSC,0
778,NC24,0
778,NC__,0
778,SKIN,0
778,SM24,0
778,TCHR,1
778,TOT_MORT,1
946,ALL_BUT_MORT,1
946,ANY120,1
946,ANY24,0
946,AXIS,1
946,BRN_,1
946,CRAN,1
946,DP24,0
946,EDEM,1
946,LTRK,1
946,MO24,0
946,MORT,1
946,MUSC,1
946,NC24,0
946,NC__,1
946,SKIN,0
946,SM24,0
946,TCHR,1
946,TOT_MORT,1
947,ALL_BUT_MORT,0
947,ANY120,0
947,ANY24,0
947,AXIS,0
947,BRN_,0
947,CRAN,0
947,DP24,0
947,EDEM,0
947,LTRK,0
947,MO24,0
947,MORT,0
947,MUSC,0
947,NC24,0
947,NC__,0
947,SKIN,0
947,SM24,0
947,TCHR,0
947,TOT_MORT,0
948,ALL_BUT_MORT,0
948,ANY120,1
948,ANY24,1
948,AXIS,0
948,BRN_,0
948,CRAN,0
948,DP24,0
948,EDEM,0
948,LTRK,0
948,MO24,1
948,MORT,1
948,MUSC,0
948,NC24,0
948,NC__,0
948,SKIN,0
948,SM24,0
948,TCHR,0
948,TOT_MORT,1
949,ALL_BUT_MORT,1
949,ANY120,1
949,ANY24,1
949,AXIS,1
949,BRN_,1
949,CRAN,0
949,DP24,0
949,EDEM,1
949,LTRK,0
949,MO24,1
949,MORT,1
949,MUSC,1
949,NC24,0
949,NC__,0
949,SKIN,1
949,SM24,0
949,TCHR,1
949,TOT_MORT,1
951,ALL_BUT_MORT,1
951,ANY120,1
951,ANY24,0
951,AXIS,0
951,BRN_,0
951,CRAN,1
951,DP24,0
951,EDEM,0
951,LTRK,0
951,MO24,0
951,MORT,0
951,MUSC,0
951,NC24,0
951,NC__,0
951,SKIN,0
951,SM24,0
951,TCHR,1
951,TOT_MORT,0
952,ALL_BUT_MORT,1
952,ANY120,1
952,ANY24,0
952,AXIS,1
952,BRN_,1
952,CRAN,1
952,DP24,0
952,EDEM,1
952,LTRK,0
952,MO24,0
952,MORT,1
952,MUSC,0
952,NC24,0
952,NC__,0
952,SKIN,0
952,SM24,0
952,TCHR,0
952,TOT_MORT,0
961,ALL_BUT_MORT,1
961,ANY120,0
961,ANY24,0
961,AXIS,1
961,BRN_,1
961,CRAN,1
961,DP24,0
961,EDEM,1
961,LTRK,1
961,MO24,0
961,MORT,1
961,MUSC,0
961,NC24,0
961,NC__,0
961,SKIN,0
961,SM24,0
961,TCHR,1
961,TOT_MORT,0
965,ALL_BUT_MORT,1
965,ANY120,1
965,ANY24,1
965,AXIS,1
965,BRN_,1
965,CRAN,1
965,DP24,1
965,EDEM,1
965,LTRK,1
965,MO24,1
965,MORT,1
965,MUSC,1
965,NC24,0
965,NC__,0
965,SKIN,0
965,SM24,0
965,TCHR,1
965,TOT_MORT,1
966,ALL_BUT_MORT,0
966,ANY120,1
966,ANY24,1
966,AXIS,1
966,BRN_,0
966,CRAN,1
966,DP24,0
966,EDEM,0
966,LTRK,0
966,MO24,1
966,MORT,1
966,MUSC,0
966,NC24,0
966,NC__,0
966,SKIN,0
966,SM24,0
966,TCHR,0
966,TOT_MORT,1
998,ALL_BUT_MORT,1
998,ANY120,1
998,ANY24,1
998,AXIS,1
998,BRN_,1
998,CRAN,1
998,DP24,0
998,EDEM,1
998,LTRK,1
998,MO24,1
998,MORT,1
998,MUSC,1
998,NC24,0
998,NC__,1
998,SKIN,0
998,SM24,0
998,TCHR,1
998,TOT_MORT,1
1030,ALL_BUT_MORT,0
1030,ANY120,0
1030,ANY24,1
1030,AXIS,0
1030,BRN_,0
1030,CRAN,0
1030,DP24,0
1030,EDEM,0
1030,LTRK,0
1030,MO24,1
1030,MORT,0
1030,MUSC,0
1030,NC24,0
1030,NC__,0
1030,SKIN,0
1030,SM24,0
1030,TCHR,0
1030,TOT_MORT,1
1031,ALL_BUT_MORT,1
1031,ANY120,1
1031,ANY24,1
1031,AXIS,1
1031,BRN_,1
1031,CRAN,1
1031,DP24,1
1031,EDEM,1
1031,LTRK,1
1031,MO24,0
1031,MORT,1
1031,MUSC,1
1031,NC24,1
1031,NC__,1
1031,SKIN,0
1031,SM24,0
1031,TCHR,0
1031,TOT_MORT,1
1105,ALL_BUT_MORT,1
1105,ANY120,1
1105,ANY24,1
1105,AXIS,1
1105,BRN_,0
1105,CRAN,0
1105,DP24,1
1105,EDEM,0
1105,LTRK,1
1105,MO24,0
1105,MORT,0
1105,MUSC,0
1105,NC24,0
1105,NC__,0
1105,SKIN,0
1105,SM24,0
1105,TCHR,0
1105,TOT_MORT,0
1114,ALL_BUT_MORT,0
1114,ANY120,0
1114,ANY24,1
1114,AXIS,1
1114,BRN_,1
1114,CRAN,1
1114,DP24,0
1114,EDEM,1
1114,LTRK,1
1114,MO24,1
1114,MORT,1
1114,MUSC,1
1114,NC24,0
1114,NC__,0
1114,SKIN,0
1114,SM24,0
1114,TCHR,1
1114,TOT_MORT,0
1119,ALL_BUT_MORT,1
1119,ANY120,1
1119,ANY24,1
1119,AXIS,1
1119,BRN_,0
1119,CRAN,1
1119,DP24,1
1119,EDEM,0
1119,LTRK,0
1119,MO24,0
1119,MORT,1
1119,MUSC,0
1119,NC24,0
1119,NC__,0
1119,SKIN,0
1119,SM24,0
1119,TCHR,0
1119,TOT_MORT,1
1161,ALL_BUT_MORT,1
1161,ANY120,1
1161,ANY24,1
1161,AXIS,1
1161,BRN_,1
1161,CRAN,1
1161,DP24,0
1161,EDEM,1
1161,LTRK,0
1161,MO24,1
1161,MORT,1
1161,MUSC,0
1161,NC24,0
1161,NC__,0
1161,SKIN,0
1161,SM24,0
1161,TCHR,1
1161,TOT_MORT,1
1163,ALL_BUT_MORT,1
1163,ANY120,1
1163,ANY24,1
1163,AXIS,1
1163,BRN_,1
1163,CRAN,1
1163,DP24,0
1163,EDEM,1
1163,LTRK,1
1163,MO24,1
1163,MORT,1
1163,MUSC,1
1163,NC24,0
1163,NC__,1
1163,SKIN,0
1163,SM24,0
1163,TCHR,1
1163,TOT_MORT,1
1166,ALL_BUT_MORT,1
1166,ANY120,1
1166,ANY24,1
1166,AXIS,1
1166,BRN_,1
1166,CRAN,1
1166,DP24,0
1166,EDEM,1
1166,LTRK,1
1166,MO24,1
1166,MORT,1
1166,MUSC,1
1166,NC24,0
1166,NC__,0
1166,SKIN,0
1166,SM24,0
1166,TCHR,0
1166,TOT_MORT,1
1167,ALL_BUT_MORT,1
1167,ANY120,1
1167,ANY24,0
1167,AXIS,1
1167,BRN_,0
1167,CRAN,1
1167,DP24,1
1167,EDEM,0
1167,LTRK,1
1167,MO24,0
1167,MORT,0
1167,MUSC,0
1167,NC24,0
1167,NC__,0
1167,SKIN,1
1167,SM24,0
1167,TCHR,1
1167,TOT_MORT,0
1171,ALL_BUT_MORT,1
1171,ANY120,1
1171,ANY24,0
1171,AXIS,1
1171,BRN_,1
1171,CRAN,1
1171,DP24,0
1171,EDEM,1
1171,LTRK,1
1171,MO24,0
1171,MORT,1
1171,MUSC,0
1171,NC24,0
1171,NC__,0
1171,SKIN,0
1171,SM24,0
1171,TCHR,0
1171,TOT_MORT,1
1172,ALL_BUT_MORT,1
1172,ANY120,1
1172,ANY24,0
1172,AXIS,0
1172,BRN_,1
1172,CRAN,1
1172,DP24,1
1172,EDEM,1
1172,LTRK,1
1172,MO24,0
1172,MORT,0
1172,MUSC,1
1172,NC24,0
1172,NC__,0
1172,SKIN,0
1172,SM24,0
1172,TCHR,1
1172,TOT_MORT,0
1174,ALL_BUT_MORT,0
1174,ANY120,0
1174,ANY24,0
1174,AXIS,0
1174,BRN_,1
1174,CRAN,0
1174,DP24,0
1174,EDEM,1
1174,LTRK,0
1174,MO24,0
1174,MORT,0
1174,MUSC,0
1174,NC24,0
1174,NC__,0
1174,SKIN,0
1174,SM24,0
1174,TCHR,0
1174,TOT_MORT,0
1175,ALL_BUT_MORT,1
1175,ANY120,1
1175,ANY24,1
1175,AXIS,0
1175,BRN_,1
1175,CRAN,1
1175,DP24,0
1175,EDEM,1
1175,LTRK,1
1175,MO24,1
1175,MORT,1
1175,MUSC,0
1175,NC24,0
1175,NC__,0
1175,SKIN,0
1175,SM24,0
1175,TCHR,0
1175,TOT_MORT,1
1176,ALL_BUT_MORT,1
1176,ANY120,1
1176,ANY24,0
1176,AXIS,1
1176,BRN_,1
1176,CRAN,0
1176,DP24,0
1176,EDEM,1
1176,LTRK,0
1176,MO24,0
1176,MORT,0
1176,MUSC,0
1176,NC24,0
1176,NC__,0
1176,SKIN,0
1176,SM24,0
1176,TCHR,1
1176,TOT_MORT,0
1177,ALL_BUT_MORT,1
1177,ANY120,1
1177,ANY24,0
1177,AXIS,1
1177,BRN_,1
1177,CRAN,1
1177,DP24,0
1177,EDEM,1
1177,LTRK,1
1177,MO24,0
1177,MORT,1
1177,MUSC,1
1177,NC24,0
1177,NC__,1
1177,SKIN,0
1177,SM24,0
1177,TCHR,1
1177,TOT_MORT,1
1178,ALL_BUT_MORT,1
1178,ANY120,1
1178,ANY24,1
1178,AXIS,0
1178,BRN_,0
1178,CRAN,0
1178,DP24,1
1178,EDEM,0
1178,LTRK,0
1178,MO24,1
1178,MORT,0
1178,MUSC,0
1178,NC24,0
1178,NC__,0
1178,SKIN,0
1178,SM24,0
1178,TCHR,0
1178,TOT_MORT,1
1179,ALL_BUT_MORT,0
1179,ANY120,0
1179,ANY24,1
1179,AXIS,0
1179,BRN_,0
1179,CRAN,0
1179,DP24,0
1179,EDEM,0
1179,LTRK,0
1179,MO24,1
1179,MORT,1
1179,MUSC,1
1179,NC24,0
1179,NC__,0
1179,SKIN,0
1179,SM24,0
1179,TCHR,0
1179,TOT_MORT,1
1180,ALL_BUT_MORT,1
1180,ANY120,1
1180,ANY24,0
1180,AXIS,1
1180,BRN_,1
1180,CRAN,1
1180,DP24,0
1180,EDEM,1
1180,LTRK,1
1180,MO24,0
1180,MORT,1
1180,MUSC,1
1180,NC24,0
1180,NC__,0
1180,SKIN,0
1180,SM24,0
1180,TCHR,1
1180,TOT_MORT,1
1182,ALL_BUT_MORT,1
1182,ANY120,1
1182,ANY24,1
1182,AXIS,1
1182,BRN_,1
1182,CRAN,1
1182,DP24,1
1182,EDEM,1
1182,LTRK,1
1182,MO24,1
1182,MORT,1
1182,MUSC,0
1182,NC24,1
1182,NC__,0
1182,SKIN,0
1182,SM24,1
1182,TCHR,1
1182,TOT_MORT,1
1183,ALL_BUT_MORT,1
1183,ANY120,0
1183,ANY24,1
1183,AXIS,1
1183,BRN_,0
1183,CRAN,1
1183,DP24,0
1183,EDEM,1
1183,LTRK,0
1183,MO24,1
1183,MORT,0
1183,MUSC,0
1183,NC24,0
1183,NC__,0
1183,SKIN,0
1183,SM24,0
1183,TCHR,0
1183,TOT_MORT,0
1187,ALL_BUT_MORT,1
1187,ANY120,0
1187,ANY24,0
1187,AXIS,0
1187,BRN_,0
1187,CRAN,0
1187,DP24,1
1187,EDEM,0
1187,LTRK,0
1187,MO24,0
1187,MORT,0
1187,MUSC,0
1187,NC24,0
1187,NC__,0
1187,SKIN,0
1187,SM24,0
1187,TCHR,0
1187,TOT_MORT,0
1211,ALL_BUT_MORT,1
1211,ANY120,1
1211,ANY24,1
1211,AXIS,1
1211,BRN_,1
1211,CRAN,1
1211,DP24,0
1211,EDEM,1
1211,LTRK,1
1211,MO24,1
1211,MORT,1
1211,MUSC,0
1211,NC24,0
1211,NC__,0
1211,SKIN,0
1211,SM24,0
1211,TCHR,1
1211,TOT_MORT,1
1221,ALL_BUT_MORT,0
1221,ANY120,0
1221,ANY24,1
1221,AXIS,1
1221,BRN_,0
1221,CRAN,0
1221,DP24,0
1221,EDEM,1
1221,LTRK,1
1221,MO24,1
1221,MORT,0
1221,MUSC,0
1221,NC24,0
1221,NC__,0
1221,SKIN,0
1221,SM24,0
1221,TCHR,1
1221,TOT_MORT,0
1268,ALL_BUT_MORT,0
1268,ANY120,0
1268,ANY24,1
1268,AXIS,0
1268,BRN_,0
1268,CRAN,0
1268,DP24,0
1268,EDEM,0
1268,LTRK,0
1268,MO24,1
1268,MORT,1
1268,MUSC,0
1268,NC24,0
1268,NC__,0
1268,SKIN,0
1268,SM24,0
1268,TCHR,0
1268,TOT_MORT,1
1271,ALL_BUT_MORT,1
1271,ANY120,1
1271,ANY24,0
1271,AXIS,1
1271,BRN_,1
1271,CRAN,1
1271,DP24,1
1271,EDEM,1
1271,LTRK,1
1271,MO24,0
1271,MORT,1
1271,MUSC,1
1271,NC24,0
1271,NC__,0
1271,SKIN,0
1271,SM24,0
1271,TCHR,1
1271,TOT_MORT,1
1273,ALL_BUT_MORT,1
1273,ANY120,1
1273,ANY24,0
1273,AXIS,0
1273,BRN_,1
1273,CRAN,1
1273,DP24,1
1273,EDEM,0
1273,LTRK,0
1273,MO24,0
1273,MORT,0
1273,MUSC,0
1273,NC24,0
1273,NC__,0
1273,SKIN,0
1273,SM24,0
1273,TCHR,1
1273,TOT_MORT,0
1307,ALL_BUT_MORT,0
1307,ANY120,0
1307,ANY24,0
1307,AXIS,0
1307,BRN_,0
1307,CRAN,0
1307,DP24,0
1307,EDEM,0
1307,LTRK,0
1307,MO24,0
1307,MORT,0
1307,MUSC,1
1307,NC24,0
1307,NC__,0
1307,SKIN,0
1307,SM24,0
1307,TCHR,0
1307,TOT_MORT,0
1310,ALL_BUT_MORT,0
1310,ANY120,0
1310,ANY24,0
1310,AXIS,0
1310,BRN_,0
1310,CRAN,0
1310,DP24,0
1310,EDEM,1
1310,LTRK,0
1310,MO24,1
1310,MORT,0
1310,MUSC,0
1310,NC24,0
1310,NC__,0
1310,SKIN,0
1310,SM24,0
1310,TCHR,0
1310,TOT_MORT,0
1316,ALL_BUT_MORT,1
1316,ANY120,1
1316,ANY24,1
1316,AXIS,1
1316,BRN_,1
1316,CRAN,1
1316,DP24,1
1316,EDEM,1
1316,LTRK,0
1316,MO24,1
1316,MORT,1
1316,MUSC,0
1316,NC24,0
1316,NC__,0
1316,SKIN,0
1316,SM24,0
1316,TCHR,1
1316,TOT_MORT,1
1327,ALL_BUT_MORT,1
1327,ANY120,0
1327,ANY24,0
1327,AXIS,0
1327,BRN_,0
1327,CRAN,0
1327,DP24,1
1327,EDEM,1
1327,LTRK,1
1327,MO24,0
1327,MORT,0
1327,MUSC,0
1327,NC24,0
1327,NC__,0
1327,SKIN,0
1327,SM24,0
1327,TCHR,0
1327,TOT_MORT,0
1354,ALL_BUT_MORT,0
1354,ANY120,0
1354,ANY24,0
1354,AXIS,0
1354,BRN_,0
1354,CRAN,0
1354,DP24,1
1354,EDEM,0
1354,LTRK,0
1354,MO24,0
1354,MORT,1
1354,MUSC,0
1354,NC24,0
1354,NC__,0
1354,SKIN,0
1354,SM24,0
1354,TCHR,0
1354,TOT_MORT,0
1363,ALL_BUT_MORT,1
1363,ANY120,1
1363,ANY24,1
1363,AXIS,1
1363,BRN_,1
1363,CRAN,1
1363,DP24,1
1363,EDEM,0
1363,LTRK,1
1363,MO24,1
1363,MORT,1
1363,MUSC,1
1363,NC24,0
1363,NC__,0
1363,SKIN,0
1363,SM24,0
1363,TCHR,0
1363,TOT_MORT,1
1370,ALL_BUT_MORT,1
1370,ANY120,1
1370,ANY24,1
1370,AXIS,1
1370,BRN_,1
1370,CRAN,1
1370,DP24,0
1370,EDEM,1
1370,LTRK,0
1370,MO24,1
1370,MORT,0
1370,MUSC,0
1370,NC24,0
1370,NC__,0
1370,SKIN,0
1370,SM24,0
1370,TCHR,0
1370,TOT_MORT,1
1371,ALL_BUT_MORT,1
1371,ANY120,1
1371,ANY24,1
1371,AXIS,1
1371,BRN_,1
1371,CRAN,1
1371,DP24,1
1371,EDEM,1
1371,LTRK,1
1371,MO24,0
1371,MORT,0
1371,MUSC,0
1371,NC24,0
1371,NC__,0
1371,SKIN,0
1371,SM24,0
1371,TCHR,0
1371,TOT_MORT,0
1383,ALL_BUT_MORT,1
1383,ANY120,1
1383,ANY24,1
1383,AXIS,1
1383,BRN_,1
1383,CRAN,1
1383,DP24,1
1383,EDEM,1
1383,LTRK,1
1383,MO24,1
1383,MORT,1
1383,MUSC,1
1383,NC24,0
1383,NC__,1
1383,SKIN,0
1383,SM24,0
1383,TCHR,1
1383,TOT_MORT,1
1391,ALL_BUT_MORT,1
1391,ANY120,1
1391,ANY24,0
1391,AXIS,1
1391,BRN_,0
1391,CRAN,1
1391,DP24,0
1391,EDEM,1
1391,LTRK,1
1391,MO24,0
1391,MORT,0
1391,MUSC,0
1391,NC24,0
1391,NC__,0
1391,SKIN,0
1391,SM24,0
1391,TCHR,1
1391,TOT_MORT,0
1449,ALL_BUT_MORT,0
1449,ANY120,1
1449,ANY24,0
1449,AXIS,0
1449,BRN_,1
1449,CRAN,0
1449,DP24,0
1449,EDEM,0
1449,LTRK,0
1449,MO24,0
1449,MORT,1
1449,MUSC,0
1449,NC24,0
1449,NC__,0
1449,SKIN,0
1449,SM24,0
1449,TCHR,0
1449,TOT_MORT,1
1450,ALL_BUT_MORT,1
1450,ANY120,1
1450,ANY24,1
1450,AXIS,1
1450,BRN_,0
1450,CRAN,0
1450,DP24,0
1450,EDEM,0
1450,LTRK,1
1450,MO24,0
1450,MORT,1
1450,MUSC,0
1450,NC24,0
1450,NC__,0
1450,SKIN,0
1450,SM24,0
1450,TCHR,0
1450,TOT_MORT,1
1454,ALL_BUT_MORT,1
1454,ANY120,0
1454,ANY24,0
1454,AXIS,0
1454,BRN_,0
1454,CRAN,0
1454,DP24,1
1454,EDEM,0
1454,LTRK,0
1454,MO24,0
1454,MORT,0
1454,MUSC,0
1454,NC24,0
1454,NC__,0
1454,SKIN,0
1454,SM24,0
1454,TCHR,0
1454,TOT_MORT,0
1455,ALL_BUT_MORT,0
1455,ANY120,1
1455,ANY24,1
1455,AXIS,0
1455,BRN_,0
1455,CRAN,0
1455,DP24,1
1455,EDEM,0
1455,LTRK,0
1455,MO24,1
1455,MORT,1
1455,MUSC,0
1455,NC24,0
1455,NC__,0
1455,SKIN,0
1455,SM24,0
1455,TCHR,1
1455,TOT_MORT,1
1532,ALL_BUT_MORT,1
1532,ANY120,0
1532,ANY24,0
1532,AXIS,0
1532,BRN_,0
1532,CRAN,0
1532,DP24,1
1532,EDEM,0
1532,LTRK,0
1532,MO24,0
1532,MORT,0
1532,MUSC,0
1532,NC24,0
1532,NC__,0
1532,SKIN,0
1532,SM24,0
1532,TCHR,0
1532,TOT_MORT,0
1535,ALL_BUT_MORT,1
1535,ANY120,1
1535,ANY24,1
1535,AXIS,0
1535,BRN_,1
1535,CRAN,1
1535,DP24,1
1535,EDEM,1
1535,LTRK,0
1535,MO24,1
1535,MORT,1
1535,MUSC,0
1535,NC24,0
1535,NC__,0
1535,SKIN,1
1535,SM24,0
1535,TCHR,1
1535,TOT_MORT,1
1540,ALL_BUT_MORT,0
1540,ANY120,0
1540,ANY24,0
1540,AXIS,1
1540,BRN_,0
1540,CRAN,0
1540,DP24,0
1540,EDEM,0
1540,LTRK,1
1540,MO24,0
1540,MORT,0
1540,MUSC,1
1540,NC24,0
1540,NC__,0
1540,SKIN,1
1540,SM24,0
1540,TCHR,1
1540,TOT_MORT,0
1595,ALL_BUT_MORT,1
1595,ANY120,1
1595,ANY24,0
1595,AXIS,1
1595,BRN_,1
1595,CRAN,1
1595,DP24,0
1595,EDEM,1
1595,LTRK,1
1595,MO24,0
1595,MORT,1
1595,MUSC,0
1595,NC24,0
1595,NC__,0
1595,SKIN,0
1595,SM24,0
1595,TCHR,1
1595,TOT_MORT,0
1600,ALL_BUT_MORT,1
1600,ANY120,1
1600,ANY24,0
1600,AXIS,0
1600,BRN_,1
1600,CRAN,1
1600,DP24,1
1600,EDEM,0
1600,LTRK,1
1600,MO24,0
1600,MORT,0
1600,MUSC,0
1600,NC24,0
1600,NC__,0
1600,SKIN,0
1600,SM24,0
1600,TCHR,0
1600,TOT_MORT,0
1603,ALL_BUT_MORT,0
1603,ANY120,1
1603,ANY24,0
1603,AXIS,0
1603,BRN_,0
1603,CRAN,0
1603,DP24,0
1603,EDEM,0
1603,LTRK,0
1603,MO24,0
1603,MORT,1
1603,MUSC,0
1603,NC24,0
1603,NC__,0
1603,SKIN,0
1603,SM24,0
1603,TCHR,0
1603,TOT_MORT,1
1606,ALL_BUT_MORT,1
1606,ANY120,1
1606,ANY24,1
1606,AXIS,0
1606,BRN_,0
1606,CRAN,0
1606,DP24,1
1606,EDEM,0
1606,LTRK,0
1606,MO24,1
1606,MORT,1
1606,MUSC,0
1606,NC24,0
1606,NC__,0
1606,SKIN,0
1606,SM24,0
1606,TCHR,0
1606,TOT_MORT,1
1608,ALL_BUT_MORT,0
1608,ANY120,0
1608,ANY24,0
1608,AXIS,0
1608,BRN_,0
1608,CRAN,0
1608,DP24,1
1608,EDEM,0
1608,LTRK,1
1608,MO24,0
1608,MORT,0
1608,MUSC,1
1608,NC24,0
1608,NC__,1
1608,SKIN,1
1608,SM24,0
1608,TCHR,1
1608,TOT_MORT,0
1610,ALL_BUT_MORT,1
1610,ANY120,1
1610,ANY24,1
1610,AXIS,0
1610,BRN_,1
1610,CRAN,1
1610,DP24,1
1610,EDEM,1
1610,LTRK,1
1610,MO24,1
1610,MORT,1
1610,MUSC,0
1610,NC24,0
1610,NC__,0
1610,SKIN,0
1610,SM24,0
1610,TCHR,0
1610,TOT_MORT,1
1611,ALL_BUT_MORT,1
1611,ANY120,1
1611,ANY24,0
1611,AXIS,0
1611,BRN_,1
1611,CRAN,1
1611,DP24,0
1611,EDEM,1
1611,LTRK,1
1611,MO24,0
1611,MORT,0
1611,MUSC,0
1611,NC24,0
1611,NC__,1
1611,SKIN,0
1611,SM24,0
1611,TCHR,0
1611,TOT_MORT,0
1612,ALL_BUT_MORT,0
1612,ANY120,1
1612,ANY24,0
1612,AXIS,0
1612,BRN_,0
1612,CRAN,0
1612,DP24,0
1612,EDEM,0
1612,LTRK,0
1612,MO24,1
1612,MORT,1
1612,MUSC,0
1612,NC24,0
1612,NC__,0
1612,SKIN,0
1612,SM24,0
1612,TCHR,0
1612,TOT_MORT,1
1613,ALL_BUT_MORT,1
1613,ANY120,1
1613,ANY24,0
1613,AXIS,1
1613,BRN_,1
1613,CRAN,1
1613,DP24,0
1613,EDEM,1
1613,LTRK,1
1613,MO24,0
1613,MORT,1
1613,MUSC,1
1613,NC24,0
1613,NC__,0
1613,SKIN,0
1613,SM24,0
1613,TCHR,1
1613,TOT_MORT,0
1614,ALL_BUT_MORT,1
1614,ANY120,1
1614,ANY24,1
1614,AXIS,1
1614,BRN_,1
1614,CRAN,1
1614,DP24,1
1614,EDEM,1
1614,LTRK,1
1614,MO24,1
1614,MORT,1
1614,MUSC,0
1614,NC24,0
1614,NC__,0
1614,SKIN,0
1614,SM24,0
1614,TCHR,1
1614,TOT_MORT,1
1615,ALL_BUT_MORT,0
1615,ANY120,0
1615,ANY24,0
1615,AXIS,0
1615,BRN_,0
1615,CRAN,0
1615,DP24,0
1615,EDEM,0
1615,LTRK,0
1615,MO24,1
1615,MORT,0
1615,MUSC,0
1615,NC24,0
1615,NC__,0
1615,SKIN,0
1615,SM24,0
1615,TCHR,0
1615,TOT_MORT,0
1616,ALL_BUT_MORT,1
1616,ANY120,1
1616,ANY24,1
1616,AXIS,1
1616,BRN_,1
1616,CRAN,1
1616,DP24,1
1616,EDEM,1
1616,LTRK,1
1616,MO24,1
1616,MORT,1
1616,MUSC,0
1616,NC24,0
1616,NC__,0
1616,SKIN,0
1616,SM24,0
1616,TCHR,1
1616,TOT_MORT,1
1617,ALL_BUT_MORT,1
1617,ANY120,1
1617,ANY24,0
1617,AXIS,0
1617,BRN_,1
1617,CRAN,0
1617,DP24,0
1617,EDEM,0
1617,LTRK,1
1617,MO24,0
1617,MORT,0
1617,MUSC,0
1617,NC24,0
1617,NC__,0
1617,SKIN,1
1617,SM24,0
1617,TCHR,0
1617,TOT_MORT,0
1618,ALL_BUT_MORT,0
1618,ANY120,0
1618,ANY24,0
1618,AXIS,0
1618,BRN_,0
1618,CRAN,0
1618,DP24,0
1618,EDEM,0
1618,LTRK,0
1618,MO24,0
1618,MORT,0
1618,MUSC,0
1618,NC24,0
1618,NC__,0
1618,SKIN,0
1618,SM24,0
1618,TCHR,0
1618,TOT_MORT,0
1619,ALL_BUT_MORT,0
1619,ANY120,1
1619,ANY24,0
1619,AXIS,0
1619,BRN_,0
1619,CRAN,0
1619,DP24,0
1619,EDEM,0
1619,LTRK,0
1619,MO24,1
1619,MORT,1
1619,MUSC,0
1619,NC24,0
1619,NC__,0
1619,SKIN,0
1619,SM24,0
1619,TCHR,0
1619,TOT_MORT,1
1620,ALL_BUT_MORT,1
1620,ANY120,1
1620,ANY24,0
1620,AXIS,0
1620,BRN_,1
1620,CRAN,1
1620,DP24,0
1620,EDEM,1
1620,LTRK,1
1620,MO24,0
1620,MORT,1
1620,MUSC,0
1620,NC24,0
1620,NC__,0
1620,SKIN,0
1620,SM24,0
1620,TCHR,1
1620,TOT_MORT,1
1627,ALL_BUT_MORT,1
1627,ANY120,1
1627,ANY24,1
1627,AXIS,1
1627,BRN_,0
1627,CRAN,0
1627,DP24,1
1627,EDEM,0
1627,LTRK,0
1627,MO24,0
1627,MORT,1
1627,MUSC,0
1627,NC24,0
1627,NC__,0
1627,SKIN,0
1627,SM24,0
1627,TCHR,0
1627,TOT_MORT,1
1629,ALL_BUT_MORT,1
1629,ANY120,1
1629,ANY24,1
1629,AXIS,1
1629,BRN_,1
1629,CRAN,1
1629,DP24,0
1629,EDEM,1
1629,LTRK,1
1629,MO24,1
1629,MORT,1
1629,MUSC,1
1629,NC24,0
1629,NC__,0
1629,SKIN,0
1629,SM24,0
1629,TCHR,1
1629,TOT_MORT,1
1631,ALL_BUT_MORT,0
1631,ANY120,0
1631,ANY24,1
1631,AXIS,0
1631,BRN_,0
1631,CRAN,0
1631,DP24,1
1631,EDEM,0
1631,LTRK,0
1631,MO24,0
1631,MORT,1
1631,MUSC,0
1631,NC24,0
1631,NC__,0
1631,SKIN,0
1631,SM24,0
1631,TCHR,0
1631,TOT_MORT,1
1651,ALL_BUT_MORT,0
1651,ANY120,1
1651,ANY24,1
1651,AXIS,0
1651,BRN_,0
1651,CRAN,0
1651,DP24,0
1651,EDEM,1
1651,LTRK,0
1651,MO24,1
1651,MORT,1
1651,MUSC,0
1651,NC24,0
1651,NC__,0
1651,SKIN,0
1651,SM24,0
1651,TCHR,0
1651,TOT_MORT,1
1664,ALL_BUT_MORT,0
1664,ANY120,0
1664,ANY24,0
1664,AXIS,1
1664,BRN_,1
1664,CRAN,0
1664,DP24,1
1664,EDEM,0
1664,LTRK,1
1664,MO24,0
1664,MORT,0
1664,MUSC,0
1664,NC24,0
1664,NC__,0
1664,SKIN,0
1664,SM24,0
1664,TCHR,1
1664,TOT_MORT,0
1666,ALL_BUT_MORT,1
1666,ANY120,1
1666,ANY24,1
1666,AXIS,1
1666,BRN_,1
1666,CRAN,1
1666,DP24,1
1666,EDEM,1
1666,LTRK,1
1666,MO24,1
1666,MORT,0
1666,MUSC,1
1666,NC24,0
1666,NC__,1
1666,SKIN,1
1666,SM24,0
1666,TCHR,0
1666,TOT_MORT,0
1670,ALL_BUT_MORT,0
1670,ANY120,0
1670,ANY24,0
1670,AXIS,0
1670,BRN_,0
1670,CRAN,0
1670,DP24,0
1670,EDEM,0
1670,LTRK,0
1670,MO24,0
1670,MORT,1
1670,MUSC,0
1670,NC24,0
1670,NC__,0
1670,SKIN,0
1670,SM24,0
1670,TCHR,0
1670,TOT_MORT,1
1677,ALL_BUT_MORT,1
1677,ANY120,1
1677,ANY24,0
1677,AXIS,1
1677,BRN_,1
1677,CRAN,1
1677,DP24,1
1677,EDEM,1
1677,LTRK,1
1677,MO24,0
1677,MORT,0
1677,MUSC,1
1677,NC24,0
1677,NC__,0
1677,SKIN,1
1677,SM24,0
1677,TCHR,1
1677,TOT_MORT,0
1689,ALL_BUT_MORT,1
1689,ANY120,1
1689,ANY24,1
1689,AXIS,1
1689,BRN_,1
1689,CRAN,1
1689,DP24,1
1689,EDEM,1
1689,LTRK,1
1689,MO24,1
1689,MORT,1
1689,MUSC,1
1689,NC24,0
1689,NC__,1
1689,SKIN,0
1689,SM24,0
1689,TCHR,1
1689,TOT_MORT,1
1694,ALL_BUT_MORT,0
1694,ANY120,0
1694,ANY24,0
1694,AXIS,0
1694,BRN_,1
1694,CRAN,0
1694,DP24,0
1694,EDEM,0
1694,LTRK,0
1694,MO24,0
1694,MORT,0
1694,MUSC,1
1694,NC24,0
1694,NC__,0
1694,SKIN,0
1694,SM24,0
1694,TCHR,1
1694,TOT_MORT,0
1704,ALL_BUT_MORT,0
1704,ANY120,0
1704,ANY24,0
1704,AXIS,0
1704,BRN_,0
1704,CRAN,0
1704,DP24,0
1704,EDEM,0
1704,LTRK,0
1704,MO24,0
1704,MORT,1
1704,MUSC,0
1704,NC24,0
1704,NC__,0
1704,SKIN,0
1704,SM24,0
1704,TCHR,0
1704,TOT_MORT,1
1706,ALL_BUT_MORT,1
1706,ANY120,0
1706,ANY24,0
1706,AXIS,1
1706,BRN_,1
1706,CRAN,1
1706,DP24,0
1706,EDEM,1
1706,LTRK,0
1706,MO24,0
1706,MORT,0
1706,MUSC,1
1706,NC24,0
1706,NC__,0
1706,SKIN,0
1706,SM24,0
1706,TCHR,0
1706,TOT_MORT,0
1762,ALL_BUT_MORT,0
1762,ANY120,0
1762,ANY24,0
1762,AXIS,0
1762,BRN_,0
1762,CRAN,1
1762,DP24,0
1762,EDEM,0
1762,LTRK,0
1762,MO24,0
1762,MORT,0
1762,MUSC,0
1762,NC24,0
1762,NC__,0
1762,SKIN,0
1762,SM24,0
1762,TCHR,0
1762,TOT_MORT,0
1764,ALL_BUT_MORT,1
1764,ANY120,1
1764,ANY24,1
1764,AXIS,1
1764,BRN_,1
1764,CRAN,1
1764,DP24,1
1764,EDEM,1
1764,LTRK,1
1764,MO24,1
1764,MORT,1
1764,MUSC,1
1764,NC24,0
1764,NC__,0
1764,SKIN,0
1764,SM24,1
1764,TCHR,1
1764,TOT_MORT,1
1770,ALL_BUT_MORT,1
1770,ANY120,1
1770,ANY24,1
1770,AXIS,1
1770,BRN_,1
1770,CRAN,1
1770,DP24,0
1770,EDEM,1
1770,LTRK,1
1770,MO24,1
1770,MORT,1
1770,MUSC,0
1770,NC24,0
1770,NC__,0
1770,SKIN,0
1770,SM24,0
1770,TCHR,0
1770,TOT_MORT,1
1771,ALL_BUT_MORT,1
1771,ANY120,1
1771,ANY24,1
1771,AXIS,1
1771,BRN_,0
1771,CRAN,1
1771,DP24,0
1771,EDEM,1
1771,LTRK,1
1771,MO24,1
1771,MORT,1
1771,MUSC,0
1771,NC24,0
1771,NC__,0
1771,SKIN,0
1771,SM24,0
1771,TCHR,0
1771,TOT_MORT,1
1790,ALL_BUT_MORT,0
1790,ANY120,1
1790,ANY24,1
1790,AXIS,0
1790,BRN_,0
1790,CRAN,0
1790,DP24,0
1790,EDEM,0
1790,LTRK,0
1790,MO24,1
1790,MORT,1
1790,MUSC,0
1790,NC24,0
1790,NC__,0
1790,SKIN,0
1790,SM24,0
1790,TCHR,0
1790,TOT_MORT,1
1796,ALL_BUT_MORT,1
1796,ANY120,0
1796,ANY24,1
1796,AXIS,0
1796,BRN_,0
1796,CRAN,0
1796,DP24,1
1796,EDEM,0
1796,LTRK,0
1796,MO24,0
1796,MORT,0
1796,MUSC,0
1796,NC24,0
1796,NC__,0
1796,SKIN,0
1796,SM24,0
1796,TCHR,1
1796,TOT_MORT,0
1807,ALL_BUT_MORT,1
1807,ANY120,0
1807,ANY24,1
1807,AXIS,1
1807,BRN_,1
1807,CRAN,1
1807,DP24,1
1807,EDEM,1
1807,LTRK,1
1807,MO24,0
1807,MORT,0
1807,MUSC,1
1807,NC24,0
1807,NC__,0
1807,SKIN,0
1807,SM24,0
1807,TCHR,1
1807,TOT_MORT,0
1808,ALL_BUT_MORT,1
1808,ANY120,1
1808,ANY24,0
1808,AXIS,1
1808,BRN_,0
1808,CRAN,1
1808,DP24,0
1808,EDEM,1
1808,LTRK,1
1808,MO24,0
1808,MORT,0
1808,MUSC,0
1808,NC24,0
1808,NC__,0
1808,SKIN,0
1808,SM24,0
1808,TCHR,1
1808,TOT_MORT,0
1809,ALL_BUT_MORT,1
1809,ANY120,0
1809,ANY24,1
1809,AXIS,0
1809,BRN_,0
1809,CRAN,0
1809,DP24,1
1809,EDEM,0
1809,LTRK,0
1809,MO24,0
1809,MORT,0
1809,MUSC,0
1809,NC24,0
1809,NC__,0
1809,SKIN,0
1809,SM24,0
1809,TCHR,0
1809,TOT_MORT,0
1816,ALL_BUT_MORT,1
1816,ANY120,1
1816,ANY24,1
1816,AXIS,1
1816,BRN_,1
1816,CRAN,1
1816,DP24,0
1816,EDEM,1
1816,LTRK,1
1816,MO24,1
1816,MORT,0
1816,MUSC,0
1816,NC24,0
1816,NC__,1
1816,SKIN,0
1816,SM24,0
1816,TCHR,0
1816,TOT_MORT,0
1827,ALL_BUT_MORT,0
1827,ANY120,0
1827,ANY24,1
1827,AXIS,0
1827,BRN_,0
1827,CRAN,0
1827,DP24,0
1827,EDEM,0
1827,LTRK,0
1827,MO24,1
1827,MORT,1
1827,MUSC,0
1827,NC24,0
1827,NC__,0
1827,SKIN,0
1827,SM24,0
1827,TCHR,0
1827,TOT_MORT,1
1845,ALL_BUT_MORT,1
1845,ANY120,1
1845,ANY24,1
1845,AXIS,0
1845,BRN_,0
1845,CRAN,1
1845,DP24,1
1845,EDEM,1
1845,LTRK,0
1845,MO24,0
1845,MORT,0
1845,MUSC,1
1845,NC24,0
1845,NC__,0
1845,SKIN,0
1845,SM24,0
1845,TCHR,0
1845,TOT_MORT,0
1846,ALL_BUT_MORT,1
1846,ANY120,1
1846,ANY24,1
1846,AXIS,1
1846,BRN_,1
1846,CRAN,0
1846,DP24,1
1846,EDEM,0
1846,LTRK,1
1846,MO24,1
1846,MORT,1
1846,MUSC,1
1846,NC24,0
1846,NC__,0
1846,SKIN,1
1846,SM24,0
1846,TCHR,1
1846,TOT_MORT,1
1853,ALL_BUT_MORT,1
1853,ANY120,0
1853,ANY24,0
1853,AXIS,1
1853,BRN_,1
1853,CRAN,1
1853,DP24,0
1853,EDEM,1
1853,LTRK,1
1853,MO24,0
1853,MORT,0
1853,MUSC,1
1853,NC24,0
1853,NC__,0
1853,SKIN,1
1853,SM24,0
1853,TCHR,1
1853,TOT_MORT,0
1854,ALL_BUT_MORT,0
1854,ANY120,1
1854,ANY24,1
1854,AXIS,0
1854,BRN_,0
1854,CRAN,0
1854,DP24,0
1854,EDEM,0
1854,LTRK,0
1854,MO24,1
1854,MORT,1
1854,MUSC,0
1854,NC24,0
1854,NC__,1
1854,SKIN,1
1854,SM24,0
1854,TCHR,1
1854,TOT_MORT,1
1855,ALL_BUT_MORT,1
1855,ANY120,1
1855,ANY24,1
1855,AXIS,1
1855,BRN_,0
1855,CRAN,0
1855,DP24,1
1855,EDEM,0
1855,LTRK,1
1855,MO24,0
1855,MORT,1
1855,MUSC,1
1855,NC24,1
1855,NC__,1
1855,SKIN,0
1855,SM24,0
1855,TCHR,1
1855,TOT_MORT,1
1861,ALL_BUT_MORT,1
1861,ANY120,1
1861,ANY24,1
1861,AXIS,0
1861,BRN_,1
1861,CRAN,1
1861,DP24,1
1861,EDEM,1
1861,LTRK,1
1861,MO24,1
1861,MORT,1
1861,MUSC,1
1861,NC24,0
1861,NC__,1
1861,SKIN,1
1861,SM24,0
1861,TCHR,1
1861,TOT_MORT,1
1890,ALL_BUT_MORT,1
1890,ANY120,1
1890,ANY24,1
1890,AXIS,1
1890,BRN_,0
1890,CRAN,1
1890,DP24,1
1890,EDEM,1
1890,LTRK,0
1890,MO24,0
1890,MORT,0
1890,MUSC,0
1890,NC24,0
1890,NC__,0
1890,SKIN,0
1890,SM24,0
1890,TCHR,0
1890,TOT_MORT,0
1906,ALL_BUT_MORT,0
1906,ANY120,0
1906,ANY24,0
1906,AXIS,1
1906,BRN_,1
1906,CRAN,1
1906,DP24,0
1906,EDEM,1
1906,LTRK,1
1906,MO24,0
1906,MORT,0
1906,MUSC,1
1906,NC24,0
1906,NC__,0
1906,SKIN,0
1906,SM24,0
1906,TCHR,1
1906,TOT_MORT,0
1912,ALL_BUT_MORT,0
1912,ANY120,0
1912,ANY24,0
1912,AXIS,0
1912,BRN_,0
1912,CRAN,1
1912,DP24,0
1912,EDEM,0
1912,LTRK,0
1912,MO24,0
1912,MORT,0
1912,MUSC,0
1912,NC24,0
1912,NC__,0
1912,SKIN,0
1912,SM24,0
1912,TCHR,0
1912,TOT_MORT,0
1929,ALL_BUT_MORT,0
1929,ANY120,0
1929,ANY24,0
1929,AXIS,1
1929,BRN_,1
1929,CRAN,1
1929,DP24,0
1929,EDEM,1
1929,LTRK,1
1929,MO24,0
1929,MORT,0
1929,MUSC,1
1929,NC24,0
1929,NC__,0
1929,SKIN,1
1929,SM24,0
1929,TCHR,0
1929,TOT_MORT,0
1930,ALL_BUT_MORT,1
1930,ANY120,1
1930,ANY24,1
1930,AXIS,1
1930,BRN_,1
1930,CRAN,1
1930,DP24,0
1930,EDEM,1
1930,LTRK,1
1930,MO24,1
1930,MORT,1
1930,MUSC,1
1930,NC24,0
1930,NC__,1
1930,SKIN,0
1930,SM24,0
1930,TCHR,1
1930,TOT_MORT,1
1944,ALL_BUT_MORT,1
1944,ANY120,0
1944,ANY24,0
1944,AXIS,0
1944,BRN_,0
1944,CRAN,0
1944,DP24,0
1944,EDEM,0
1944,LTRK,0
1944,MO24,0
1944,MORT,0
1944,MUSC,0
1944,NC24,0
1944,NC__,1
1944,SKIN,0
1944,SM24,0
1944,TCHR,1
1944,TOT_MORT,0
1961,ALL_BUT_MORT,0
1961,ANY120,1
1961,ANY24,1
1961,AXIS,0
1961,BRN_,0
1961,CRAN,0
1961,DP24,1
1961,EDEM,0
1961,LTRK,0
1961,MO24,1
1961,MORT,1
1961,MUSC,0
1961,NC24,0
1961,NC__,0
1961,SKIN,0
1961,SM24,0
1961,TCHR,0
1961,TOT_MORT,1
1965,ALL_BUT_MORT,1
1965,ANY120,1
1965,ANY24,1
1965,AXIS,0
1965,BRN_,0
1965,CRAN,0
1965,DP24,1
1965,EDEM,1
1965,LTRK,0
1965,MO24,1
1965,MORT,1
1965,MUSC,0
1965,NC24,0
1965,NC__,0
1965,SKIN,0
1965,SM24,0
1965,TCHR,1
1965,TOT_MORT,1
1967,ALL_BUT_MORT,1
1967,ANY120,1
1967,ANY24,1
1967,AXIS,0
1967,BRN_,1
1967,CRAN,1
1967,DP24,1
1967,EDEM,1
1967,LTRK,0
1967,MO24,1
1967,MORT,0
1967,MUSC,0
1967,NC24,0
1967,NC__,0
1967,SKIN,0
1967,SM24,0
1967,TCHR,0
1967,TOT_MORT,1
1968,ALL_BUT_MORT,1
1968,ANY120,0
1968,ANY24,0
1968,AXIS,0
1968,BRN_,0
1968,CRAN,0
1968,DP24,0
1968,EDEM,0
1968,LTRK,0
1968,MO24,1
1968,MORT,0
1968,MUSC,0
1968,NC24,0
1968,NC__,0
1968,SKIN,0
1968,SM24,0
1968,TCHR,0
1968,TOT_MORT,0
1982,ALL_BUT_MORT,1
1982,ANY120,0
1982,ANY24,1
1982,AXIS,1
1982,BRN_,1
1982,CRAN,1
1982,DP24,0
1982,EDEM,1
1982,LTRK,1
1982,MO24,1
1982,MORT,0
1982,MUSC,1
1982,NC24,0
1982,NC__,0
1982,SKIN,0
1982,SM24,0
1982,TCHR,0
1982,TOT_MORT,0
2058,ALL_BUT_MORT,1
2058,ANY120,1
2058,ANY24,1
2058,AXIS,1
2058,BRN_,1
2058,CRAN,1
2058,DP24,1
2058,EDEM,1
2058,LTRK,1
2058,MO24,1
2058,MORT,1
2058,MUSC,0
2058,NC24,0
2058,NC__,0
2058,SKIN,0
2058,SM24,0
2058,TCHR,1
2058,TOT_MORT,1
2067,ALL_BUT_MORT,1
2067,ANY120,1
2067,ANY24,1
2067,AXIS,1
2067,BRN_,1
2067,CRAN,1
2067,DP24,0
2067,EDEM,0
2067,LTRK,1
2067,MO24,1
2067,MORT,0
2067,MUSC,0
2067,NC24,0
2067,NC__,0
2067,SKIN,0
2067,SM24,0
2067,TCHR,0
2067,TOT_MORT,1
2098,ALL_BUT_MORT,0
2098,ANY120,0
2098,ANY24,0
2098,AXIS,0
2098,BRN_,0
2098,CRAN,0
2098,DP24,0
2098,EDEM,0
2098,LTRK,0
2098,MO24,0
2098,MORT,0
2098,MUSC,0
2098,NC24,0
2098,NC__,0
2098,SKIN,0
2098,SM24,0
2098,TCHR,0
2098,TOT_MORT,0
2103,ALL_BUT_MORT,1
2103,ANY120,1
2103,ANY24,1
2103,AXIS,1
2103,BRN_,1
2103,CRAN,1
2103,DP24,1
2103,EDEM,1
2103,LTRK,1
2103,MO24,0
2103,MORT,1
2103,MUSC,0
2103,NC24,0
2103,NC__,1
2103,SKIN,0
2103,SM24,1
2103,TCHR,1
2103,TOT_MORT,1
2104,ALL_BUT_MORT,1
2104,ANY120,1
2104,ANY24,1
2104,AXIS,1
2104,BRN_,1
2104,CRAN,1
2104,DP24,1
2104,EDEM,1
2104,LTRK,1
2104,MO24,1
2104,MORT,0
2104,MUSC,1
2104,NC24,0
2104,NC__,0
2104,SKIN,0
2104,SM24,0
2104,TCHR,1
2104,TOT_MORT,0
2105,ALL_BUT_MORT,1
2105,ANY120,1
2105,ANY24,0
2105,AXIS,0
2105,BRN_,0
2105,CRAN,0
2105,DP24,1
2105,EDEM,1
2105,LTRK,0
2105,MO24,0
2105,MORT,0
2105,MUSC,0
2105,NC24,0
2105,NC__,1
2105,SKIN,0
2105,SM24,0
2105,TCHR,0
2105,TOT_MORT,0
2137,ALL_BUT_MORT,0
2137,ANY120,0
2137,ANY24,0
2137,AXIS,0
2137,BRN_,0
2137,CRAN,0
2137,DP24,0
2137,EDEM,0
2137,LTRK,0
2137,MO24,0
2137,MORT,0
2137,MUSC,0
2137,NC24,0
2137,NC__,0
2137,SKIN,0
2137,SM24,0
2137,TCHR,0
2137,TOT_MORT,0
2141,ALL_BUT_MORT,1
2141,ANY120,1
2141,ANY24,0
2141,AXIS,1
2141,BRN_,1
2141,CRAN,1
2141,DP24,1
2141,EDEM,1
2141,LTRK,1
2141,MO24,1
2141,MORT,1
2141,MUSC,1
2141,NC24,0
2141,NC__,0
2141,SKIN,1
2141,SM24,0
2141,TCHR,1
2141,TOT_MORT,1
2142,ALL_BUT_MORT,0
2142,ANY120,1
2142,ANY24,0
2142,AXIS,1
2142,BRN_,1
2142,CRAN,0
2142,DP24,0
2142,EDEM,1
2142,LTRK,1
2142,MO24,0
2142,MORT,1
2142,MUSC,0
2142,NC24,0
2142,NC__,0
2142,SKIN,0
2142,SM24,0
2142,TCHR,1
2142,TOT_MORT,1
2154,ALL_BUT_MORT,1
2154,ANY120,1
2154,ANY24,1
2154,AXIS,1
2154,BRN_,1
2154,CRAN,1
2154,DP24,1
2154,EDEM,1
2154,LTRK,1
2154,MO24,1
2154,MORT,1
2154,MUSC,1
2154,NC24,0
2154,NC__,1
2154,SKIN,1
2154,SM24,0
2154,TCHR,1
2154,TOT_MORT,1
2156,ALL_BUT_MORT,1
2156,ANY120,0
2156,ANY24,0
2156,AXIS,1
2156,BRN_,1
2156,CRAN,1
2156,DP24,0
2156,EDEM,1
2156,LTRK,1
2156,MO24,0
2156,MORT,0
2156,MUSC,1
2156,NC24,0
2156,NC__,0
2156,SKIN,1
2156,SM24,0
2156,TCHR,1
2156,TOT_MORT,0
2159,ALL_BUT_MORT,1
2159,ANY120,1
2159,ANY24,1
2159,AXIS,1
2159,BRN_,1
2159,CRAN,1
2159,DP24,0
2159,EDEM,1
2159,LTRK,1
2159,MO24,1
2159,MORT,1
2159,MUSC,1
2159,NC24,0
2159,NC__,0
2159,SKIN,1
2159,SM24,1
2159,TCHR,1
2159,TOT_MORT,1
2165,ALL_BUT_MORT,1
2165,ANY120,1
2165,ANY24,1
2165,AXIS,1
2165,BRN_,1
2165,CRAN,1
2165,DP24,1
2165,EDEM,1
2165,LTRK,1
2165,MO24,0
2165,MORT,1
2165,MUSC,1
2165,NC24,0
2165,NC__,0
2165,SKIN,0
2165,SM24,0
2165,TCHR,0
2165,TOT_MORT,1
2185,ALL_BUT_MORT,1
2185,ANY120,1
2185,ANY24,1
2185,AXIS,1
2185,BRN_,1
2185,CRAN,1
2185,DP24,1
2185,EDEM,1
2185,LTRK,0
2185,MO24,1
2185,MORT,1
2185,MUSC,0
2185,NC24,0
2185,NC__,0
2185,SKIN,0
2185,SM24,0
2185,TCHR,0
2185,TOT_MORT,1
2186,ALL_BUT_MORT,0
2186,ANY120,0
2186,ANY24,1
2186,AXIS,1
2186,BRN_,0
2186,CRAN,1
2186,DP24,0
2186,EDEM,1
2186,LTRK,0
2186,MO24,0
2186,MORT,0
2186,MUSC,0
2186,NC24,0
2186,NC__,0
2186,SKIN,1
2186,SM24,0
2186,TCHR,0
2186,TOT_MORT,0
2187,ALL_BUT_MORT,1
2187,ANY120,1
2187,ANY24,0
2187,AXIS,0
2187,BRN_,1
2187,CRAN,1
2187,DP24,1
2187,EDEM,1
2187,LTRK,1
2187,MO24,0
2187,MORT,0
2187,MUSC,1
2187,NC24,0
2187,NC__,0
2187,SKIN,1
2187,SM24,0
2187,TCHR,1
2187,TOT_MORT,0
2191,ALL_BUT_MORT,1
2191,ANY120,0
2191,ANY24,0
2191,AXIS,0
2191,BRN_,0
2191,CRAN,0
2191,DP24,1
2191,EDEM,0
2191,LTRK,0
2191,MO24,0
2191,MORT,0
2191,MUSC,0
2191,NC24,0
2191,NC__,0
2191,SKIN,0
2191,SM24,0
2191,TCHR,0
2191,TOT_MORT,0
2323,ALL_BUT_MORT,1
2323,ANY120,1
2323,ANY24,1
2323,AXIS,0
2323,BRN_,0
2323,CRAN,0
2323,DP24,0
2323,EDEM,0
2323,LTRK,0
2323,MO24,1
2323,MORT,0
2323,MUSC,0
2323,NC24,0
2323,NC__,0
2323,SKIN,0
2323,SM24,0
2323,TCHR,0
2323,TOT_MORT,1
2324,ALL_BUT_MORT,0
2324,ANY120,0
2324,ANY24,0
2324,AXIS,0
2324,BRN_,0
2324,CRAN,0
2324,DP24,0
2324,EDEM,0
2324,LTRK,0
2324,MO24,0
2324,MORT,0
2324,MUSC,0
2324,NC24,0
2324,NC__,0
2324,SKIN,0
2324,SM24,0
2324,TCHR,0
2324,TOT_MORT,0
2325,ALL_BUT_MORT,1
2325,ANY120,1
2325,ANY24,1
2325,AXIS,1
2325,BRN_,1
2325,CRAN,1
2325,DP24,0
2325,EDEM,1
2325,LTRK,0
2325,MO24,1
2325,MORT,0
2325,MUSC,1
2325,NC24,0
2325,NC__,0
2325,SKIN,0
2325,SM24,0
2325,TCHR,1
2325,TOT_MORT,1
2326,ALL_BUT_MORT,0
2326,ANY120,0
2326,ANY24,0
2326,AXIS,0
2326,BRN_,0
2326,CRAN,0
2326,DP24,0
2326,EDEM,0
2326,LTRK,0
2326,MO24,0
2326,MORT,1
2326,MUSC,0
2326,NC24,0
2326,NC__,0
2326,SKIN,0
2326,SM24,0
2326,TCHR,0
2326,TOT_MORT,1
2327,ALL_BUT_MORT,0
2327,ANY120,0
2327,ANY24,1
2327,AXIS,1
2327,BRN_,1
2327,CRAN,0
2327,DP24,1
2327,EDEM,0
2327,LTRK,0
2327,MO24,0
2327,MORT,0
2327,MUSC,0
2327,NC24,1
2327,NC__,1
2327,SKIN,0
2327,SM24,1
2327,TCHR,0
2327,TOT_MORT,0
2328,ALL_BUT_MORT,0
2328,ANY120,0
2328,ANY24,0
2328,AXIS,0
2328,BRN_,0
2328,CRAN,0
2328,DP24,0
2328,EDEM,0
2328,LTRK,1
2328,MO24,0
2328,MORT,0
2328,MUSC,0
2328,NC24,0
2328,NC__,0
2328,SKIN,0
2328,SM24,0
2328,TCHR,0
2328,TOT_MORT,0
2371,ALL_BUT_MORT,1
2371,ANY120,0
2371,ANY24,0
2371,AXIS,0
2371,BRN_,0
2371,CRAN,0
2371,DP24,0
2371,EDEM,0
2371,LTRK,1
2371,MO24,0
2371,MORT,0
2371,MUSC,0
2371,NC24,0
2371,NC__,0
2371,SKIN,0
2371,SM24,0
2371,TCHR,0
2371,TOT_MORT,0
2373,ALL_BUT_MORT,0
2373,ANY120,0
2373,ANY24,0
2373,AXIS,0
2373,BRN_,0
2373,CRAN,0
2373,DP24,0
2373,EDEM,0
2373,LTRK,1
2373,MO24,0
2373,MORT,0
2373,MUSC,0
2373,NC24,0
2373,NC__,0
2373,SKIN,0
2373,SM24,0
2373,TCHR,0
2373,TOT_MORT,0
2374,ALL_BUT_MORT,0
2374,ANY120,0
2374,ANY24,0
2374,AXIS,1
2374,BRN_,1
2374,CRAN,1
2374,DP24,0
2374,EDEM,1
2374,LTRK,0
2374,MO24,0
2374,MORT,0
2374,MUSC,0
2374,NC24,0
2374,NC__,0
2374,SKIN,0
2374,SM24,0
2374,TCHR,0
2374,TOT_MORT,0
2406,ALL_BUT_MORT,1
2406,ANY120,1
2406,ANY24,1
2406,AXIS,0
2406,BRN_,1
2406,CRAN,0
2406,DP24,1
2406,EDEM,0
2406,LTRK,1
2406,MO24,1
2406,MORT,1
2406,MUSC,1
2406,NC24,0
2406,NC__,0
2406,SKIN,1
2406,SM24,0
2406,TCHR,0
2406,TOT_MORT,1
2411,ALL_BUT_MORT,0
2411,ANY120,0
2411,ANY24,0
2411,AXIS,0
2411,BRN_,0
2411,CRAN,0
2411,DP24,1
2411,EDEM,0
2411,LTRK,0
2411,MO24,0
2411,MORT,0
2411,MUSC,0
2411,NC24,0
2411,NC__,0
2411,SKIN,0
2411,SM24,0
2411,TCHR,0
2411,TOT_MORT,0
2413,ALL_BUT_MORT,1
2413,ANY120,1
2413,ANY24,0
2413,AXIS,0
2413,BRN_,0
2413,CRAN,0
2413,DP24,0
2413,EDEM,0
2413,LTRK,0
2413,MO24,0
2413,MORT,0
2413,MUSC,0
2413,NC24,0
2413,NC__,0
2413,SKIN,0
2413,SM24,0
2413,TCHR,1
2413,TOT_MORT,0
2414,ALL_BUT_MORT,1
2414,ANY120,1
2414,ANY24,1
2414,AXIS,1
2414,BRN_,1
2414,CRAN,1
2414,DP24,1
2414,EDEM,0
2414,LTRK,1
2414,MO24,1
2414,MORT,1
2414,MUSC,1
2414,NC24,0
2414,NC__,0
2414,SKIN,0
2414,SM24,0
2414,TCHR,0
2414,TOT_MORT,1
2415,ALL_BUT_MORT,0
2415,ANY120,0
2415,ANY24,0
2415,AXIS,0
2415,BRN_,0
2415,CRAN,1
2415,DP24,0
2415,EDEM,1
2415,LTRK,0
2415,MO24,0
2415,MORT,0
2415,MUSC,0
2415,NC24,0
2415,NC__,0
2415,SKIN,0
2415,SM24,0
2415,TCHR,0
2415,TOT_MORT,0
2417,ALL_BUT_MORT,0
2417,ANY120,0
2417,ANY24,0
2417,AXIS,0
2417,BRN_,0
2417,CRAN,0
2417,DP24,0
2417,EDEM,0
2417,LTRK,1
2417,MO24,0
2417,MORT,0
2417,MUSC,0
2417,NC24,0
2417,NC__,0
2417,SKIN,0
2417,SM24,0
2417,TCHR,0
2417,TOT_MORT,0
2432,ALL_BUT_MORT,1
2432,ANY120,0
2432,ANY24,0
2432,AXIS,0
2432,BRN_,1
2432,CRAN,1
2432,DP24,0
2432,EDEM,1
2432,LTRK,0
2432,MO24,0
2432,MORT,0
2432,MUSC,1
2432,NC24,0
2432,NC__,0
2432,SKIN,0
2432,SM24,0
2432,TCHR,0
2432,TOT_MORT,0
2467,ALL_BUT_MORT,0
2467,ANY120,0
2467,ANY24,1
2467,AXIS,0
2467,BRN_,0
2467,CRAN,0
2467,DP24,0
2467,EDEM,0
2467,LTRK,0
2467,MO24,1
2467,MORT,1
2467,MUSC,0
2467,NC24,0
2467,NC__,0
2467,SKIN,0
2467,SM24,0
2467,TCHR,0
2467,TOT_MORT,1
2496,ALL_BUT_MORT,0
2496,ANY120,0
2496,ANY24,0
2496,AXIS,0
2496,BRN_,0
2496,CRAN,0
2496,DP24,0
2496,EDEM,1
2496,LTRK,0
2496,MO24,0
2496,MORT,1
2496,MUSC,0
2496,NC24,0
2496,NC__,0
2496,SKIN,1
2496,SM24,0
2496,TCHR,0
2496,TOT_MORT,1
2506,ALL_BUT_MORT,0
2506,ANY120,0
2506,ANY24,0
2506,AXIS,0
2506,BRN_,0
2506,CRAN,0
2506,DP24,0
2506,EDEM,0
2506,LTRK,0
2506,MO24,0
2506,MORT,0
2506,MUSC,0
2506,NC24,0
2506,NC__,0
2506,SKIN,0
2506,SM24,0
2506,TCHR,1
2506,TOT_MORT,0
2509,ALL_BUT_MORT,1
2509,ANY120,1
2509,ANY24,1
2509,AXIS,0
2509,BRN_,0
2509,CRAN,0
2509,DP24,1
2509,EDEM,0
2509,LTRK,0
2509,MO24,1
2509,MORT,1
2509,MUSC,0
2509,NC24,0
2509,NC__,0
2509,SKIN,0
2509,SM24,0
2509,TCHR,0
2509,TOT_MORT,1
2532,ALL_BUT_MORT,1
2532,ANY120,1
2532,ANY24,1
2532,AXIS,1
2532,BRN_,1
2532,CRAN,1
2532,DP24,0
2532,EDEM,1
2532,LTRK,1
2532,MO24,1
2532,MORT,1
2532,MUSC,0
2532,NC24,0
2532,NC__,0
2532,SKIN,0
2532,SM24,0
2532,TCHR,1
2532,TOT_MORT,1
2573,ALL_BUT_MORT,1
2573,ANY120,1
2573,ANY24,1
2573,AXIS,0
2573,BRN_,1
2573,CRAN,1
2573,DP24,1
2573,EDEM,1
2573,LTRK,1
2573,MO24,1
2573,MORT,1
2573,MUSC,1
2573,NC24,0
2573,NC__,0
2573,SKIN,0
2573,SM24,0
2573,TCHR,0
2573,TOT_MORT,1
2596,ALL_BUT_MORT,1
2596,ANY120,0
2596,ANY24,0
2596,AXIS,1
2596,BRN_,0
2596,CRAN,1
2596,DP24,0
2596,EDEM,0
2596,LTRK,1
2596,MO24,0
2596,MORT,0
2596,MUSC,0
2596,NC24,0
2596,NC__,0
2596,SKIN,0
2596,SM24,0
2596,TCHR,0
2596,TOT_MORT,0
2601,ALL_BUT_MORT,0
2601,ANY120,1
2601,ANY24,1
2601,AXIS,1
2601,BRN_,1
2601,CRAN,1
2601,DP24,0
2601,EDEM,1
2601,LTRK,1
2601,MO24,1
2601,MORT,1
2601,MUSC,1
2601,NC24,0
2601,NC__,1
2601,SKIN,0
2601,SM24,0
2601,TCHR,1
2601,TOT_MORT,1
2635,ALL_BUT_MORT,0
2635,ANY120,1
2635,ANY24,1
2635,AXIS,1
2635,BRN_,1
2635,CRAN,1
2635,DP24,0
2635,EDEM,0
2635,LTRK,1
2635,MO24,1
2635,MORT,1
2635,MUSC,1
2635,NC24,0
2635,NC__,1
2635,SKIN,1
2635,SM24,0
2635,TCHR,1
2635,TOT_MORT,1
2637,ALL_BUT_MORT,1
2637,ANY120,0
2637,ANY24,0
2637,AXIS,0
2637,BRN_,0
2637,CRAN,0
2637,DP24,0
2637,EDEM,0
2637,LTRK,1
2637,MO24,0
2637,MORT,0
2637,MUSC,0
2637,NC24,0
2637,NC__,0
2637,SKIN,0
2637,SM24,0
2637,TCHR,0
2637,TOT_MORT,0
2638,ALL_BUT_MORT,1
2638,ANY120,1
2638,ANY24,1
2638,AXIS,0
2638,BRN_,0
2638,CRAN,0
2638,DP24,0
2638,EDEM,0
2638,LTRK,0
2638,MO24,1
2638,MORT,1
2638,MUSC,0
2638,NC24,0
2638,NC__,0
2638,SKIN,0
2638,SM24,0
2638,TCHR,0
2638,TOT_MORT,1
2655,ALL_BUT_MORT,1
2655,ANY120,1
2655,ANY24,1
2655,AXIS,0
2655,BRN_,0
2655,CRAN,1
2655,DP24,0
2655,EDEM,1
2655,LTRK,0
2655,MO24,1
2655,MORT,1
2655,MUSC,1
2655,NC24,0
2655,NC__,0
2655,SKIN,0
2655,SM24,0
2655,TCHR,0
2655,TOT_MORT,1
2657,ALL_BUT_MORT,1
2657,ANY120,1
2657,ANY24,1
2657,AXIS,1
2657,BRN_,0
2657,CRAN,1
2657,DP24,1
2657,EDEM,1
2657,LTRK,0
2657,MO24,1
2657,MORT,1
2657,MUSC,0
2657,NC24,0
2657,NC__,0
2657,SKIN,0
2657,SM24,0
2657,TCHR,0
2657,TOT_MORT,1
2661,ALL_BUT_MORT,0
2661,ANY120,0
2661,ANY24,0
2661,AXIS,0
2661,BRN_,0
2661,CRAN,0
2661,DP24,0
2661,EDEM,0
2661,LTRK,0
2661,MO24,0
2661,MORT,0
2661,MUSC,0
2661,NC24,0
2661,NC__,0
2661,SKIN,0
2661,SM24,0
2661,TCHR,0
2661,TOT_MORT,0
2686,ALL_BUT_MORT,0
2686,ANY120,1
2686,ANY24,0
2686,AXIS,0
2686,BRN_,0
2686,CRAN,0
2686,DP24,0
2686,EDEM,0
2686,LTRK,0
2686,MO24,0
2686,MORT,1
2686,MUSC,0
2686,NC24,0
2686,NC__,0
2686,SKIN,0
2686,SM24,0
2686,TCHR,1
2686,TOT_MORT,1
2688,ALL_BUT_MORT,0
2688,ANY120,0
2688,ANY24,0
2688,AXIS,0
2688,BRN_,0
2688,CRAN,0
2688,DP24,0
2688,EDEM,0
2688,LTRK,0
2688,MO24,0
2688,MORT,0
2688,MUSC,0
2688,NC24,0
2688,NC__,0
2688,SKIN,0
2688,SM24,0
2688,TCHR,0
2688,TOT_MORT,0
2691,ALL_BUT_MORT,1
2691,ANY120,1
2691,ANY24,1
2691,AXIS,1
2691,BRN_,1
2691,CRAN,1
2691,DP24,1
2691,EDEM,1
2691,LTRK,1
2691,MO24,1
2691,MORT,1
2691,MUSC,0
2691,NC24,0
2691,NC__,0
2691,SKIN,1
2691,SM24,0
2691,TCHR,1
2691,TOT_MORT,1
2706,ALL_BUT_MORT,1
2706,ANY120,1
2706,ANY24,1
2706,AXIS,1
2706,BRN_,1
2706,CRAN,1
2706,DP24,0
2706,EDEM,1
2706,LTRK,1
2706,MO24,1
2706,MORT,1
2706,MUSC,1
2706,NC24,0
2706,NC__,1
2706,SKIN,0
2706,SM24,0
2706,TCHR,1
2706,TOT_MORT,1
2723,ALL_BUT_MORT,0
2723,ANY120,0
2723,ANY24,0
2723,AXIS,0
2723,BRN_,1
2723,CRAN,1
2723,DP24,0
2723,EDEM,0
2723,LTRK,1
2723,MO24,1
2723,MORT,0
2723,MUSC,1
2723,NC24,0
2723,NC__,1
2723,SKIN,1
2723,SM24,0
2723,TCHR,1
2723,TOT_MORT,0
2726,ALL_BUT_MORT,1
2726,ANY120,1
2726,ANY24,1
2726,AXIS,1
2726,BRN_,1
2726,CRAN,1
2726,DP24,1
2726,EDEM,1
2726,LTRK,1
2726,MO24,0
2726,MORT,1
2726,MUSC,1
2726,NC24,0
2726,NC__,0
2726,SKIN,1
2726,SM24,0
2726,TCHR,1
2726,TOT_MORT,1
2739,ALL_BUT_MORT,1
2739,ANY120,1
2739,ANY24,1
2739,AXIS,1
2739,BRN_,1
2739,CRAN,0
2739,DP24,1
2739,EDEM,1
2739,LTRK,1
2739,MO24,0
2739,MORT,1
2739,MUSC,0
2739,NC24,0
2739,NC__,0
2739,SKIN,0
2739,SM24,0
2739,TCHR,1
2739,TOT_MORT,1
2740,ALL_BUT_MORT,0
2740,ANY120,1
2740,ANY24,1
2740,AXIS,1
2740,BRN_,1
2740,CRAN,1
2740,DP24,0
2740,EDEM,1
2740,LTRK,1
2740,MO24,1
2740,MORT,1
2740,MUSC,1
2740,NC24,0
2740,NC__,1
2740,SKIN,0
2740,SM24,0
2740,TCHR,0
2740,TOT_MORT,1
2743,ALL_BUT_MORT,0
2743,ANY120,0
2743,ANY24,0
2743,AXIS,0
2743,BRN_,0
2743,CRAN,0
2743,DP24,0
2743,EDEM,0
2743,LTRK,0
2743,MO24,0
2743,MORT,0
2743,MUSC,0
2743,NC24,0
2743,NC__,0
2743,SKIN,0
2743,SM24,0
2743,TCHR,0
2743,TOT_MORT,0
2751,ALL_BUT_MORT,1
2751,ANY120,1
2751,ANY24,1
2751,AXIS,1
2751,BRN_,1
2751,CRAN,1
2751,DP24,1
2751,EDEM,1
2751,LTRK,1
2751,MO24,1
2751,MORT,1
2751,MUSC,0
2751,NC24,0
2751,NC__,0
2751,SKIN,0
2751,SM24,0
2751,TCHR,1
2751,TOT_MORT,1
2752,ALL_BUT_MORT,0
2752,ANY120,1
2752,ANY24,0
2752,AXIS,1
2752,BRN_,1
2752,CRAN,1
2752,DP24,0
2752,EDEM,1
2752,LTRK,1
2752,MO24,0
2752,MORT,1
2752,MUSC,1
2752,NC24,0
2752,NC__,0
2752,SKIN,1
2752,SM24,0
2752,TCHR,1
2752,TOT_MORT,1
2770,ALL_BUT_MORT,1
2770,ANY120,0
2770,ANY24,1
2770,AXIS,0
2770,BRN_,1
2770,CRAN,1
2770,DP24,1
2770,EDEM,1
2770,LTRK,1
2770,MO24,0
2770,MORT,0
2770,MUSC,1
2770,NC24,0
2770,NC__,1
2770,SKIN,1
2770,SM24,0
2770,TCHR,1
2770,TOT_MORT,0
2772,ALL_BUT_MORT,0
2772,ANY120,0
2772,ANY24,1
2772,AXIS,0
2772,BRN_,0
2772,CRAN,0
2772,DP24,0
2772,EDEM,0
2772,LTRK,1
2772,MO24,0
2772,MORT,0
2772,MUSC,0
2772,NC24,0
2772,NC__,0
2772,SKIN,0
2772,SM24,0
2772,TCHR,0
2772,TOT_MORT,0
2774,ALL_BUT_MORT,1
2774,ANY120,1
2774,ANY24,1
2774,AXIS,1
2774,BRN_,1
2774,CRAN,1
2774,DP24,1
2774,EDEM,1
2774,LTRK,0
2774,MO24,1
2774,MORT,1
2774,MUSC,1
2774,NC24,1
2774,NC__,0
2774,SKIN,0
2774,SM24,1
2774,TCHR,1
2774,TOT_MORT,1
2778,ALL_BUT_MORT,1
2778,ANY120,1
2778,ANY24,1
2778,AXIS,1
2778,BRN_,1
2778,CRAN,1
2778,DP24,1
2778,EDEM,1
2778,LTRK,1
2778,MO24,1
2778,MORT,0
2778,MUSC,1
2778,NC24,0
2778,NC__,0
2778,SKIN,0
2778,SM24,0
2778,TCHR,0
2778,TOT_MORT,1
2813,ALL_BUT_MORT,0
2813,ANY120,1
2813,ANY24,1
2813,AXIS,1
2813,BRN_,1
2813,CRAN,1
2813,DP24,0
2813,EDEM,1
2813,LTRK,1
2813,MO24,1
2813,MORT,1
2813,MUSC,0
2813,NC24,0
2813,NC__,0
2813,SKIN,0
2813,SM24,0
2813,TCHR,1
2813,TOT_MORT,1
2827,ALL_BUT_MORT,0
2827,ANY120,0
2827,ANY24,0
2827,AXIS,0
2827,BRN_,0
2827,CRAN,0
2827,DP24,0
2827,EDEM,0
2827,LTRK,0
2827,MO24,1
2827,MORT,0
2827,MUSC,0
2827,NC24,0
2827,NC__,0
2827,SKIN,0
2827,SM24,0
2827,TCHR,0
2827,TOT_MORT,0
2849,ALL_BUT_MORT,0
2849,ANY120,0
2849,ANY24,0
2849,AXIS,0
2849,BRN_,0
2849,CRAN,0
2849,DP24,0
2849,EDEM,0
2849,LTRK,0
2849,MO24,0
2849,MORT,0
2849,MUSC,0
2849,NC24,0
2849,NC__,0
2849,SKIN,0
2849,SM24,0
2849,TCHR,1
2849,TOT_MORT,0
2877,ALL_BUT_MORT,1
2877,ANY120,0
2877,ANY24,0
2877,AXIS,1
2877,BRN_,1
2877,CRAN,1
2877,DP24,1
2877,EDEM,1
2877,LTRK,1
2877,MO24,0
2877,MORT,0
2877,MUSC,1
2877,NC24,0
2877,NC__,0
2877,SKIN,0
2877,SM24,0
2877,TCHR,0
2877,TOT_MORT,0
2886,ALL_BUT_MORT,0
2886,ANY120,1
2886,ANY24,1
2886,AXIS,1
2886,BRN_,1
2886,CRAN,1
2886,DP24,0
2886,EDEM,0
2886,LTRK,1
2886,MO24,1
2886,MORT,1
2886,MUSC,1
2886,NC24,0
2886,NC__,0
2886,SKIN,0
2886,SM24,0
2886,TCHR,1
2886,TOT_MORT,1
2893,ALL_BUT_MORT,0
2893,ANY120,0
2893,ANY24,0
2893,AXIS,0
2893,BRN_,0
2893,CRAN,0
2893,DP24,0
2893,EDEM,0
2893,LTRK,0
2893,MO24,0
2893,MORT,0
2893,MUSC,0
2893,NC24,0
2893,NC__,0
2893,SKIN,0
2893,SM24,0
2893,TCHR,0
2893,TOT_MORT,0
2896,ALL_BUT_MORT,1
2896,ANY120,1
2896,ANY24,1
2896,AXIS,1
2896,BRN_,1
2896,CRAN,1
2896,DP24,1
2896,EDEM,1
2896,LTRK,1
2896,MO24,1
2896,MORT,1
2896,MUSC,1
2896,NC24,0
2896,NC__,1
2896,SKIN,1
2896,SM24,0
2896,TCHR,1
2896,TOT_MORT,1
2915,ALL_BUT_MORT,1
2915,ANY120,1
2915,ANY24,1
2915,AXIS,1
2915,BRN_,1
2915,CRAN,1
2915,DP24,1
2915,EDEM,1
2915,LTRK,1
2915,MO24,1
2915,MORT,1
2915,MUSC,1
2915,NC24,0
2915,NC__,0
2915,SKIN,0
2915,SM24,0
2915,TCHR,1
2915,TOT_MORT,1
2960,ALL_BUT_MORT,1
2960,ANY120,0
2960,ANY24,0
2960,AXIS,0
2960,BRN_,0
2960,CRAN,1
2960,DP24,1
2960,EDEM,0
2960,LTRK,1
2960,MO24,0
2960,MORT,0
2960,MUSC,0
2960,NC24,0
2960,NC__,0
2960,SKIN,0
2960,SM24,0
2960,TCHR,1
2960,TOT_MORT,0
2973,ALL_BUT_MORT,1
2973,ANY120,1
2973,ANY24,1
2973,AXIS,1
2973,BRN_,1
2973,CRAN,1
2973,DP24,0
2973,EDEM,1
2973,LTRK,0
2973,MO24,1
2973,MORT,1
2973,MUSC,1
2973,NC24,0
2973,NC__,0
2973,SKIN,0
2973,SM24,0
2973,TCHR,1
2973,TOT_MORT,1
2989,ALL_BUT_MORT,1
2989,ANY120,1
2989,ANY24,1
2989,AXIS,1
2989,BRN_,1
2989,CRAN,1
2989,DP24,0
2989,EDEM,1
2989,LTRK,1
2989,MO24,1
2989,MORT,1
2989,MUSC,1
2989,NC24,0
2989,NC__,0
2989,SKIN,1
2989,SM24,0
2989,TCHR,1
2989,TOT_MORT,1
3002,ALL_BUT_MORT,1
3002,ANY120,1
3002,ANY24,0
3002,AXIS,1
3002,BRN_,1
3002,CRAN,1
3002,DP24,0
3002,EDEM,1
3002,LTRK,1
3002,MO24,0
3002,MORT,1
3002,MUSC,1
3002,NC24,0
3002,NC__,1
3002,SKIN,0
3002,SM24,0
3002,TCHR,1
3002,TOT_MORT,1
3004,ALL_BUT_MORT,1
3004,ANY120,1
3004,ANY24,1
3004,AXIS,1
3004,BRN_,1
3004,CRAN,1
3004,DP24,1
3004,EDEM,1
3004,LTRK,1
3004,MO24,0
3004,MORT,1
3004,MUSC,1
3004,NC24,0
3004,NC__,1
3004,SKIN,0
3004,SM24,0
3004,TCHR,1
3004,TOT_MORT,1
3005,ALL_BUT_MORT,1
3005,ANY120,1
3005,ANY24,1
3005,AXIS,1
3005,BRN_,1
3005,CRAN,1
3005,DP24,1
3005,EDEM,1
3005,LTRK,1
3005,MO24,0
3005,MORT,0
3005,MUSC,0
3005,NC24,0
3005,NC__,0
3005,SKIN,1
3005,SM24,0
3005,TCHR,0
3005,TOT_MORT,0
3009,ALL_BUT_MORT,1
3009,ANY120,1
3009,ANY24,1
3009,AXIS,0
3009,BRN_,0
3009,CRAN,0
3009,DP24,1
3009,EDEM,0
3009,LTRK,0
3009,MO24,0
3009,MORT,1
3009,MUSC,0
3009,NC24,0
3009,NC__,0
3009,SKIN,0
3009,SM24,0
3009,TCHR,0
3009,TOT_MORT,1
3012,ALL_BUT_MORT,1
3012,ANY120,1
3012,ANY24,1
3012,AXIS,0
3012,BRN_,0
3012,CRAN,0
3012,DP24,1
3012,EDEM,0
3012,LTRK,0
3012,MO24,1
3012,MORT,1
3012,MUSC,0
3012,NC24,0
3012,NC__,0
3012,SKIN,0
3012,SM24,0
3012,TCHR,0
3012,TOT_MORT,1
3015,ALL_BUT_MORT,0
3015,ANY120,0
3015,ANY24,0
3015,AXIS,0
3015,BRN_,0
3015,CRAN,0
3015,DP24,0
3015,EDEM,0
3015,LTRK,0
3015,MO24,0
3015,MORT,0
3015,MUSC,0
3015,NC24,0
3015,NC__,0
3015,SKIN,0
3015,SM24,0
3015,TCHR,0
3015,TOT_MORT,0
3022,ALL_BUT_MORT,1
3022,ANY120,1
3022,ANY24,1
3022,AXIS,1
3022,BRN_,1
3022,CRAN,1
3022,DP24,1
3022,EDEM,1
3022,LTRK,1
3022,MO24,0
3022,MORT,0
3022,MUSC,1
3022,NC24,0
3022,NC__,1
3022,SKIN,1
3022,SM24,0
3022,TCHR,1
3022,TOT_MORT,0
3055,ALL_BUT_MORT,0
3055,ANY120,0
3055,ANY24,0
3055,AXIS,0
3055,BRN_,0
3055,CRAN,0
3055,DP24,0
3055,EDEM,0
3055,LTRK,0
3055,MO24,0
3055,MORT,0
3055,MUSC,0
3055,NC24,0
3055,NC__,0
3055,SKIN,0
3055,SM24,0
3055,TCHR,0
3055,TOT_MORT,0
3091,ALL_BUT_MORT,1
3091,ANY120,1
3091,ANY24,1
3091,AXIS,0
3091,BRN_,0
3091,CRAN,1
3091,DP24,1
3091,EDEM,1
3091,LTRK,1
3091,MO24,0
3091,MORT,0
3091,MUSC,0
3091,NC24,0
3091,NC__,0
3091,SKIN,0
3091,SM24,0
3091,TCHR,0
3091,TOT_MORT,0
3102,ALL_BUT_MORT,1
3102,ANY120,1
3102,ANY24,1
3102,AXIS,1
3102,BRN_,1
3102,CRAN,1
3102,DP24,1
3102,EDEM,1
3102,LTRK,1
3102,MO24,1
3102,MORT,1
3102,MUSC,1
3102,NC24,0
3102,NC__,1
3102,SKIN,0
3102,SM24,0
3102,TCHR,1
3102,TOT_MORT,1
3104,ALL_BUT_MORT,1
3104,ANY120,1
3104,ANY24,1
3104,AXIS,1
3104,BRN_,1
3104,CRAN,1
3104,DP24,1
3104,EDEM,1
3104,LTRK,1
3104,MO24,1
3104,MORT,1
3104,MUSC,1
3104,NC24,0
3104,NC__,1
3104,SKIN,1
3104,SM24,0
3104,TCHR,1
3104,TOT_MORT,1
3114,ALL_BUT_MORT,1
3114,ANY120,1
3114,ANY24,1
3114,AXIS,1
3114,BRN_,1
3114,CRAN,1
3114,DP24,0
3114,EDEM,1
3114,LTRK,1
3114,MO24,1
3114,MORT,1
3114,MUSC,1
3114,NC24,0
3114,NC__,1
3114,SKIN,0
3114,SM24,0
3114,TCHR,1
3114,TOT_MORT,1
3127,ALL_BUT_MORT,0
3127,ANY120,0
3127,ANY24,0
3127,AXIS,0
3127,BRN_,0
3127,CRAN,0
3127,DP24,0
3127,EDEM,0
3127,LTRK,0
3127,MO24,0
3127,MORT,0
3127,MUSC,0
3127,NC24,0
3127,NC__,0
3127,SKIN,0
3127,SM24,0
3127,TCHR,0
3127,TOT_MORT,0
3138,ALL_BUT_MORT,0
3138,ANY120,1
3138,ANY24,1
3138,AXIS,0
3138,BRN_,0
3138,CRAN,0
3138,DP24,0
3138,EDEM,1
3138,LTRK,1
3138,MO24,1
3138,MORT,1
3138,MUSC,1
3138,NC24,0
3138,NC__,1
3138,SKIN,0
3138,SM24,0
3138,TCHR,1
3138,TOT_MORT,1
3139,ALL_BUT_MORT,1
3139,ANY120,0
3139,ANY24,0
3139,AXIS,1
3139,BRN_,1
3139,CRAN,0
3139,DP24,0
3139,EDEM,0
3139,LTRK,1
3139,MO24,0
3139,MORT,0
3139,MUSC,1
3139,NC24,0
3139,NC__,0
3139,SKIN,0
3139,SM24,0
3139,TCHR,1
3139,TOT_MORT,0
3140,ALL_BUT_MORT,0
3140,ANY120,0
3140,ANY24,0
3140,AXIS,0
3140,BRN_,0
3140,CRAN,0
3140,DP24,0
3140,EDEM,0
3140,LTRK,1
3140,MO24,0
3140,MORT,0
3140,MUSC,0
3140,NC24,0
3140,NC__,0
3140,SKIN,0
3140,SM24,0
3140,TCHR,1
3140,TOT_MORT,0
3144,ALL_BUT_MORT,1
3144,ANY120,1
3144,ANY24,1
3144,AXIS,1
3144,BRN_,1
3144,CRAN,1
3144,DP24,1
3144,EDEM,1
3144,LTRK,0
3144,MO24,1
3144,MORT,1
3144,MUSC,1
3144,NC24,0
3144,NC__,0
3144,SKIN,0
3144,SM24,0
3144,TCHR,1
3144,TOT_MORT,1
3147,ALL_BUT_MORT,0
3147,ANY120,0
3147,ANY24,0
3147,AXIS,1
3147,BRN_,0
3147,CRAN,1
3147,DP24,0
3147,EDEM,0
3147,LTRK,0
3147,MO24,0
3147,MORT,0
3147,MUSC,1
3147,NC24,0
3147,NC__,0
3147,SKIN,0
3147,SM24,0
3147,TCHR,0
3147,TOT_MORT,0
3151,ALL_BUT_MORT,1
3151,ANY120,0
3151,ANY24,0
3151,AXIS,1
3151,BRN_,1
3151,CRAN,1
3151,DP24,0
3151,EDEM,1
3151,LTRK,1
3151,MO24,0
3151,MORT,0
3151,MUSC,0
3151,NC24,0
3151,NC__,0
3151,SKIN,0
3151,SM24,0
3151,TCHR,1
3151,TOT_MORT,0
3160,ALL_BUT_MORT,1
3160,ANY120,0
3160,ANY24,1
3160,AXIS,1
3160,BRN_,1
3160,CRAN,1
3160,DP24,1
3160,EDEM,0
3160,LTRK,1
3160,MO24,1
3160,MORT,0
3160,MUSC,1
3160,NC24,0
3160,NC__,0
3160,SKIN,1
3160,SM24,0
3160,TCHR,0
3160,TOT_MORT,0
3168,ALL_BUT_MORT,0
3168,ANY120,1
3168,ANY24,1
3168,AXIS,0
3168,BRN_,0
3168,CRAN,0
3168,DP24,0
3168,EDEM,0
3168,LTRK,0
3168,MO24,1
3168,MORT,1
3168,MUSC,0
3168,NC24,0
3168,NC__,0
3168,SKIN,0
3168,SM24,0
3168,TCHR,0
3168,TOT_MORT,1
3169,ALL_BUT_MORT,0
3169,ANY120,0
3169,ANY24,0
3169,AXIS,0
3169,BRN_,0
3169,CRAN,0
3169,DP24,0
3169,EDEM,0
3169,LTRK,0
3169,MO24,0
3169,MORT,0
3169,MUSC,0
3169,NC24,0
3169,NC__,0
3169,SKIN,0
3169,SM24,0
3169,TCHR,0
3169,TOT_MORT,0
3272,ALL_BUT_MORT,1
3272,ANY120,0
3272,ANY24,0
3272,AXIS,0
3272,BRN_,0
3272,CRAN,0
3272,DP24,1
3272,EDEM,0
3272,LTRK,1
3272,MO24,0
3272,MORT,1
3272,MUSC,1
3272,NC24,0
3272,NC__,0
3272,SKIN,0
3272,SM24,0
3272,TCHR,1
3272,TOT_MORT,0
3273,ALL_BUT_MORT,1
3273,ANY120,1
3273,ANY24,0
3273,AXIS,1
3273,BRN_,1
3273,CRAN,1
3273,DP24,0
3273,EDEM,1
3273,LTRK,1
3273,MO24,0
3273,MORT,1
3273,MUSC,1
3273,NC24,0
3273,NC__,1
3273,SKIN,0
3273,SM24,0
3273,TCHR,1
3273,TOT_MORT,0
3411,ALL_BUT_MORT,1
3411,ANY120,1
3411,ANY24,0
3411,AXIS,1
3411,BRN_,1
3411,CRAN,1
3411,DP24,1
3411,EDEM,1
3411,LTRK,1
3411,MO24,0
3411,MORT,1
3411,MUSC,0
3411,NC24,0
3411,NC__,1
3411,SKIN,0
3411,SM24,0
3411,TCHR,1
3411,TOT_MORT,1
3412,ALL_BUT_MORT,1
3412,ANY120,1
3412,ANY24,1
3412,AXIS,1
3412,BRN_,1
3412,CRAN,1
3412,DP24,1
3412,EDEM,1
3412,LTRK,1
3412,MO24,0
3412,MORT,1
3412,MUSC,1
3412,NC24,0
3412,NC__,1
3412,SKIN,0
3412,SM24,0
3412,TCHR,1
3412,TOT_MORT,1
3413,ALL_BUT_MORT,1
3413,ANY120,1
3413,ANY24,1
3413,AXIS,0
3413,BRN_,0
3413,CRAN,0
3413,DP24,0
3413,EDEM,0
3413,LTRK,0
3413,MO24,1
3413,MORT,1
3413,MUSC,0
3413,NC24,0
3413,NC__,0
3413,SKIN,0
3413,SM24,0
3413,TCHR,0
3413,TOT_MORT,1
3689,ALL_BUT_MORT,1
3689,ANY120,1
3689,ANY24,0
3689,AXIS,1
3689,BRN_,1
3689,CRAN,1
3689,DP24,1
3689,EDEM,1
3689,LTRK,1
3689,MO24,0
3689,MORT,1
3689,MUSC,1
3689,NC24,0
3689,NC__,1
3689,SKIN,1
3689,SM24,0
3689,TCHR,1
3689,TOT_MORT,0
3690,ALL_BUT_MORT,0
3690,ANY120,0
3690,ANY24,0
3690,AXIS,0
3690,BRN_,0
3690,CRAN,0
3690,DP24,0
3690,EDEM,0
3690,LTRK,0
3690,MO24,0
3690,MORT,0
3690,MUSC,0
3690,NC24,0
3690,NC__,0
3690,SKIN,0
3690,SM24,0
3690,TCHR,0
3690,TOT_MORT,0
3757,ALL_BUT_MORT,1
3757,ANY120,1
3757,ANY24,1
3757,AXIS,1
3757,BRN_,1
3757,CRAN,1
3757,DP24,1
3757,EDEM,0
3757,LTRK,0
3757,MO24,1
3757,MORT,1
3757,MUSC,0
3757,NC24,0
3757,NC__,1
3757,SKIN,0
3757,SM24,0
3757,TCHR,0
3757,TOT_MORT,1
3758,ALL_BUT_MORT,1
3758,ANY120,1
3758,ANY24,1
3758,AXIS,1
3758,BRN_,1
3758,CRAN,1
3758,DP24,1
3758,EDEM,1
3758,LTRK,1
3758,MO24,1
3758,MORT,1
3758,MUSC,0
3758,NC24,0
3758,NC__,0
3758,SKIN,0
3758,SM24,0
3758,TCHR,1
3758,TOT_MORT,1
3759,ALL_BUT_MORT,1
3759,ANY120,1
3759,ANY24,1
3759,AXIS,1
3759,BRN_,1
3759,CRAN,1
3759,DP24,1
3759,EDEM,1
3759,LTRK,1
3759,MO24,1
3759,MORT,1
3759,MUSC,0
3759,NC24,0
3759,NC__,0
3759,SKIN,0
3759,SM24,0
3759,TCHR,1
3759,TOT_MORT,1
3760,ALL_BUT_MORT,1
3760,ANY120,1
3760,ANY24,0
3760,AXIS,1
3760,BRN_,1
3760,CRAN,1
3760,DP24,0
3760,EDEM,1
3760,LTRK,1
3760,MO24,0
3760,MORT,1
3760,MUSC,1
3760,NC24,0
3760,NC__,0
3760,SKIN,0
3760,SM24,0
3760,TCHR,1
3760,TOT_MORT,0
