Chemical_ID,End_Point,Model,BMD10,BMD50,Min_Dose,Max_Dose,AUC_Norm,DataQC_Flag,BMD_Analysis_Flag,BMD10_Flag,BMD50_Flag
1515,AXIS,NULL,NULL,NULL,0,0.0001,0.016129032,0,NULL,NULL,NULL
1515,BRN_,NULL,NULL,NULL,0,0.0001,0.048387097,0,NULL,NULL,NULL
1515,CRAN,NULL,NULL,NULL,0,0.0001,0.048387097,0,NULL,NULL,NULL
1515,EDEM,NULL,NULL,NULL,0,0.0001,0.048387097,0,NULL,NULL,NULL
1515,LTRK,NULL,NULL,NULL,0,0.0001,0.080645161,0,NULL,NULL,NULL
1515,MUSC,NULL,NULL,NULL,0,0.0001,0.016129032,0,NULL,NULL,NULL
1515,NC__,NULL,NULL,NULL,0,0.0001,0,0,NULL,NULL,NULL
1515,SKIN,NULL,NULL,NULL,0,0.0001,0,0,NULL,NULL,NULL
1515,TCHR,NULL,NULL,NULL,0,0.0001,0.016129032,0,NULL,NULL,NULL
1519,AXIS,NULL,NULL,NULL,0,0.0001,0,0,NULL,NULL,NULL
1519,BRN_,NULL,NULL,NULL,0,0.0001,0.046875,0,NULL,NULL,NULL
1519,CRAN,NULL,NULL,NULL,0,0.0001,0.015625,0,NULL,NULL,NULL
1519,EDEM,NULL,NULL,NULL,0,0.0001,0.03125,0,NULL,NULL,NULL
1519,LTRK,NULL,NULL,NULL,0,0.0001,0.296875,0,NULL,NULL,NULL
1519,MUSC,NULL,NULL,NULL,0,0.0001,0.015625,0,NULL,NULL,NULL
1519,NC__,NULL,NULL,NULL,0,0.0001,0,0,NULL,NULL,NULL
1519,SKIN,NULL,NULL,NULL,0,0.0001,0,0,NULL,NULL,NULL
1519,TCHR,NULL,NULL,NULL,0,0.0001,0,0,NULL,NULL,NULL
101,ANY120,NULL,NULL,NULL,0,0.01,0.07609375,1,NULL,NULL,NULL
101,AXIS,NULL,NULL,NULL,0,0.01,0.003225806,1,NULL,NULL,NULL
101,ALL_BUT_MORT,NULL,NULL,NULL,0,0.01,0.01346948,1,NULL,NULL,NULL
101,BRN_,NULL,NULL,NULL,0,0.01,0.012013163,1,NULL,NULL,NULL
101,CRAN,NULL,NULL,NULL,0,0.01,0.003392473,1,NULL,NULL,NULL
101,DP24,NULL,NULL,NULL,0,0.01,0.01174569,1,NULL,NULL,NULL
101,EDEM,NULL,NULL,NULL,0,0.01,0.012013163,1,NULL,NULL,NULL
101,MORT,NULL,NULL,NULL,0,0.01,0.008175403,1,NULL,NULL,NULL
101,MUSC,NULL,NULL,NULL,0,0.01,0,1,NULL,NULL,NULL
101,NC__,NULL,NULL,NULL,0,0.01,0.001612903,1,NULL,NULL,NULL
101,NC24,NULL,NULL,NULL,0,0.01,0,1,NULL,NULL,NULL
101,SKIN,NULL,NULL,NULL,0,0.01,0,1,NULL,NULL,NULL
101,SM24,NULL,NULL,NULL,0,0.01,0,1,NULL,NULL,NULL
101,TCHR,NULL,NULL,NULL,0,0.01,0,1,NULL,NULL,NULL
102,NC__,NULL,NULL,NULL,0,0.001,0,1,NULL,NULL,NULL
102,NC24,NULL,NULL,NULL,0,0.01,0,1,NULL,NULL,NULL
102,SKIN,NULL,NULL,NULL,0,0.001,0,1,NULL,NULL,NULL
102,SM24,NULL,NULL,NULL,0,0.01,0,1,NULL,NULL,NULL
103,MO24,NULL,NULL,NULL,0,0.01,0.0284375,1,NULL,NULL,NULL
103,NC__,NULL,NULL,NULL,0,0.01,0,1,NULL,NULL,NULL
103,NC24,NULL,NULL,NULL,0,0.01,0,1,NULL,NULL,NULL
103,SKIN,NULL,NULL,NULL,0,0.01,0,1,NULL,NULL,NULL
103,SM24,NULL,NULL,NULL,0,0.01,0,1,NULL,NULL,NULL
792,ANY24,NULL,NULL,NULL,0,10,0.29125,1,NULL,NULL,NULL
792,BRN_,NULL,NULL,NULL,0,10,0,1,NULL,NULL,NULL
792,CRAN,NULL,NULL,NULL,0,10,0,1,NULL,NULL,NULL
792,DP24,NULL,NULL,NULL,0,10,0.025184332,1,NULL,NULL,NULL
792,EDEM,NULL,NULL,NULL,0,10,0.005346459,1,NULL,NULL,NULL
792,LTRK,NULL,NULL,NULL,0,10,0.085336538,1,NULL,NULL,NULL
792,MO24,NULL,NULL,NULL,0,10,0.0571875,1,NULL,NULL,NULL
792,MUSC,NULL,NULL,NULL,0,10,0,1,NULL,NULL,NULL
792,SKIN,NULL,NULL,NULL,0,10,0,1,NULL,NULL,NULL
792,SM24,NULL,NULL,NULL,0,10,0,1,NULL,NULL,NULL
792,TCHR,NULL,NULL,NULL,0,10,0,1,NULL,NULL,NULL
793,BRN_,NULL,NULL,NULL,0,2,0,1,NULL,NULL,NULL
793,CRAN,NULL,NULL,NULL,0,2,0,1,NULL,NULL,NULL
793,MUSC,NULL,NULL,NULL,0,2,0,1,NULL,NULL,NULL
793,SKIN,NULL,NULL,NULL,0,2,0,1,NULL,NULL,NULL
793,SM24,NULL,NULL,NULL,0,10,0,1,NULL,NULL,NULL
793,TCHR,NULL,NULL,NULL,0,2,0.004464286,1,NULL,NULL,NULL
794,ANY24,NULL,NULL,NULL,0,10,0.3559375,1,NULL,NULL,NULL
794,BRN_,NULL,NULL,NULL,0,2,0,1,NULL,NULL,NULL
794,CRAN,NULL,NULL,NULL,0,2,0,1,NULL,NULL,NULL
794,DP24,NULL,NULL,NULL,0,10,0.129365927,1,NULL,NULL,NULL
794,EDEM,NULL,NULL,NULL,0,2,0,1,NULL,NULL,NULL
794,MO24,NULL,NULL,NULL,0,10,0.0059375,1,NULL,NULL,NULL
794,MUSC,NULL,NULL,NULL,0,2,0,1,NULL,NULL,NULL
794,SKIN,NULL,NULL,NULL,0,2,0,1,NULL,NULL,NULL
794,SM24,NULL,NULL,NULL,0,10,0,1,NULL,NULL,NULL
794,TCHR,NULL,NULL,NULL,0,2,0,1,NULL,NULL,NULL
795,AXIS,NULL,NULL,NULL,0,2,0.020431034,1,NULL,NULL,NULL
795,ALL_BUT_MORT,NULL,NULL,NULL,0,10,0.062731855,1,NULL,NULL,NULL
795,BRN_,NULL,NULL,NULL,0,2,0,1,NULL,NULL,NULL
795,CRAN,NULL,NULL,NULL,0,2,0,1,NULL,NULL,NULL
795,EDEM,NULL,NULL,NULL,0,2,0.011810345,1,NULL,NULL,NULL
795,LTRK,NULL,NULL,NULL,0,2,0.015,1,NULL,NULL,NULL
795,MO24,NULL,NULL,NULL,0,10,0.07109375,1,NULL,NULL,NULL
795,MUSC,NULL,NULL,NULL,0,2,0,1,NULL,NULL,NULL
795,NC__,NULL,NULL,NULL,0,2,0,1,NULL,NULL,NULL
795,NC24,NULL,NULL,NULL,0,10,0,1,NULL,NULL,NULL
795,SKIN,NULL,NULL,NULL,0,2,0,1,NULL,NULL,NULL
795,SM24,NULL,NULL,NULL,0,10,0,1,NULL,NULL,NULL
795,TCHR,NULL,NULL,NULL,0,2,0.0075,1,NULL,NULL,NULL
796,BRN_,NULL,NULL,NULL,0,2,0,1,NULL,NULL,NULL
796,CRAN,NULL,NULL,NULL,0,2,0,1,NULL,NULL,NULL
796,EDEM,NULL,NULL,NULL,0,2,0.063803697,1,NULL,NULL,NULL
796,MO24,NULL,NULL,NULL,0,10,0.030625,1,NULL,NULL,NULL
796,MUSC,NULL,NULL,NULL,0,2,0,1,NULL,NULL,NULL
796,SKIN,NULL,NULL,NULL,0,2,0,1,NULL,NULL,NULL
796,SM24,NULL,NULL,NULL,0,10,0,1,NULL,NULL,NULL
796,TCHR,NULL,NULL,NULL,0,2,0.008064516,1,NULL,NULL,NULL
1035,ANY24,NULL,NULL,NULL,0,0.01,0.02390625,1,NULL,NULL,NULL
1035,ANY120,NULL,NULL,NULL,0,0.01,0.05046875,1,NULL,NULL,NULL
1035,AXIS,NULL,NULL,NULL,0,0.01,0.007979167,1,NULL,NULL,NULL
1035,ALL_BUT_MORT,NULL,NULL,NULL,0,0.01,0.020479167,1,NULL,NULL,NULL
1035,BRN_,NULL,NULL,NULL,0,0.01,0.013069892,1,NULL,NULL,NULL
1035,CRAN,NULL,NULL,NULL,0,0.01,0.013069892,1,NULL,NULL,NULL
1035,DP24,NULL,NULL,NULL,0,0.01,0.000166667,1,NULL,NULL,NULL
1035,EDEM,NULL,NULL,NULL,0,0.01,0.013069892,1,NULL,NULL,NULL
1035,LTRK,NULL,NULL,NULL,0,0.01,0.000166667,1,NULL,NULL,NULL
1035,MO24,NULL,NULL,NULL,0,0.01,0.02375,1,NULL,NULL,NULL
1035,MORT,NULL,NULL,NULL,0,0.01,0.00625,1,NULL,NULL,NULL
1035,MUSC,NULL,NULL,NULL,0,0.01,0.000166667,1,NULL,NULL,NULL
1035,NC__,NULL,NULL,NULL,0,0.01,0,1,NULL,NULL,NULL
1035,NC24,NULL,NULL,NULL,0,0.01,0,1,NULL,NULL,NULL
1035,SKIN,NULL,NULL,NULL,0,0.01,0,1,NULL,NULL,NULL
1035,SM24,NULL,NULL,NULL,0,0.01,0,1,NULL,NULL,NULL
1035,TCHR,NULL,NULL,NULL,0,0.01,0.000166667,1,NULL,NULL,NULL
1035,TOT_MORT,NULL,NULL,NULL,0,0.01,0.03,1,NULL,NULL,NULL
1036,NC24,NULL,NULL,NULL,0,0.01,0,1,NULL,NULL,NULL
1036,SKIN,NULL,NULL,NULL,0,0.01,0,1,NULL,NULL,NULL
1036,SM24,NULL,NULL,NULL,0,0.01,0,1,NULL,NULL,NULL
1037,MO24,NULL,NULL,NULL,0,0.01,0.07890625,1,NULL,NULL,NULL
1037,NC__,NULL,NULL,NULL,0,0.01,0,1,NULL,NULL,NULL
1037,NC24,NULL,NULL,NULL,0,0.01,0,1,NULL,NULL,NULL
1037,SKIN,NULL,NULL,NULL,0,0.01,0,1,NULL,NULL,NULL
1037,SM24,NULL,NULL,NULL,0,0.01,0,1,NULL,NULL,NULL
1037,TOT_MORT,NULL,NULL,NULL,0,0.01,0.1259375,1,NULL,NULL,NULL
1038,MORT,NULL,NULL,NULL,0,0.01,0.00415625,1,NULL,NULL,NULL
1038,MUSC,NULL,NULL,NULL,0,0.01,0,1,NULL,NULL,NULL
1038,NC__,NULL,NULL,NULL,0,0.01,0.00016129,1,NULL,NULL,NULL
1038,NC24,NULL,NULL,NULL,0,0.01,0,1,NULL,NULL,NULL
1038,SKIN,NULL,NULL,NULL,0,0.01,0,1,NULL,NULL,NULL
1038,SM24,NULL,NULL,NULL,0,0.01,0,1,NULL,NULL,NULL
1038,TOT_MORT,NULL,NULL,NULL,0,0.01,0.11453125,1,NULL,NULL,NULL
1514,ANY120,NULL,NULL,NULL,0,0.01,0.08375,1,NULL,NULL,NULL
1514,AXIS,NULL,NULL,NULL,0,0.01,0.014569892,1,NULL,NULL,NULL
1514,ALL_BUT_MORT,NULL,NULL,NULL,0,0.01,0.024354839,1,NULL,NULL,NULL
1514,BRN_,NULL,NULL,NULL,0,0.01,0.016403226,1,NULL,NULL,NULL
1514,CRAN,NULL,NULL,NULL,0,0.01,0.016236559,1,NULL,NULL,NULL
1514,EDEM,NULL,NULL,NULL,0,0.01,0.016403226,1,NULL,NULL,NULL
1514,LTRK,NULL,NULL,NULL,0,0.01,0.00811828,1,NULL,NULL,NULL
1514,MORT,NULL,NULL,NULL,0,0.01,0.014274194,1,NULL,NULL,NULL
1514,MUSC,NULL,NULL,NULL,0,0.01,0.014569892,1,NULL,NULL,NULL
1514,NC__,NULL,NULL,NULL,0,0.01,0,1,NULL,NULL,NULL
1514,NC24,NULL,NULL,NULL,0,0.01,0,1,NULL,NULL,NULL
1514,SKIN,NULL,NULL,NULL,0,0.01,0,1,NULL,NULL,NULL
1514,SM24,NULL,NULL,NULL,0,0.01,0,1,NULL,NULL,NULL
1514,TCHR,NULL,NULL,NULL,0,0.01,0.016236559,1,NULL,NULL,NULL
1514,TOT_MORT,NULL,NULL,NULL,0,0.01,0.06015625,1,NULL,NULL,NULL
1515,NC24,NULL,NULL,NULL,0,0.01,0,1,NULL,NULL,NULL
1515,SM24,NULL,NULL,NULL,0,0.01,0,1,NULL,NULL,NULL
1516,NC__,NULL,NULL,NULL,0,0.0025,0,1,NULL,NULL,NULL
1516,NC24,NULL,NULL,NULL,0,0.01,0,1,NULL,NULL,NULL
1516,SKIN,NULL,NULL,NULL,0,0.0025,0,1,NULL,NULL,NULL
1516,SM24,NULL,NULL,NULL,0,0.01,0,1,NULL,NULL,NULL
1516,TCHR,NULL,NULL,NULL,0,0.0025,0,1,NULL,NULL,NULL
1517,MO24,NULL,NULL,NULL,0,0.01,0.035625,1,NULL,NULL,NULL
1517,NC__,NULL,NULL,NULL,0,0.01,0,1,NULL,NULL,NULL
1517,NC24,NULL,NULL,NULL,0,0.01,0,1,NULL,NULL,NULL
1517,SKIN,NULL,NULL,NULL,0,0.01,0,1,NULL,NULL,NULL
1517,SM24,NULL,NULL,NULL,0,0.01,0,1,NULL,NULL,NULL
1518,ANY24,NULL,NULL,NULL,0,0.01,0.02578125,1,NULL,NULL,NULL
1518,ANY120,NULL,NULL,NULL,0,0.01,0.05,1,NULL,NULL,NULL
1518,AXIS,NULL,NULL,NULL,0,0.01,0.006643921,1,NULL,NULL,NULL
1518,ALL_BUT_MORT,NULL,NULL,NULL,0,0.01,0.022184886,1,NULL,NULL,NULL
1518,BRN_,NULL,NULL,NULL,0,0.01,0.012127792,1,NULL,NULL,NULL
1518,CRAN,NULL,NULL,NULL,0,0.01,0.012127792,1,NULL,NULL,NULL
1518,DP24,NULL,NULL,NULL,0,0.01,0.003935185,1,NULL,NULL,NULL
1518,EDEM,NULL,NULL,NULL,0,0.01,0.012127792,1,NULL,NULL,NULL
1518,LTRK,NULL,NULL,NULL,0,0.01,0,1,NULL,NULL,NULL
1518,MO24,NULL,NULL,NULL,0,0.01,0.021875,1,NULL,NULL,NULL
1518,MORT,NULL,NULL,NULL,0,0.01,0.010185185,1,NULL,NULL,NULL
1518,MUSC,NULL,NULL,NULL,0,0.01,0.000192308,1,NULL,NULL,NULL
1518,NC__,NULL,NULL,NULL,0,0.01,0,1,NULL,NULL,NULL
1518,NC24,NULL,NULL,NULL,0,0.01,0,1,NULL,NULL,NULL
1518,SKIN,NULL,NULL,NULL,0,0.01,0,1,NULL,NULL,NULL
1518,SM24,NULL,NULL,NULL,0,0.01,0,1,NULL,NULL,NULL
1518,TOT_MORT,NULL,NULL,NULL,0,0.01,0.03203125,1,NULL,NULL,NULL
1519,NC24,NULL,NULL,NULL,0,0.01,0,1,NULL,NULL,NULL
1519,SM24,NULL,NULL,NULL,0,0.01,0,1,NULL,NULL,NULL
1520,NC__,NULL,NULL,NULL,0,0.001,0,1,NULL,NULL,NULL
1520,NC24,NULL,NULL,NULL,0,0.01,0,1,NULL,NULL,NULL
1520,SKIN,NULL,NULL,NULL,0,0.001,0,1,NULL,NULL,NULL
1520,SM24,NULL,NULL,NULL,0,0.01,0,1,NULL,NULL,NULL
1521,MUSC,NULL,NULL,NULL,0,0.005,0,1,NULL,NULL,NULL
1521,NC__,NULL,NULL,NULL,0,0.005,0,1,NULL,NULL,NULL
1521,NC24,NULL,NULL,NULL,0,0.01,0,1,NULL,NULL,NULL
1521,SKIN,NULL,NULL,NULL,0,0.005,0,1,NULL,NULL,NULL
1521,SM24,NULL,NULL,NULL,0,0.01,0,1,NULL,NULL,NULL
1521,TCHR,NULL,NULL,NULL,0,0.005,0,1,NULL,NULL,NULL
2677,ANY24,NULL,NULL,NULL,0,100000,0.249984306,1,NULL,NULL,NULL
2677,ANY120,NULL,NULL,NULL,0,100000,0.500157708,1,NULL,NULL,NULL
2677,AXIS,NULL,NULL,NULL,0,100000,4.24E-08,1,NULL,NULL,NULL
2677,ALL_BUT_MORT,NULL,NULL,NULL,0,100000,0.258229916,1,NULL,NULL,NULL
2677,BRN_,NULL,NULL,NULL,0,100000,0.033332709,1,NULL,NULL,NULL
2677,CRAN,NULL,NULL,NULL,0,100000,0.066667275,1,NULL,NULL,NULL
2677,DP24,NULL,NULL,NULL,0,100000,0.0806386,1,NULL,NULL,NULL
2677,EDEM,NULL,NULL,NULL,0,100000,0.083333372,1,NULL,NULL,NULL
2677,LTRK,NULL,NULL,NULL,0,100000,0.416658375,1,NULL,NULL,NULL
2677,MO24,NULL,NULL,NULL,0,100000,0.01562344,1,NULL,NULL,NULL
2677,MUSC,NULL,NULL,NULL,0,100000,0.016666363,1,NULL,NULL,NULL
2677,NC__,NULL,NULL,NULL,0,100000,3.08E-09,1,NULL,NULL,NULL
2677,NC24,NULL,NULL,NULL,0,100000,0.193536836,1,NULL,NULL,NULL
2677,SKIN,NULL,NULL,NULL,0,100000,0.299994061,1,NULL,NULL,NULL
2677,SM24,NULL,NULL,NULL,0,100000,0.032254841,1,NULL,NULL,NULL
2678,ANY24,NULL,NULL,NULL,0,100000,0.093758629,1,NULL,NULL,NULL
2678,ANY120,NULL,NULL,NULL,0,100000,0.468848557,1,NULL,NULL,NULL
2678,AXIS,NULL,NULL,NULL,0,100000,0.075021642,1,NULL,NULL,NULL
2678,BRN_,NULL,NULL,NULL,0,100000,0.024997948,1,NULL,NULL,NULL
2678,CRAN,NULL,NULL,NULL,0,100000,0.050004956,1,NULL,NULL,NULL
2678,DP24,NULL,NULL,NULL,0,100000,0.033330002,1,NULL,NULL,NULL
2678,EDEM,NULL,NULL,NULL,0,100000,0.150016182,1,NULL,NULL,NULL
2678,MO24,NULL,NULL,NULL,0,100000,0.031257376,1,NULL,NULL,NULL
2678,MUSC,NULL,NULL,NULL,0,100000,9.47E-07,1,NULL,NULL,NULL
2678,NC__,NULL,NULL,NULL,0,100000,3.25E-07,1,NULL,NULL,NULL
2678,NC24,NULL,NULL,NULL,0,100000,0.050002744,1,NULL,NULL,NULL
2678,SM24,NULL,NULL,NULL,0,100000,0,1,NULL,NULL,NULL
2678,TCHR,NULL,NULL,NULL,0,100000,0.100009877,1,NULL,NULL,NULL
2679,ANY24,NULL,NULL,NULL,0,100000,3.22E-05,1,NULL,NULL,NULL
2679,DP24,NULL,NULL,NULL,0,100000,1.09E-05,1,NULL,NULL,NULL
2679,MO24,NULL,NULL,NULL,0,100000,1.20E-08,1,NULL,NULL,NULL
2679,MUSC,NULL,NULL,NULL,0,100000,0.016152707,1,NULL,NULL,NULL
2679,NC__,NULL,NULL,NULL,0,100000,0,1,NULL,NULL,NULL
2679,NC24,NULL,NULL,NULL,0,100000,2.13E-05,1,NULL,NULL,NULL
2679,SM24,NULL,NULL,NULL,0,100000,0,1,NULL,NULL,NULL
2680,ANY24,NULL,NULL,NULL,0,100000,0.062493944,1,NULL,NULL,NULL
2680,ANY120,NULL,NULL,NULL,0,100000,0.406258414,1,NULL,NULL,NULL
2680,AXIS,NULL,NULL,NULL,0,100000,0.124998376,1,NULL,NULL,NULL
2680,ALL_BUT_MORT,NULL,NULL,NULL,0,100000,0.265639316,1,NULL,NULL,NULL
2680,DP24,NULL,NULL,NULL,0,100000,0.046870507,1,NULL,NULL,NULL
2680,MO24,NULL,NULL,NULL,0,100000,0,1,NULL,NULL,NULL
2680,MUSC,NULL,NULL,NULL,0,100000,0.074994131,1,NULL,NULL,NULL
2680,NC__,NULL,NULL,NULL,0,100000,0,1,NULL,NULL,NULL
2680,SM24,NULL,NULL,NULL,0,100000,0,1,NULL,NULL,NULL
2681,ANY120,NULL,NULL,NULL,0,100000,0.265618758,1,NULL,NULL,NULL
2681,AXIS,NULL,NULL,NULL,0,100000,0.115382424,1,NULL,NULL,NULL
2681,ALL_BUT_MORT,NULL,NULL,NULL,0,100000,0.183325094,1,NULL,NULL,NULL
2681,BRN_,NULL,NULL,NULL,0,100000,0.153832392,1,NULL,NULL,NULL
2681,CRAN,NULL,NULL,NULL,0,100000,0.173061236,1,NULL,NULL,NULL
2681,EDEM,NULL,NULL,NULL,0,100000,0.173061598,1,NULL,NULL,NULL
2681,LTRK,NULL,NULL,NULL,0,100000,0.192298123,1,NULL,NULL,NULL
2681,MORT,NULL,NULL,NULL,0,100000,0.06666,1,NULL,NULL,NULL
2681,MUSC,NULL,NULL,NULL,0,100000,0.096145918,1,NULL,NULL,NULL
2681,NC24,NULL,NULL,NULL,0,100000,3.00E-09,1,NULL,NULL,NULL
2681,SM24,NULL,NULL,NULL,0,100000,0,1,NULL,NULL,NULL
2681,TCHR,NULL,NULL,NULL,0,100000,1.61E-06,1,NULL,NULL,NULL
2681,TOT_MORT,NULL,NULL,NULL,0,100000,0.093751198,1,NULL,NULL,NULL
2682,ANY24,NULL,NULL,NULL,0,100000,0.218743474,1,NULL,NULL,NULL
2682,ANY120,NULL,NULL,NULL,0,100000,0.312492276,1,NULL,NULL,NULL
2682,AXIS,NULL,NULL,NULL,0,100000,6.17E-07,1,NULL,NULL,NULL
2682,ALL_BUT_MORT,NULL,NULL,NULL,0,100000,0.241363868,1,NULL,NULL,NULL
2682,BRN_,NULL,NULL,NULL,0,100000,6.17E-07,1,NULL,NULL,NULL
2682,CRAN,NULL,NULL,NULL,0,100000,0.031247492,1,NULL,NULL,NULL
2682,EDEM,NULL,NULL,NULL,0,100000,0.093741242,1,NULL,NULL,NULL
2682,LTRK,NULL,NULL,NULL,0,100000,8.62E-06,1,NULL,NULL,NULL
2682,MO24,NULL,NULL,NULL,0,100000,0.046877825,1,NULL,NULL,NULL
2682,MUSC,NULL,NULL,NULL,0,100000,0.031247492,1,NULL,NULL,NULL
2682,SKIN,NULL,NULL,NULL,0,100000,0,1,NULL,NULL,NULL
2682,SM24,NULL,NULL,NULL,0,100000,2.48E-08,1,NULL,NULL,NULL
2682,TCHR,NULL,NULL,NULL,0,100000,0,1,NULL,NULL,NULL
2682,TOT_MORT,NULL,NULL,NULL,0,100000,0.249990111,1,NULL,NULL,NULL
2695,AXIS,NULL,NULL,NULL,0,100000,0.008931791,1,NULL,NULL,NULL
2695,BRN_,NULL,NULL,NULL,0,100000,0.017860036,1,NULL,NULL,NULL
2695,MUSC,NULL,NULL,NULL,0,100000,0.008932211,1,NULL,NULL,NULL
2695,NC__,NULL,NULL,NULL,0,100000,7.25E-08,1,NULL,NULL,NULL
2695,SKIN,NULL,NULL,NULL,0,100000,0.196426491,1,NULL,NULL,NULL
2695,TCHR,NULL,NULL,NULL,0,100000,2.37E-06,1,NULL,NULL,NULL
2696,MO24,NULL,NULL,NULL,0,100000,0.062512129,1,NULL,NULL,NULL
2696,MUSC,NULL,NULL,NULL,0,100000,0.33330975,1,NULL,NULL,NULL
2696,NC__,NULL,NULL,NULL,0,100000,1.92E-05,1,NULL,NULL,NULL
2697,ANY24,NULL,NULL,NULL,0,100000,0.031287136,1,NULL,NULL,NULL
2697,DP24,NULL,NULL,NULL,0,100000,6.05E-08,1,NULL,NULL,NULL
2697,MO24,NULL,NULL,NULL,0,100000,0.015638738,1,NULL,NULL,NULL
2697,MORT,NULL,NULL,NULL,0,100000,0.306421338,1,NULL,NULL,NULL
2697,MUSC,NULL,NULL,NULL,0,100000,0.208357328,1,NULL,NULL,NULL
2697,NC__,NULL,NULL,NULL,0,100000,6.19E-08,1,NULL,NULL,NULL
2697,SM24,NULL,NULL,NULL,0,100000,0,1,NULL,NULL,NULL
2697,TOT_MORT,NULL,NULL,NULL,0,100000,0.312484411,1,NULL,NULL,NULL
2698,ANY120,NULL,NULL,NULL,0,100000,0.45313732,1,NULL,NULL,NULL
2698,AXIS,NULL,NULL,NULL,0,100000,0.13333811,1,NULL,NULL,NULL
2698,ALL_BUT_MORT,NULL,NULL,NULL,0,100000,0.214284977,1,NULL,NULL,NULL
2698,BRN_,NULL,NULL,NULL,0,100000,0.133337843,1,NULL,NULL,NULL
2698,DP24,NULL,NULL,NULL,0,100000,6.40E-08,1,NULL,NULL,NULL
2698,LTRK,NULL,NULL,NULL,0,100000,0.133337843,1,NULL,NULL,NULL
2698,NC__,NULL,NULL,NULL,0,100000,0,1,NULL,NULL,NULL
2698,NC24,NULL,NULL,NULL,0,100000,2.48E-09,1,NULL,NULL,NULL
2698,SKIN,NULL,NULL,NULL,0,100000,1.00E-10,1,NULL,NULL,NULL
2698,SM24,NULL,NULL,NULL,0,100000,0,1,NULL,NULL,NULL
2698,TCHR,NULL,NULL,NULL,0,100000,3.96E-07,1,NULL,NULL,NULL
2699,ANY24,NULL,NULL,NULL,0,100000,0.062510775,1,NULL,NULL,NULL
2699,ANY120,NULL,NULL,NULL,0,100000,0.406243285,1,NULL,NULL,NULL
2699,AXIS,NULL,NULL,NULL,0,100000,0.219985804,1,NULL,NULL,NULL
2699,ALL_BUT_MORT,NULL,NULL,NULL,0,100000,0.354830278,1,NULL,NULL,NULL
2699,BRN_,NULL,NULL,NULL,0,100000,0.199987804,1,NULL,NULL,NULL
2699,DP24,NULL,NULL,NULL,0,100000,0.032264101,1,NULL,NULL,NULL
2699,EDEM,NULL,NULL,NULL,0,100000,0.299993589,1,NULL,NULL,NULL
2699,LTRK,NULL,NULL,NULL,0,100000,0.319976244,1,NULL,NULL,NULL
2699,MO24,NULL,NULL,NULL,0,100000,0.01563095,1,NULL,NULL,NULL
2699,MORT,NULL,NULL,NULL,0,100000,0.096766104,1,NULL,NULL,NULL
2699,MUSC,NULL,NULL,NULL,0,100000,0.099999304,1,NULL,NULL,NULL
2699,NC__,NULL,NULL,NULL,0,100000,0.019998075,1,NULL,NULL,NULL
2699,NC24,NULL,NULL,NULL,0,100000,0.016127912,1,NULL,NULL,NULL
2699,SM24,NULL,NULL,NULL,0,100000,0,1,NULL,NULL,NULL
2699,TCHR,NULL,NULL,NULL,0,100000,0.020005742,1,NULL,NULL,NULL
2699,TOT_MORT,NULL,NULL,NULL,0,100000,0.109373162,1,NULL,NULL,NULL
2700,ANY24,NULL,NULL,NULL,0,100000,0.109372033,1,NULL,NULL,NULL
2700,ANY120,NULL,NULL,NULL,0,100000,0.34374674,1,NULL,NULL,NULL
2700,AXIS,NULL,NULL,NULL,0,100000,1.60E-05,1,NULL,NULL,NULL
2700,ALL_BUT_MORT,NULL,NULL,NULL,0,100000,0.161297064,1,NULL,NULL,NULL
2700,BRN_,NULL,NULL,NULL,0,100000,0.099998048,1,NULL,NULL,NULL
2700,CRAN,NULL,NULL,NULL,0,100000,0.133328368,1,NULL,NULL,NULL
2700,EDEM,NULL,NULL,NULL,0,100000,0.166658368,1,NULL,NULL,NULL
2700,LTRK,NULL,NULL,NULL,0,100000,0.099998061,1,NULL,NULL,NULL
2700,MO24,NULL,NULL,NULL,0,100000,0.015623896,1,NULL,NULL,NULL
2700,MUSC,NULL,NULL,NULL,0,100000,0.099998381,1,NULL,NULL,NULL
2700,NC__,NULL,NULL,NULL,0,100000,1.32E-08,1,NULL,NULL,NULL
2700,NC24,NULL,NULL,NULL,0,100000,0.016127419,1,NULL,NULL,NULL
2700,SKIN,NULL,NULL,NULL,0,100000,0,1,NULL,NULL,NULL
2700,TCHR,NULL,NULL,NULL,0,100000,0,1,NULL,NULL,NULL
2700,TOT_MORT,NULL,NULL,NULL,0,100000,0.265614197,1,NULL,NULL,NULL
3322,AXIS,NULL,NULL,NULL,0,7500,0.017949507,1,NULL,NULL,NULL
3322,ALL_BUT_MORT,NULL,NULL,NULL,0,7500,0.05897745,1,NULL,NULL,NULL
3322,BRN_,NULL,NULL,NULL,0,7500,0.022085386,1,NULL,NULL,NULL
3322,CRAN,NULL,NULL,NULL,0,7500,0.005747126,1,NULL,NULL,NULL
3322,DP24,NULL,NULL,NULL,0,7500,0.017575817,1,NULL,NULL,NULL
3322,EDEM,NULL,NULL,NULL,0,7500,0.031280788,1,NULL,NULL,NULL
3322,LTRK,NULL,NULL,NULL,0,7500,0.009195402,1,NULL,NULL,NULL
3322,MUSC,NULL,NULL,NULL,0,7500,0,1,NULL,NULL,NULL
3322,NC__,NULL,NULL,NULL,0,7500,0,1,NULL,NULL,NULL
3322,NC24,NULL,NULL,NULL,0,7500,0,1,NULL,NULL,NULL
3322,SKIN,NULL,NULL,NULL,0,7500,0,1,NULL,NULL,NULL
3322,SM24,NULL,NULL,NULL,0,7500,0,1,NULL,NULL,NULL
3322,TCHR,NULL,NULL,NULL,0,7500,0.011494253,1,NULL,NULL,NULL
3324,MO24,NULL,NULL,NULL,0,7500,0.122395833,1,NULL,NULL,NULL
3324,SKIN,NULL,NULL,NULL,0,7500,0,1,NULL,NULL,NULL
3324,SM24,NULL,NULL,NULL,0,7500,0,1,NULL,NULL,NULL
3324,TCHR,NULL,NULL,NULL,0,7500,0.018800705,1,NULL,NULL,NULL
3325,ANY24,NULL,NULL,NULL,0,7500,0.143039021,1,NULL,NULL,NULL
3325,ANY120,NULL,NULL,NULL,0,7500,0.167642196,1,NULL,NULL,NULL
3325,ALL_BUT_MORT,NULL,NULL,NULL,0,7500,0.048241031,1,NULL,NULL,NULL
3325,BRN_,NULL,NULL,NULL,0,7500,0,1,NULL,NULL,NULL
3325,CRAN,NULL,NULL,NULL,0,7500,0,1,NULL,NULL,NULL
3325,DP24,NULL,NULL,NULL,0,7500,0.025457642,1,NULL,NULL,NULL
3325,EDEM,NULL,NULL,NULL,0,7500,0,1,NULL,NULL,NULL
3325,LTRK,NULL,NULL,NULL,0,7500,0,1,NULL,NULL,NULL
3325,MO24,NULL,NULL,NULL,0,7500,0.120122354,1,NULL,NULL,NULL
3325,MORT,NULL,NULL,NULL,0,7500,0.020023995,1,NULL,NULL,NULL
3325,MUSC,NULL,NULL,NULL,0,7500,0,1,NULL,NULL,NULL
3325,NC__,NULL,NULL,NULL,0,7500,0,1,NULL,NULL,NULL
3325,NC24,NULL,NULL,NULL,0,7500,0,1,NULL,NULL,NULL
3325,SKIN,NULL,NULL,NULL,0,7500,0,1,NULL,NULL,NULL
3325,SM24,NULL,NULL,NULL,0,7500,0,1,NULL,NULL,NULL
3325,TCHR,NULL,NULL,NULL,0,7500,0,1,NULL,NULL,NULL
3325,TOT_MORT,NULL,NULL,NULL,0,7500,0.13791336,1,NULL,NULL,NULL
3326,ANY24,NULL,NULL,NULL,0,7500,0.047395833,1,NULL,NULL,NULL
3326,ANY120,NULL,NULL,NULL,0,7500,0.070833333,1,NULL,NULL,NULL
3326,AXIS,NULL,NULL,NULL,0,7500,0.014149865,1,NULL,NULL,NULL
3326,ALL_BUT_MORT,NULL,NULL,NULL,0,7500,0.013771667,1,NULL,NULL,NULL
3326,BRN_,NULL,NULL,NULL,0,7500,0.011417625,1,NULL,NULL,NULL
3326,CRAN,NULL,NULL,NULL,0,7500,0.011417625,1,NULL,NULL,NULL
3326,DP24,NULL,NULL,NULL,0,7500,0,1,NULL,NULL,NULL
3326,EDEM,NULL,NULL,NULL,0,7500,0.011417625,1,NULL,NULL,NULL
3326,LTRK,NULL,NULL,NULL,0,7500,0.014149865,1,NULL,NULL,NULL
3326,MO24,NULL,NULL,NULL,0,7500,0.047395833,1,NULL,NULL,NULL
3326,MORT,NULL,NULL,NULL,0,7500,0.011039427,1,NULL,NULL,NULL
3326,MUSC,NULL,NULL,NULL,0,7500,0,1,NULL,NULL,NULL
3326,NC__,NULL,NULL,NULL,0,7500,0,1,NULL,NULL,NULL
3326,NC24,NULL,NULL,NULL,0,7500,0,1,NULL,NULL,NULL
3326,SKIN,NULL,NULL,NULL,0,7500,0,1,NULL,NULL,NULL
3326,SM24,NULL,NULL,NULL,0,7500,0,1,NULL,NULL,NULL
3326,TCHR,NULL,NULL,NULL,0,7500,0.002222222,1,NULL,NULL,NULL
3326,TOT_MORT,NULL,NULL,NULL,0,7500,0.0578125,1,NULL,NULL,NULL
3328,ANY24,NULL,NULL,NULL,0,7500,0.075,1,NULL,NULL,NULL
3328,ANY120,NULL,NULL,NULL,0,7500,0.10625,1,NULL,NULL,NULL
3328,MO24,NULL,NULL,NULL,0,7500,0.056770833,1,NULL,NULL,NULL
3328,MUSC,NULL,NULL,NULL,0,7500,0,1,NULL,NULL,NULL
3328,NC__,NULL,NULL,NULL,0,7500,0,1,NULL,NULL,NULL
3328,SKIN,NULL,NULL,NULL,0,7500,0,1,NULL,NULL,NULL
3328,SM24,NULL,NULL,NULL,0,7500,0,1,NULL,NULL,NULL
3328,TOT_MORT,NULL,NULL,NULL,0,7500,0.077604167,1,NULL,NULL,NULL
3329,ANY120,NULL,NULL,NULL,0,7500,0.047395833,1,NULL,NULL,NULL
3329,AXIS,NULL,NULL,NULL,0,7500,0.007777778,1,NULL,NULL,NULL
3329,ALL_BUT_MORT,NULL,NULL,NULL,0,7500,0.012641166,1,NULL,NULL,NULL
3329,EDEM,NULL,NULL,NULL,0,7500,0.007777778,1,NULL,NULL,NULL
3329,MO24,NULL,NULL,NULL,0,7500,0.0328125,1,NULL,NULL,NULL
3329,MUSC,NULL,NULL,NULL,0,7500,0,1,NULL,NULL,NULL
3329,NC__,NULL,NULL,NULL,0,7500,0,1,NULL,NULL,NULL
3329,NC24,NULL,NULL,NULL,0,7500,0,1,NULL,NULL,NULL
3329,SKIN,NULL,NULL,NULL,0,7500,0,1,NULL,NULL,NULL
3329,SM24,NULL,NULL,NULL,0,7500,0,1,NULL,NULL,NULL
3330,MORT,NULL,NULL,NULL,0,7500,0.013541667,1,NULL,NULL,NULL
3330,NC__,NULL,NULL,NULL,0,7500,0,1,NULL,NULL,NULL
3330,NC24,NULL,NULL,NULL,0,7500,0,1,NULL,NULL,NULL
3330,SKIN,NULL,NULL,NULL,0,7500,0,1,NULL,NULL,NULL
3330,SM24,NULL,NULL,NULL,0,7500,0,1,NULL,NULL,NULL
3331,ANY24,NULL,NULL,NULL,0,7500,0.024479167,1,NULL,NULL,NULL
3331,ANY120,NULL,NULL,NULL,0,7500,0.027083333,1,NULL,NULL,NULL
3331,AXIS,NULL,NULL,NULL,0,7500,0,1,NULL,NULL,NULL
3331,ALL_BUT_MORT,NULL,NULL,NULL,0,7500,0.007675195,1,NULL,NULL,NULL
3331,BRN_,NULL,NULL,NULL,0,7500,0,1,NULL,NULL,NULL
3331,CRAN,NULL,NULL,NULL,0,7500,0,1,NULL,NULL,NULL
3331,DP24,NULL,NULL,NULL,0,7500,0.004987023,1,NULL,NULL,NULL
3331,LTRK,NULL,NULL,NULL,0,7500,0,1,NULL,NULL,NULL
3331,MO24,NULL,NULL,NULL,0,7500,0.019791667,1,NULL,NULL,NULL
3331,MORT,NULL,NULL,NULL,0,7500,0.004987023,1,NULL,NULL,NULL
3331,MUSC,NULL,NULL,NULL,0,7500,0,1,NULL,NULL,NULL
3331,NC__,NULL,NULL,NULL,0,7500,0,1,NULL,NULL,NULL
3331,NC24,NULL,NULL,NULL,0,7500,0,1,NULL,NULL,NULL
3331,SKIN,NULL,NULL,NULL,0,7500,0,1,NULL,NULL,NULL
3331,SM24,NULL,NULL,NULL,0,7500,0,1,NULL,NULL,NULL
3331,TCHR,NULL,NULL,NULL,0,7500,0,1,NULL,NULL,NULL
3331,TOT_MORT,NULL,NULL,NULL,0,7500,0.024479167,1,NULL,NULL,NULL
3332,ANY24,NULL,NULL,NULL,0,7500,0.025,1,NULL,NULL,NULL
3332,ANY120,NULL,NULL,NULL,0,7500,0.045833333,1,NULL,NULL,NULL
3332,AXIS,NULL,NULL,NULL,0,7500,0.002222222,1,NULL,NULL,NULL
3332,BRN_,NULL,NULL,NULL,0,7500,0,1,NULL,NULL,NULL
3332,DP24,NULL,NULL,NULL,0,7500,0,1,NULL,NULL,NULL
3332,LTRK,NULL,NULL,NULL,0,7500,0.007686703,1,NULL,NULL,NULL
3332,MO24,NULL,NULL,NULL,0,7500,0.025,1,NULL,NULL,NULL
3332,MUSC,NULL,NULL,NULL,0,7500,0,1,NULL,NULL,NULL
3332,NC__,NULL,NULL,NULL,0,7500,0,1,NULL,NULL,NULL
3332,NC24,NULL,NULL,NULL,0,7500,0,1,NULL,NULL,NULL
3332,SKIN,NULL,NULL,NULL,0,7500,0,1,NULL,NULL,NULL
3332,SM24,NULL,NULL,NULL,0,7500,0,1,NULL,NULL,NULL
3332,TCHR,NULL,NULL,NULL,0,7500,0,1,NULL,NULL,NULL
3332,TOT_MORT,NULL,NULL,NULL,0,7500,0.0359375,1,NULL,NULL,NULL
3334,ANY24,NULL,NULL,NULL,0,7500,0.043229167,1,NULL,NULL,NULL
3334,ANY120,NULL,NULL,NULL,0,7500,0.0796875,1,NULL,NULL,NULL
3334,AXIS,NULL,NULL,NULL,0,7500,0.019713262,1,NULL,NULL,NULL
3334,ALL_BUT_MORT,NULL,NULL,NULL,0,7500,0.031003584,1,NULL,NULL,NULL
3334,BRN_,NULL,NULL,NULL,0,7500,0.017204301,1,NULL,NULL,NULL
3334,CRAN,NULL,NULL,NULL,0,7500,0.008602151,1,NULL,NULL,NULL
3334,EDEM,NULL,NULL,NULL,0,7500,0.017204301,1,NULL,NULL,NULL
3334,LTRK,NULL,NULL,NULL,0,7500,0.019713262,1,NULL,NULL,NULL
3334,MO24,NULL,NULL,NULL,0,7500,0.040625,1,NULL,NULL,NULL
3334,MORT,NULL,NULL,NULL,0,7500,0.012662217,1,NULL,NULL,NULL
3334,MUSC,NULL,NULL,NULL,0,7500,0,1,NULL,NULL,NULL
3334,NC__,NULL,NULL,NULL,0,7500,0,1,NULL,NULL,NULL
3334,NC24,NULL,NULL,NULL,0,7500,0,1,NULL,NULL,NULL
3334,SKIN,NULL,NULL,NULL,0,7500,0,1,NULL,NULL,NULL
3334,SM24,NULL,NULL,NULL,0,7500,0,1,NULL,NULL,NULL
3334,TCHR,NULL,NULL,NULL,0,7500,0.008602151,1,NULL,NULL,NULL
3334,TOT_MORT,NULL,NULL,NULL,0,7500,0.052604167,1,NULL,NULL,NULL
101,ANY24,logistic,0.011,0.021,0,0.01,0.06796875,3,0,1,1
102,ANY24,probit,0.002,0.005,0,0.01,0.4825,3,0,0,0
102,DP24,probit,0.002,0.006,0,0.01,0.42409834,3,0,0,0
102,LTRK,probit,0.001,0.002,0,0.001,0.155936116,3,0,0,1
102,MORT,log_logistic,0.001,0.001,0,0.01,0.879193548,3,0,0,0
102,TOT_MORT,logistic,0,0.001,0,0.01,0.883125,3,0,-1,0
103,ANY120,log_logistic,0.002,0.002,0,0.01,0.7384375,3,0,0,0
103,AXIS,gamma,0.005,0.008,0,0.01,0.25,3,0,0,0
103,BRN_,logistic,0.002,0.003,0,0.01,0.655416667,3,0,0,0
103,CRAN,logistic,0.002,0.003,0,0.01,0.66875,3,0,0,0
103,DP24,logistic,0.01,0.014,0,0.01,0.03671875,3,0,0,1
103,EDEM,logistic,0.002,0.003,0,0.01,0.682083333,3,0,0,0
103,LTRK,log_logistic,0.002,0.005,0,0.01,0.396666667,3,2,0,0
103,TCHR,gamma,0.005,0.012,0,0.01,0.1125,3,0,0,1
792,MORT,gamma,0.15,3.862,0,10,0.514233151,3,0,0,0
792,TOT_MORT,quantal_linear,0.688,4.524,0,10,0.5471875,3,2,0,0
793,ANY120,log_logistic,0.966,1.302,0,10,0.88078125,3,2,0,0
793,MORT,logistic,0.833,2.088,0,10,0.608963374,3,0,0,0
793,NC__,logistic,0.898,1.232,0,2,0.303819444,3,0,0,0
793,TOT_MORT,logistic,0.7,1.759,0,10,0.65171875,3,0,0,0
794,ANY120,log_logistic,0.406,0.586,0,10,0.95015625,3,0,0,0
794,LTRK,quantal_linear,1.039,6.836,0,2,0.111413043,3,0,0,1
794,MORT,log_logistic,0.57,1.804,0,10,0.74878125,3,0,0,0
794,TOT_MORT,log_logistic,0.523,1.788,0,10,0.75328125,3,0,0,0
795,ANY120,logistic,0.553,1.33,0,10,0.72609375,3,0,0,0
795,MORT,logistic,0.723,1.497,0,10,0.68781082,3,0,0,0
795,TOT_MORT,logistic,0.666,1.399,0,10,0.7171875,3,0,0,0
796,ANY120,log_logistic,0.81,0.938,0,10,0.91203125,3,0,0,0
796,AXIS,log_logistic,0.642,0.993,0,2,0.457144181,3,0,0,0
796,MORT,log_logistic,1.213,2.751,0,10,0.529697917,3,0,0,0
796,NC__,logistic,0.893,0.948,0,2,0.521551724,3,0,0,0
796,TOT_MORT,log_probit,1.234,2.87,0,10,0.551875,3,0,0,0
1037,ANY120,log_logistic,0.003,0.005,0,0.01,0.53328125,3,0,0,0
1037,AXIS,quantal_linear,0.008,0.05,0,0.01,0.06374328,3,0,0,1
1037,ALL_BUT_MORT,log_probit,0.003,0.005,0,0.01,0.493715801,3,0,0,0
1037,CRAN,logistic,0.005,0.007,0,0.01,0.246778994,3,0,0,0
1037,DP24,quantal_linear,0.003,0.02,0,0.01,0.183537103,3,0,0,1
1037,EDEM,log_logistic,0.005,0.007,0,0.01,0.304237327,3,0,0,0
1037,LTRK,log_probit,0.003,0.008,0,0.01,0.25843894,3,0,0,0
1037,MUSC,logistic,0.009,0.015,0,0.01,0.057195661,3,0,0,1
1038,BRN_,quantal_linear,0.009,0.062,0,0.01,0.055670363,3,0,0,1
1515,ANY24,quantal_linear,0,0.003,0,0.01,0.6128125,3,0,-1,0
1515,ANY120,log_logistic,0,0,0,0.01,0.9578125,3,0,-1,-1
1515,ALL_BUT_MORT,logistic,0.001,0.003,0,0.01,0.567459319,3,0,0,0
1515,DP24,quantal_linear,0.001,0.004,0,0.01,0.552383888,3,0,0,0
1515,MO24,quantal_linear,0.002,0.013,0,0.01,0.2184375,3,0,0,1
1516,DP24,logistic,0.007,0.01,0,0.01,0.113222446,3,0,0,0
1516,MORT,gamma,0.002,0.003,0,0.01,0.642641129,3,0,0,0
1516,TOT_MORT,gamma,0.002,0.003,0,0.01,0.6475,3,2,0,0
1517,ANY120,log_logistic,0.002,0.003,0,0.01,0.70640625,3,0,0,0
1517,BRN_,logistic,0.002,0.003,0,0.01,0.619,3,0,0,0
1517,EDEM,logistic,0.002,0.003,0,0.01,0.619,3,0,0,0
1517,LTRK,log_logistic,0.002,0.005,0,0.01,0.42196875,3,0,0,0
1517,MUSC,logistic,0.006,0.009,0,0.01,0.1486875,3,0,0,0
1519,ANY24,gamma,0.001,0.002,0,0.01,0.8103125,3,0,0,0
1519,ANY120,log_logistic,0,0,0,0.01,0.9765625,3,0,-1,-1
1519,ALL_BUT_MORT,gamma,0,0,0,0.01,0.819583333,3,2,-1,-1
1519,DP24,gamma,0.001,0.002,0,0.01,0.788333333,3,0,0,0
1520,ANY24,probit,0.002,0.005,0,0.01,0.4359375,3,0,0,0
1520,DP24,gamma,0.003,0.005,0,0.01,0.412212572,3,0,0,0
1520,MORT,logistic,0.001,0.002,0,0.01,0.782365591,3,0,0,0
1520,TOT_MORT,gamma,0.001,0.002,0,0.01,0.7890625,3,0,0,0
1521,ANY24,logistic,0.004,0.007,0,0.01,0.26546875,3,0,0,0
1521,ANY120,gamma,0.001,0.002,0,0.01,0.77953125,3,0,0,0
1521,AXIS,logistic,0.003,0.005,0,0.005,0.14,3,0,0,0
1521,BRN_,logistic,0.002,0.003,0,0.005,0.306666667,3,0,0,0
1521,CRAN,logistic,0.002,0.003,0,0.005,0.356666667,3,0,0,0
1521,DP24,logistic,0.006,0.009,0,0.01,0.154390681,3,0,0,0
1521,EDEM,logistic,0.002,0.002,0,0.005,0.516666667,3,0,0,0
1521,MO24,quantal_linear,0.003,0.021,0,0.01,0.15453125,3,0,0,1
1521,TOT_MORT,log_logistic,0.005,0.005,0,0.01,0.3553125,3,0,0,0
3322,TOT_MORT,weibull,2553.957,491067092.4,0,7500,0.092708333,3,0,0,1
3324,ANY120,log_logistic,4178.266,5474.537,0,7500,0.351041667,3,0,0,0
3324,ALL_BUT_MORT,log_logistic,4350.358,5799.123,0,7500,0.250921959,3,0,0,0
3324,CRAN,log_logistic,4615.405,5994.904,0,7500,0.2164903,3,0,0,0
3324,DP24,quantal_linear,9611.674,63233.409,0,7500,0.04646427,3,0,1,1
3324,EDEM,log_logistic,4444.918,5889.845,0,7500,0.229823633,3,0,0,0
3324,MORT,quantal_linear,9581.313,63033.67,0,7500,0.036468616,3,0,1,1
3328,MORT,logistic,8123.498,10837.222,0,7500,0.021716102,3,0,1,1
101,LTRK,logistic,0.021,0.032,0,0.01,0.010233593,4,0,1,1
101,MO24,probit,0.011,0.027,0,0.01,0.05703125,4,0,1,1
101,TOT_MORT,logistic,0.015,0.031,0,0.01,0.065,4,0,1,1
102,ANY120,log_logistic,0,0,0,0.01,0.95171875,4,0,-1,-1
102,AXIS,logistic,0.001,0.001,0,0.001,0.370588235,4,0,0,0
102,ALL_BUT_MORT,gamma,0,0.003,0,0.01,0.487001566,4,2,-1,0
102,BRN_,logistic,0.001,0.001,0,0.001,0.45,4,0,0,0
102,CRAN,logistic,0.001,0.001,0,0.001,0.45,4,0,0,0
102,EDEM,logistic,0,0,0,0.001,0.451666667,4,0,-1,-1
102,MO24,quantal_linear,0.006,0.039,0,0.01,0.124375,4,0,0,1
102,MUSC,logistic,0.001,0.001,0,0.001,0.158823529,4,0,0,0
102,TCHR,logistic,0.001,0.001,0,0.001,0.079411765,4,0,0,0
103,ANY24,logistic,0.009,0.016,0,0.01,0.06359375,4,0,0,1
103,ALL_BUT_MORT,log_logistic,0,0.004,0,0.01,0.550364583,4,2,-1,0
103,MORT,log_probit,0.006,0.008,0,0.01,0.209895833,4,0,0,0
103,MUSC,gamma,0.003,0.007,0,0.01,0.2725,4,2,0,0
103,TOT_MORT,log_logistic,0.006,0.009,0,0.01,0.226875,4,0,0,0
792,ANY120,log_logistic,0.048,0.901,0,10,0.78921875,4,2,-1,0
792,AXIS,log_logistic,0.152,7.764,0,10,0.415117521,4,2,0,0
792,ALL_BUT_MORT,weibull,0,561671.44,0,10,0.376950605,4,2,-1,1
792,NC__,log_logistic,0.18,4.443,0,10,0.447836538,4,2,0,0
792,NC24,log_logistic,0.405,2177.579,0,10,0.2390625,4,2,0,1
793,ANY24,weibull,0.001,480586573.1,0,10,0.225,4,2,-1,1
793,AXIS,logistic,0.928,1.426,0,2,0.244742063,4,0,0,0
793,ALL_BUT_MORT,weibull,0,752114.628,0,10,0.373293011,4,2,-1,1
793,DP24,log_probit,0.835,349032538.8,0,10,0.126900202,4,2,0,1
793,EDEM,weibull,inf,inf,0,2,0.048214286,4,0,1,1
793,LTRK,logistic,1.697,2.467,0,2,0.05625,4,0,0,1
793,MO24,log_logistic,127.006,1933591.48,0,10,0.07171875,4,2,1,1
793,NC24,logistic,206547.483,355537.007,0,10,0.05,4,2,1,1
794,AXIS,log_logistic,0.521,0.806,0,2,0.538315217,4,2,0,0
794,ALL_BUT_MORT,weibull,0,198931.835,0,10,0.444930444,4,2,-1,1
794,NC__,logistic,0.574,0.703,0,2,0.618478261,4,0,0,0
794,NC24,log_logistic,0.004,319.513,0,10,0.311897177,4,2,-1,1
795,ANY24,weibull,28.048,16737717685,0,10,0.119375,4,2,1,1
795,DP24,log_logistic,515.073,261658607.8,0,10,0.05609375,4,2,1,1
796,ANY24,quantal_linear,251.48,1654.441,0,10,0.17515625,4,2,1,1
796,ALL_BUT_MORT,log_probit,0.005,31.059,0,10,0.452293683,4,2,-1,1
796,DP24,log_logistic,10.679,1336.349,0,10,0.0746875,4,0,1,1
796,LTRK,logistic,1.152,1.521,0,2,0.228243021,4,0,0,0
796,NC24,log_logistic,30.77,89616.51,0,10,0.09234375,4,2,1,1
1036,ANY24,quantal_linear,0.009,0.058,0,0.01,0.1590625,4,0,0,1
1036,ANY120,quantal_linear,0.016,0.104,0,0.01,0.1684375,4,0,1,1
1036,AXIS,quantal_linear,0.011,0.075,0,0.01,0.058333333,4,0,1,1
1036,ALL_BUT_MORT,quantal_linear,0.016,0.107,0,0.01,0.120115754,4,0,1,1
1036,BRN_,quantal_linear,0.02,0.13,0,0.01,0.061458333,4,2,1,1
1036,CRAN,quantal_linear,0.02,0.13,0,0.01,0.061458333,4,2,1,1
1036,DP24,quantal_linear,0.009,0.06,0,0.01,0.110324087,4,0,0,1
1036,EDEM,weibull,3019.28,4.15E+25,0,0.01,0.072492816,4,0,1,1
1036,LTRK,quantal_linear,0.008,0.053,0,0.01,0.069367816,4,0,0,1
1036,MO24,quantal_linear,1.671,10.996,0,0.01,0.05515625,4,0,1,1
1036,MORT,quantal_linear,0.03,0.195,0,0.01,0.014731183,4,0,1,1
1036,MUSC,quantal_linear,0.058,0.383,0,0.01,0.0125,4,0,1,1
1036,NC__,quantal_linear,0.058,0.383,0,0.01,0.0125,4,0,1,1
1036,TCHR,quantal_linear,0.028,0.185,0,0.01,0.048958333,4,2,1,1
1036,TOT_MORT,probit,0.026,0.075,0,0.01,0.06921875,4,0,1,1
1037,ANY24,quantal_linear,0.003,0.019,0,0.01,0.24875,4,0,0,1
1037,BRN_,log_probit,0.005,0.007,0,0.01,0.263778994,4,0,0,0
1037,MORT,quantal_linear,0.021,0.139,0,0.01,0.052606582,4,0,1,1
1037,TCHR,logistic,0.01,0.011,0,0.01,0.008333333,4,0,0,1
1038,ANY24,log_probit,0.008,0.01,0,0.01,0.20203125,4,0,0,0
1038,ANY120,log_probit,0.008,0.01,0,0.01,0.21765625,4,0,0,0
1038,AXIS,logistic,0.011,0.017,0,0.01,0.035589544,4,0,1,1
1038,ALL_BUT_MORT,logistic,0.005,0.01,0,0.01,0.145837702,4,0,0,0
1038,CRAN,quantal_linear,0.008,0.052,0,0.01,0.054541157,4,0,0,1
1038,DP24,logistic,0.006,0.013,0,0.01,0.120837702,4,0,0,1
1038,EDEM,logistic,0.007,0.011,0,0.01,0.092041157,4,0,0,1
1038,LTRK,logistic,0.01,0.015,0,0.01,0.031451613,4,0,0,1
1038,MO24,log_probit,0.009,0.01,0,0.01,0.110625,4,0,0,0
1038,TCHR,logistic,0.01,0.011,0,0.01,0.0125,4,0,0,1
1514,ANY24,quantal_linear,0.072,0.471,0,0.01,0.06234375,4,0,1,1
1514,DP24,logistic,0.029,0.048,0,0.01,0.016129032,4,0,1,1
1514,MO24,logistic,129928.578,263109.284,0,0.01,0.04671875,4,0,1,1
1515,MORT,log_logistic,0.001,0.001,0,0.01,0.942585859,4,0,0,0
1515,TOT_MORT,log_logistic,0.001,0.001,0,0.01,0.943125,4,0,0,0
1516,ANY24,log_logistic,0.007,0.011,0,0.01,0.1459375,4,2,0,1
1516,ANY120,log_logistic,0.001,0.001,0,0.01,0.836875,4,0,0,0
1516,AXIS,logistic,0.002,0.003,0,0.0025,0.071428571,4,0,0,1
1516,ALL_BUT_MORT,log_logistic,0,0.014,0,0.01,0.306831317,4,2,-1,1
1516,BRN_,logistic,0.001,0.001,0,0.0025,0.33,4,0,0,0
1516,CRAN,logistic,0.001,0.001,0,0.0025,0.315,4,0,0,0
1516,EDEM,logistic,0.001,0.001,0,0.0025,0.33,4,0,0,0
1516,LTRK,logistic,0.002,0.002,0,0.0025,0.128571429,4,0,0,0
1516,MO24,log_logistic,0.01,0.011,0,0.01,0.0459375,4,2,0,1
1516,MUSC,logistic,0.002,0.003,0,0.0025,0.085714286,4,0,0,1
1517,ANY24,log_probit,0.009,0.011,0,0.01,0.140625,4,2,0,1
1517,AXIS,logistic,0.007,0.009,0,0.01,0.12734375,4,0,0,0
1517,ALL_BUT_MORT,log_logistic,0.001,0.003,0,0.01,0.615820043,4,2,0,0
1517,CRAN,log_logistic,0.003,0.004,0,0.01,0.61196875,4,0,0,0
1517,DP24,logistic,0.006,0.011,0,0.01,0.113023707,4,2,0,1
1517,MORT,log_logistic,0.009,0.01,0,0.01,0.113793103,4,0,0,0
1517,TCHR,logistic,0.013,0.021,0,0.01,0.0275,4,0,1,1
1517,TOT_MORT,log_probit,0.009,0.01,0,0.01,0.13875,4,2,0,0
1518,TCHR,logistic,0.01,0.011,0,0.01,0.008064516,4,0,0,1
1519,MO24,logistic,0.003,0.007,0,0.01,0.2653125,4,0,0,0
1519,MORT,log_logistic,0,0,0,0.01,0.945,4,0,-1,-1
1519,TOT_MORT,log_logistic,0,0,0,0.01,0.9453125,4,0,-1,-1
1520,ANY120,log_logistic,0,0,0,0.01,0.946875,4,0,-1,-1
1520,AXIS,logistic,0.001,0.001,0,0.001,0.135,4,0,0,0
1520,ALL_BUT_MORT,log_probit,0,0.001,0,0.01,0.569904105,4,2,-1,0
1520,BRN_,logistic,0.001,0.001,0,0.001,0.3,4,0,0,0
1520,CRAN,logistic,0.001,0.001,0,0.001,0.45,4,0,0,0
1520,EDEM,logistic,0,0,0,0.001,0.465625,4,0,-1,-1
1520,LTRK,logistic,0.001,0.001,0,0.001,0.09,4,0,0,0
1520,MO24,logistic,0.008,0.014,0,0.01,0.075,4,0,0,1
1520,MUSC,logistic,0.001,0.001,0,0.001,0.03,4,0,0,0
1520,TCHR,logistic,0.001,0.001,0,0.001,0.045,4,0,0,0
1521,ALL_BUT_MORT,log_logistic,0,0.003,0,0.01,0.613835125,4,2,-1,0
1521,LTRK,logistic,0.004,0.005,0,0.005,0.113333333,4,0,0,0
1521,MORT,log_logistic,0.005,0.006,0,0.01,0.283417899,4,0,0,0
2677,MORT,log_logistic,28.533,7.57072E+11,0,100000,0.435458323,4,2,0,1
2677,TCHR,logistic,327009.844,484517.246,0,100000,0.016666336,4,0,1,1
2677,TOT_MORT,log_logistic,13.709,1.36043E+12,0,100000,0.437474252,4,2,0,1
2678,ALL_BUT_MORT,log_logistic,0,8.03E+53,0,100000,0.350077964,4,2,-1,1
2678,LTRK,log_logistic,0,1.24E+53,0,100000,0.400078081,4,2,-1,1
2678,MORT,log_logistic,85545035.05,3.30E+36,0,100000,0.166684483,4,2,1,1
2678,SKIN,log_logistic,125923068.7,1.07E+22,0,100000,0.125026484,4,2,1,1
2678,TOT_MORT,log_logistic,3192613.993,2.64E+56,0,100000,0.187525066,4,2,1,1
2679,ANY120,log_logistic,0,5.46568E+12,0,100000,0.500133575,4,2,-1,1
2679,AXIS,log_logistic,151.273,1.82148E+13,0,100000,0.403187035,4,2,0,1
2679,ALL_BUT_MORT,weibull,0,1.70E+21,0,100000,0.484510126,4,2,-1,1
2679,BRN_,log_logistic,88.39,3.34865E+12,0,100000,0.419314761,4,2,0,1
2679,CRAN,log_logistic,11.365,2.86047E+11,0,100000,0.467713742,4,2,0,1
2679,EDEM,log_logistic,2.602,1.0054E+11,0,100000,0.499976632,4,2,0,1
2679,LTRK,log_logistic,0.001,20116676665,0,100000,0.500115059,4,2,0,1
2679,MORT,log_logistic,4.18E+46,1.75E+94,0,100000,0.0156328,4,0,1,1
2679,SKIN,log_logistic,6.641,6.70021E+15,0,100000,0.177556762,4,2,0,1
2679,TCHR,log_logistic,115967097.3,1.24E+19,0,100000,0.129027097,4,2,1,1
2679,TOT_MORT,log_logistic,7.13E+68,1.22E+154,0,100000,0.015632812,4,0,1,1
2680,BRN_,log_logistic,92696672813,1.63E+33,0,100000,0.150003551,4,2,1,1
2680,CRAN,log_logistic,228674.914,1.35E+22,0,100000,0.274998793,4,2,1,1
2680,EDEM,log_logistic,2155958.634,3.49E+26,0,100000,0.274991051,4,2,1,1
2680,LTRK,log_logistic,5456273.062,2.04E+30,0,100000,0.225011538,4,2,1,1
2680,MORT,log_logistic,1967567.017,4.25E+24,0,100000,0.187489482,4,2,1,1
2680,NC24,logistic,334557.634,492318.879,0,100000,0.015623498,4,0,1,1
2680,SKIN,log_logistic,2.50753E+15,1.99E+26,0,100000,0.049995,4,2,1,1
2680,TCHR,log_logistic,2.50753E+15,1.99E+26,0,100000,0.049995,4,2,1,1
2680,TOT_MORT,log_logistic,1967567.017,4.25E+24,0,100000,0.187489482,4,2,1,1
2681,ANY24,weibull,inf,inf,0,100000,0.03126645,4,0,1,1
2681,DP24,logistic,332974.957,490684.603,0,100000,9.34E-06,4,0,1,1
2681,MO24,log_logistic,9.15E+40,6.98E+93,0,100000,0.031257447,4,0,1,1
2681,NC__,log_logistic,3.50E+46,1.53E+74,0,100000,1.60E-06,4,0,1,1
2681,SKIN,log_logistic,1.12E+19,1.01E+30,0,100000,0.019228846,4,0,1,1
2682,DP24,log_logistic,2382146742,8.84E+28,0,100000,0.155164964,4,2,1,1
2682,MORT,log_logistic,2587619.89,2.23E+27,0,100000,0.224123359,4,2,1,1
2682,NC__,logistic,396671.882,555918.195,0,100000,8.00E-06,4,0,1,1
2682,NC24,log_logistic,1.36E+26,3.39E+53,0,100000,0.05171899,4,2,1,1
2695,ANY24,log_logistic,6.91019E+11,7.15E+54,0,100000,0.117187357,4,2,1,1
2695,ANY120,log_logistic,0,1.11376E+12,0,100000,0.523565974,4,2,-1,1
2695,ALL_BUT_MORT,log_logistic,0,2.03E+38,0,100000,0.181635878,4,2,-1,1
2695,CRAN,log_logistic,0,0,0,100000,0.089292979,4,2,-1,-1
2695,DP24,log_logistic,3.60E+25,6.16E+61,0,100000,0.058839648,4,2,1,1
2695,EDEM,weibull,inf,inf,0,100000,0.035718455,4,0,1,1
2695,LTRK,weibull,5.08758E+14,6.44E+102,0,100000,0.312501283,4,2,1,1
2695,MO24,log_logistic,5.42002E+15,1.88E+34,0,100000,0.050771638,4,2,1,1
2695,MORT,log_logistic,0.234,5.52E+18,0,100000,0.389826512,4,2,0,1
2695,NC24,log_logistic,7.68E+251,inf,0,100000,0.050385294,4,2,1,1
2695,SM24,log_logistic,8.22E+47,1.94E+88,0,100000,0.016951988,4,0,1,1
2695,TOT_MORT,log_logistic,0.012,1.01E+17,0,100000,0.41014567,4,2,0,1
2696,ANY24,log_logistic,3.61E+31,9.62E+182,0,100000,0.140637141,4,2,1,1
2696,ANY120,log_logistic,0,3.3331E+14,0,100000,0.500105329,4,2,-1,1
2696,AXIS,weibull,inf,inf,0,100000,0.249999498,4,2,1,1
2696,ALL_BUT_MORT,weibull,0,1.61E+29,0,100000,0.303651936,4,2,-1,1
2696,BRN_,weibull,inf,inf,0,100000,0.333334098,4,2,1,1
2696,CRAN,weibull,124923.115,3.10E+84,0,100000,0.458340798,4,2,1,1
2696,DP24,log_logistic,1.61E+27,8.37E+58,0,100000,0.053566406,4,2,1,1
2696,EDEM,log_logistic,26.131,6.39E+27,0,100000,0.500012898,4,2,0,1
2696,LTRK,weibull,0.026,5.89E+36,0,100000,0.458400109,4,2,0,1
2696,MORT,log_logistic,1212.335,5.82E+18,0,100000,0.285729224,4,2,0,1
2696,NC24,log_logistic,8.43E+21,6.00E+49,0,100000,0.053574406,4,2,1,1
2696,SKIN,log_logistic,90512820368,2.93E+29,0,100000,0.041731427,4,2,1,1
2696,SM24,log_logistic,1.55E+19,1.70E+30,0,100000,0.017855357,4,0,1,1
2696,TCHR,log_logistic,inf,inf,0,100000,0.041672125,4,2,1,1
2696,TOT_MORT,log_logistic,0.041,2.60E+29,0,100000,0.312527929,4,2,0,1
2697,ANY120,log_logistic,0,7.21E+21,0,100000,0.468802864,4,2,-1,1
2697,AXIS,log_logistic,1.12E+19,3.79E+39,0,100000,0.083333382,4,2,1,1
2697,ALL_BUT_MORT,weibull,inf,inf,0,100000,0.177490731,4,2,1,1
2697,BRN_,log_logistic,3.44278E+13,7.08E+27,0,100000,0.166650062,4,2,1,1
2697,CRAN,log_logistic,5.28E+16,2.67E+38,0,100000,0.166658062,4,2,1,1
2697,EDEM,log_logistic,91134273.68,3.45E+20,0,100000,0.333308062,4,2,1,1
2697,LTRK,log_logistic,685983.226,2.10E+19,0,100000,0.333341562,4,2,1,1
2697,NC24,log_logistic,2.82E+26,2.09E+68,0,100000,0.016153909,4,2,1,1
2697,SKIN,log_logistic,6.15021E+12,1.49E+29,0,100000,0.083357062,4,2,1,1
2697,TCHR,logistic,328694.962,486260.766,0,100000,0.041662562,4,2,1,1
2698,ANY24,log_logistic,9.57E+182,inf,0,100000,0.062516747,4,2,1,1
2698,CRAN,log_logistic,10817401.76,2.70E+25,0,100000,0.333318174,4,2,1,1
2698,EDEM,log_logistic,12752107.46,2.00E+31,0,100000,0.366648176,4,2,1,1
2698,MO24,log_logistic,1.53E+59,1.77E+173,0,100000,0.062516684,4,2,1,1
2698,MORT,log_logistic,98913.844,2.00E+17,0,100000,0.232136814,4,2,0,1
2698,MUSC,log_logistic,1.43E+25,6.26E+86,0,100000,0.13334125,4,2,1,1
2698,TOT_MORT,log_logistic,205.42,1.47E+22,0,100000,0.265636972,4,2,0,1
2699,CRAN,log_logistic,3132651.083,7.36E+26,0,100000,0.259989546,4,2,1,1
2699,SKIN,log_logistic,1.39E+19,1.48E+30,0,100000,0.019998,4,0,1,1
2700,DP24,log_logistic,1.2698E+14,1.12E+30,0,100000,0.064517191,4,2,1,1
2700,MORT,log_logistic,24672.808,1.99E+19,0,100000,0.25805402,4,2,0,1
2700,SM24,logistic,400404.375,559713.389,0,100000,0.016127419,4,0,1,1
3322,ANY24,weibull,inf,inf,0,7500,0.085416667,4,0,1,1
3322,ANY120,logistic,29477.974,75236.817,0,7500,0.139583333,4,0,1,1
3322,MO24,weibull,2718467.822,2.06E+24,0,7500,0.069270833,4,0,1,1
3322,MORT,logistic,10958.12,17507.906,0,7500,0.025141243,4,0,1,1
3324,ANY24,quantal_linear,7988.208,52552.928,0,7500,0.172395833,4,2,1,1
3324,AXIS,gamma,5542.678,8240.492,0,7500,0.096243386,4,0,0,1
3324,BRN_,gamma,5005.775,6897.784,0,7500,0.152786596,4,0,0,0
3324,LTRK,gamma,4741.014,6684.073,0,7500,0.172292769,4,0,0,0
3324,MUSC,probit,15393.321,35492.179,0,7500,0.035220459,4,0,1,1
3324,NC__,logistic,25700.363,37185.025,0,7500,0.013333333,4,0,1,1
3324,NC24,logistic,28179.921,40791.806,0,7500,0.012820513,4,0,1,1
3324,TOT_MORT,quantal_linear,7983.125,52519.49,0,7500,0.154166667,4,0,1,1
3325,AXIS,logistic,63354.381,109105.305,0,7500,0.022897741,4,2,1,1
3328,AXIS,log_probit,7426.057,8374.583,0,7500,0.026767677,4,0,0,1
3328,ALL_BUT_MORT,logistic,6313.819,9338.592,0,7500,0.047045669,4,0,0,1
3328,BRN_,logistic,7862.083,8187.321,0,7500,0.003030303,4,0,1,1
3328,CRAN,logistic,7862.083,8187.321,0,7500,0.003030303,4,0,1,1
3328,DP24,logistic,12227.459,17086.289,0,7500,0.013241525,4,0,1,1
3328,EDEM,logistic,7862.083,8187.321,0,7500,0.003030303,4,0,1,1
3328,LTRK,logistic,7717.145,8040.763,0,7500,0.006060606,4,0,1,1
3328,NC24,logistic,7732.437,8056.978,0,7500,0.005649718,4,0,1,1
3328,TCHR,logistic,7717.145,8040.763,0,7500,0.006060606,4,0,1,1
3329,ANY24,logistic,13143.119,23999.714,0,7500,0.035416667,4,0,1,1
3329,BRN_,logistic,7737.321,8063.758,0,7500,0.005555556,4,0,1,1
3329,CRAN,logistic,7737.321,8063.758,0,7500,0.005555556,4,0,1,1
3329,DP24,logistic,7887.78,8216.755,0,7500,0.00273224,4,0,1,1
3329,LTRK,logistic,12282.944,19207.799,0,7500,0.010555556,4,0,1,1
3329,MORT,logistic,7887.78,8216.755,0,7500,0.00273224,4,0,1,1
3329,TCHR,logistic,7737.321,8063.758,0,7500,0.005555556,4,0,1,1
3329,TOT_MORT,logistic,13143.119,23999.714,0,7500,0.035416667,4,0,1,1
3330,ANY24,logistic,9909.109,16378.666,0,7500,0.033333333,4,0,1,1
3330,ANY120,logistic,24946.443,54812.09,0,7500,0.089583333,4,0,1,1
3330,AXIS,logistic,208987.453,358282.591,0,7500,0.028315412,4,2,1,1
3330,ALL_BUT_MORT,weibull,inf,inf,0,7500,0.046829463,4,0,1,1
3330,BRN_,logistic,146742.04,262411.345,0,7500,0.027821846,4,0,1,1
3330,CRAN,logistic,32737.652,54195.592,0,7500,0.019219696,4,0,1,1
3330,DP24,logistic,7887.865,8216.913,0,7500,0.00273224,4,0,1,1
3330,EDEM,logistic,32737.652,54195.592,0,7500,0.019219696,4,0,1,1
3330,LTRK,weibull,inf,inf,0,7500,0.047535108,4,0,1,1
3330,MO24,logistic,11911.687,19938.824,0,7500,0.030729167,4,0,1,1
3330,MUSC,logistic,27784.517,39943.436,0,7500,0.011111111,4,0,1,1
3330,TCHR,logistic,32737.652,54195.592,0,7500,0.019219696,4,0,1,1
3330,TOT_MORT,logistic,21669.398,41608.338,0,7500,0.044270833,4,0,1,1
3331,EDEM,logistic,7886.091,8213.634,0,7500,0.00273224,4,0,1,1
3332,ALL_BUT_MORT,logistic,12607.17,19747.443,0,7500,0.010286738,4,0,1,1
3332,CRAN,logistic,7740.689,8066.989,0,7500,0.005464481,4,0,1,1
3332,EDEM,logistic,7740.689,8066.989,0,7500,0.005464481,4,0,1,1
3332,MORT,logistic,23102.022,35311.027,0,7500,0.011021505,4,0,1,1
3334,DP24,logistic,7890.749,8219.38,0,7500,0.002688172,4,0,1,1